
/*2. Create 2 Tablespaces a.first one with 2 Gb and 1 datafile, tablespace should be named " avianca "*/
create tablespace Avianca
datafile 'avianca1.dbf' size 2G;


/*b.Undo tablespace with 25Mb of space and 1 datafile and 3. */ 
create undo tablespace undoavianca1
datafile 'undoavianc.dbf'
size 25M autoextend on;

/*3. Set the undo tablespace to be used in the system*/
alter system set undo_tablespace = undoavianca1;
/*4. Create a DBA user (with the role DBA) and assign it to the tablespace called " avianca ", this user has
unlimited space on the tablespace (The user should have permission to connect)*/
create user avianca
identified by avianca
default tablespace Avianca
quota UNLIMITED on Avianca;

grant DBA, connect to AVIANCA







/*5. Create 2 profiles. (0.125)
a. Profile 1: "clerk" password life 40 days, one session per user, 10 minutes idle, 4 failed login
attempts*/
SELECT * FROM DBA_PROFILES;

CREATE PROFILE CLERK LIMIT
PASSWORD_LIFE_TIME              40
SESSIONS_PER_USER               1
IDLE_TIME                       10
FAILED_LOGIN_ATTEMPTS           4;

/*b. Profile 3: "development " password life 100 days, two session per user, 30 minutes idle, no
failed login attempts*/

CREATE PROFILE DEVELOPMENT LIMIT
PASSWORD_LIFE_TIME              100
SESSIONS_PER_USER               2
IDLE_TIME                       30
FAILED_LOGIN_ATTEMPTS           UNLIMITED;

/*6. Create 4 users, assign them the tablespace " avianca "; 2 of them should have the clerk profile and the
remaining the development profile, all the users should be allow to connect to the database. (0.125)*/

CREATE USER USER1
IDENTIFIED BY user1
DEFAULT tablespace avianca
PROFILE CLERK;

CREATE USER USER2
IDENTIFIED BY user2
DEFAULT tablespace avianca
PROFILE CLERK;

CREATE USER USER3
IDENTIFIED BY user3
DEFAULT tablespace avianca
PROFILE DEVELOPMENT;

CREATE USER USER4
IDENTIFIED BY user4
DEFAULT tablespace avianca
PROFILE DEVELOPMENT;

/* 7.Lock one user associate with clerk profile (0.125)*/

ALTER USER USER1 ACCOUNT LOCK;
ALTER USER USER2 ACCOUNT LOCK;

/*8. Create tables with its columns according to your normalization (0.125) .
i. If you are using Oracle 11g: Create sequences for every primary key.
ii. If you are using Oracle 12c: Use identity columns.
b. Create primary and foreign keys.*/
create table Tripulaciones
(
    id_empleados integer not null primary key,
    id_azafatas integer,
    nombres varchar2(255),
    apellidos varchar2(255),
    fecha_de_nacimiento date,
    antiguedad varchar(100),
    fecha_ultimo_entrenamiento_recibido date,
    correo varchar2(255),
    celular varchar2(255),
    horas_descanso_ultimo_vuelo integer,
    estado varchar(255) not null check(estado in ('en vuelo','activo','inactivo','jubilado','suspendido','despedido','entrenamiento','licencia','vacaciones')),
    ubicacion_actual varchar(255)
);


create table Pilotos
(
    id_piloto integer not null primary key,
    nivel_ingles varchar(255) not null check(nivel_ingles in ('1_pre-elementary','2_elementary','3_pre-operational','4_operational','5_extended','6_expert')),
    cantidad_horas_vuelo integer,
    tipo_licencia varchar(255) not null check(tipo_licencia in ('CPL','IFR','ME','ATPL')),
    cargo varchar(255) not null check(cargo in ('comandante','primer oficial')),
    id_empleado integer  
);
 
create table Aeropuertos
(
    id_aeropuerto integer not null primary key,
    nombre varchar2(255),
    ciudad varchar2(255),
    pais varchar2(255),
    longitud varchar2(255),
    latitud varchar2(255),
    abreviatura_aeropuerto varchar2(255)
);
  
create table Rutas
(
    id_ruta integer not null primary key,
    id_aeropuerto_origen integer not null,
    id_aeropuerto_destino integer not null,
    distancia_kilometro integer,
    numero_vuelo integer,
    frecuencia_semanal integer,
    aeronave_requerida varchar2(45),
        cantidad_promedio integer,
    tripulante_requerido integer
);

create table logs_vuelo
(
    id_log_vuelo integer not null primary key,
    log_timestamp varchar(255),
    horaUTC varchar(255),
    callsign varchar(255),
    position varchar2(255),
    altitud varchar(255),
    velocidad varchar(255),
    direccion varchar(255),
    id_vuelo integer not null  
);
 
 

create table Vuelos
(
    id_vuelo integer not null primary key,
    id_piloto integer not null,
    id_copiloto integer not null,
    id_auxiliares integer not null,
    duracion_real integer,
    aeronave_asignada varchar(255),
    cantidad_pasajeros integer,
    id_avion integer not null
);
 
create table checkin
(
    id_checkin integer not null primary key,
    numero_vuelo integer not null,
    tipo_de_identificacion varchar(255)not null check(tipo_de_identificacion in('Cédula','Pasaporte','DNI','Cédula Extranjería')),
    numero_confirmacion_checkin varchar2(255)not null,
    contacto_emergencia varchar2(255),
    ciudad_emergencia varchar2(255),
    correo_emergencia varchar2(255),
    numero_telefono_emergencia integer
);


create table itinerarios
(
    id_itinerario integer not null primary key,
    id_ruta integer not null,
    id_vuelo integer not null,
    id_avion integer not null,
    hora_estimada_salida varchar(255),
    hora_estimada_llegada varchar(255),
    hora_real_salida varchar(255),
    hora_real_llegada varchar(255),
    pais varchar2(255),
    id_aeropuerto integer not null
);

create table aviones 
(
    id_avion integer not null primary key,
    registration varchar(50),
    serial_number varchar(45),
    age varchar(255),
    aircraft_type varchar(255),
    bussiness_seats integer,
    economy_seats integer
);

 

ALTER TABLE Pilotos
ADD CONSTRAINT FK_Pilotos_Tripulacion
  FOREIGN KEY (id_empleado)
  REFERENCES Tripulaciones(id_empleados);
  
  ALTER TABLE Rutas
ADD CONSTRAINT FK_ruta_id_aeropuerto_origen
  FOREIGN KEY (id_aeropuerto_origen)
  REFERENCES Aeropuertos(id_aeropuerto);
  
  ALTER TABLE Rutas
ADD CONSTRAINT FK_ruta_id_aeropuerto_destino
  FOREIGN KEY (id_aeropuerto_destino)
  REFERENCES Aeropuertos(id_aeropuerto);
  
ALTER TABLE logs_vuelo
ADD CONSTRAINT FK_log_vuelo_id_vuelo
  FOREIGN KEY (id_vuelo)
  REFERENCES Vuelos(id_vuelo);

ALTER TABLE Vuelos
ADD CONSTRAINT FK_vuelo_id_piloto
  FOREIGN KEY (id_piloto)
  REFERENCES Pilotos(id_piloto);
  
  ALTER TABLE Vuelos
ADD CONSTRAINT FK_vuelo_id_copiloto
  FOREIGN KEY (id_copiloto)
  REFERENCES Pilotos(id_piloto);
  

  
  ALTER TABLE Vuelos
ADD CONSTRAINT FK_vuelo_id_avion
  FOREIGN KEY (id_avion)
  REFERENCES aviones(id_avion);
  
    ALTER TABLE checkin
ADD CONSTRAINT FK_checkin_id_vuelo
  FOREIGN KEY (numero_vuelo)
  REFERENCES Vuelos(id_vuelo);
  
  
  ALTER TABLE itinerarios
ADD CONSTRAINT FK_itinerarios_id_ruta
  FOREIGN KEY (id_ruta)
  REFERENCES Rutas(id_ruta);
  
  ALTER TABLE itinerarios
ADD CONSTRAINT FK_programacion_id_vuelo
  FOREIGN KEY (id_vuelo)
  REFERENCES Vuelos(id_vuelo);
  
   ALTER TABLE itinerarios
ADD CONSTRAINT FK_programacion_id_avion
  FOREIGN KEY (id_avion)
  REFERENCES aviones(id_avion);
  
  ALTER TABLE itinerarios
ADD CONSTRAINT FK_programacion_id_aeropuerto
  FOREIGN KEY (id_aeropuerto)
  REFERENCES Aeropuertos(id_aeropuerto);
 
  create sequence inc_id increment by 1  start with 1
nocycle
nocache
order;

drop sequence inc_id2 cascade
create sequence inc_id2 increment by 1 start with 100
nocycle
nocache
order;

create sequence inc_id3 increment by 1 start with 200
nocycle
nocache
order;



--insertar logs_vuelo

--Fila 1
INSERT INTO LOGS_VUELO (ID_LOG_VUELO, LOG_TIMESTAMP, HORAUTC, CALLSIGN, POSITION, ALTITUD, VELOCIDAD, DIRECCION, ID_VUELO) VALUES (inc_id.NextVal,'1520741793','2018-03-11T04:16:33Z','AVA120','4.700993,-74.141899','0','2','258',414);
--Fila 2
INSERT INTO LOGS_VUELO (ID_LOG_VUELO, LOG_TIMESTAMP, HORAUTC, CALLSIGN, POSITION, ALTITUD, VELOCIDAD, DIRECCION, ID_VUELO) VALUES (inc_id.NextVal,'1520741838','2018-03-11T04:17:18Z','AVA120','4.701089,-74.141624','0','2','295',407);
--Fila 3
INSERT INTO LOGS_VUELO (ID_LOG_VUELO, LOG_TIMESTAMP, HORAUTC, CALLSIGN, POSITION, ALTITUD, VELOCIDAD, DIRECCION, ID_VUELO) VALUES (inc_id.NextVal,'1520741917','2018-03-11T04:18:37Z','AVA120','4.701055,-74.141487','0','2','300',438);
--Fila 4
INSERT INTO LOGS_VUELO (ID_LOG_VUELO, LOG_TIMESTAMP, HORAUTC, CALLSIGN, POSITION, ALTITUD, VELOCIDAD, DIRECCION, ID_VUELO) VALUES (inc_id.NextVal,'1520741969','2018-03-11T04:19:29Z','AVA120','4.701279,-74.141716','0','2','315',488);
--Fila 5
INSERT INTO LOGS_VUELO (ID_LOG_VUELO, LOG_TIMESTAMP, HORAUTC, CALLSIGN, POSITION, ALTITUD, VELOCIDAD, DIRECCION, ID_VUELO) VALUES (inc_id.NextVal,'1520742193','2018-03-11T04:23:13Z','AVA120','4.701636,-74.142181','0','18','317',439);
--Fila 6
INSERT INTO LOGS_VUELO (ID_LOG_VUELO, LOG_TIMESTAMP, HORAUTC, CALLSIGN, POSITION, ALTITUD, VELOCIDAD, DIRECCION, ID_VUELO) VALUES (inc_id.NextVal,'1520742284','2018-03-11T04:24:44Z','AVA120','4.704071,-74.14325','0','21','25',443);
--Fila 7
INSERT INTO LOGS_VUELO (ID_LOG_VUELO, LOG_TIMESTAMP, HORAUTC, CALLSIGN, POSITION, ALTITUD, VELOCIDAD, DIRECCION, ID_VUELO) VALUES (inc_id.NextVal,'1520742291','2018-03-11T04:24:51Z','AVA120','4.70438,-74.143402','0','21','331',413);
--Fila 8
INSERT INTO LOGS_VUELO (ID_LOG_VUELO, LOG_TIMESTAMP, HORAUTC, CALLSIGN, POSITION, ALTITUD, VELOCIDAD, DIRECCION, ID_VUELO) VALUES (inc_id.NextVal,'1520742299','2018-03-11T04:24:59Z','AVA120','4.704581,-74.1437','0','22','312',490);
--Fila 9
INSERT INTO LOGS_VUELO (ID_LOG_VUELO, LOG_TIMESTAMP, HORAUTC, CALLSIGN, POSITION, ALTITUD, VELOCIDAD, DIRECCION, ID_VUELO) VALUES (inc_id.NextVal,'1520742311','2018-03-11T04:25:11Z','AVA120','4.704872,-74.144112','0','23','312',450);
--Fila 10
INSERT INTO LOGS_VUELO (ID_LOG_VUELO, LOG_TIMESTAMP, HORAUTC, CALLSIGN, POSITION, ALTITUD, VELOCIDAD, DIRECCION, ID_VUELO) VALUES (inc_id.NextVal,'1520742317','2018-03-11T04:25:17Z','AVA120','4.705032,-74.144318','0','24','312',424);
--Fila 11
INSERT INTO LOGS_VUELO (ID_LOG_VUELO, LOG_TIMESTAMP, HORAUTC, CALLSIGN, POSITION, ALTITUD, VELOCIDAD, DIRECCION, ID_VUELO) VALUES (inc_id.NextVal,'1520742324','2018-03-11T04:25:24Z','AVA120','4.705204,-74.144539','0','25','312',463);
--Fila 12
INSERT INTO LOGS_VUELO (ID_LOG_VUELO, LOG_TIMESTAMP, HORAUTC, CALLSIGN, POSITION, ALTITUD, VELOCIDAD, DIRECCION, ID_VUELO) VALUES (inc_id.NextVal,'1520742332','2018-03-11T04:25:32Z','AVA120','4.705477,-74.14489','0','26','312',418);
--Fila 13
INSERT INTO LOGS_VUELO (ID_LOG_VUELO, LOG_TIMESTAMP, HORAUTC, CALLSIGN, POSITION, ALTITUD, VELOCIDAD, DIRECCION, ID_VUELO) VALUES (inc_id.NextVal,'1520742338','2018-03-11T04:25:38Z','AVA120','4.705651,-74.145142','0','27','312',484);
--Fila 14
INSERT INTO LOGS_VUELO (ID_LOG_VUELO, LOG_TIMESTAMP, HORAUTC, CALLSIGN, POSITION, ALTITUD, VELOCIDAD, DIRECCION, ID_VUELO) VALUES (inc_id.NextVal,'1520742344','2018-03-11T04:25:44Z','AVA120','4.705856,-74.145401','0','28','312',450);
--Fila 15
INSERT INTO LOGS_VUELO (ID_LOG_VUELO, LOG_TIMESTAMP, HORAUTC, CALLSIGN, POSITION, ALTITUD, VELOCIDAD, DIRECCION, ID_VUELO) VALUES (inc_id.NextVal,'1520742351','2018-03-11T04:25:51Z','AVA120','4.706024,-74.14563','0','29','312',445);
--Fila 16
INSERT INTO LOGS_VUELO (ID_LOG_VUELO, LOG_TIMESTAMP, HORAUTC, CALLSIGN, POSITION, ALTITUD, VELOCIDAD, DIRECCION, ID_VUELO) VALUES (inc_id.NextVal,'1520742359','2018-03-11T04:25:59Z','AVA120','4.706396,-74.146111','0','31','312',490);
--Fila 17
INSERT INTO LOGS_VUELO (ID_LOG_VUELO, LOG_TIMESTAMP, HORAUTC, CALLSIGN, POSITION, ALTITUD, VELOCIDAD, DIRECCION, ID_VUELO) VALUES (inc_id.NextVal,'1520742365','2018-03-11T04:26:05Z','AVA120','4.706559,-74.146339','0','31','312',443);
--Fila 18
INSERT INTO LOGS_VUELO (ID_LOG_VUELO, LOG_TIMESTAMP, HORAUTC, CALLSIGN, POSITION, ALTITUD, VELOCIDAD, DIRECCION, ID_VUELO) VALUES (inc_id.NextVal,'1520742371','2018-03-11T04:26:11Z','AVA120','4.706852,-74.146706','0','33','315',437);
--Fila 19
INSERT INTO LOGS_VUELO (ID_LOG_VUELO, LOG_TIMESTAMP, HORAUTC, CALLSIGN, POSITION, ALTITUD, VELOCIDAD, DIRECCION, ID_VUELO) VALUES (inc_id.NextVal,'1520742380','2018-03-11T04:26:20Z','AVA120','4.707188,-74.147163','0','34','312',453);
--Fila 20
INSERT INTO LOGS_VUELO (ID_LOG_VUELO, LOG_TIMESTAMP, HORAUTC, CALLSIGN, POSITION, ALTITUD, VELOCIDAD, DIRECCION, ID_VUELO) VALUES (inc_id.NextVal,'1520742387','2018-03-11T04:26:27Z','AVA120','4.707481,-74.147545','0','15','312',472);
--Fila 21
INSERT INTO LOGS_VUELO (ID_LOG_VUELO, LOG_TIMESTAMP, HORAUTC, CALLSIGN, POSITION, ALTITUD, VELOCIDAD, DIRECCION, ID_VUELO) VALUES (inc_id.NextVal,'1520742393','2018-03-11T04:26:33Z','AVA120','4.707723,-74.147881','0','15','312',427);
--Fila 22
INSERT INTO LOGS_VUELO (ID_LOG_VUELO, LOG_TIMESTAMP, HORAUTC, CALLSIGN, POSITION, ALTITUD, VELOCIDAD, DIRECCION, ID_VUELO) VALUES (inc_id.NextVal,'1520742399','2018-03-11T04:26:39Z','AVA120','4.708003,-74.148247','0','16','312',416);
--Fila 23
INSERT INTO LOGS_VUELO (ID_LOG_VUELO, LOG_TIMESTAMP, HORAUTC, CALLSIGN, POSITION, ALTITUD, VELOCIDAD, DIRECCION, ID_VUELO) VALUES (inc_id.NextVal,'1520742411','2018-03-11T04:26:51Z','AVA120','4.708569,-74.148987','0','17','312',419);
--Fila 24
INSERT INTO LOGS_VUELO (ID_LOG_VUELO, LOG_TIMESTAMP, HORAUTC, CALLSIGN, POSITION, ALTITUD, VELOCIDAD, DIRECCION, ID_VUELO) VALUES (inc_id.NextVal,'1520742417','2018-03-11T04:26:57Z','AVA120','4.708866,-74.149391','0','17','312',496);
--Fila 25
INSERT INTO LOGS_VUELO (ID_LOG_VUELO, LOG_TIMESTAMP, HORAUTC, CALLSIGN, POSITION, ALTITUD, VELOCIDAD, DIRECCION, ID_VUELO) VALUES (inc_id.NextVal,'1520742423','2018-03-11T04:27:03Z','AVA120','4.709166,-74.14978','0','17','312',439);
--Fila 26
INSERT INTO LOGS_VUELO (ID_LOG_VUELO, LOG_TIMESTAMP, HORAUTC, CALLSIGN, POSITION, ALTITUD, VELOCIDAD, DIRECCION, ID_VUELO) VALUES (inc_id.NextVal,'1520742435','2018-03-11T04:27:15Z','AVA120','4.709702,-74.15049','0','18','312',474);
--Fila 27
INSERT INTO LOGS_VUELO (ID_LOG_VUELO, LOG_TIMESTAMP, HORAUTC, CALLSIGN, POSITION, ALTITUD, VELOCIDAD, DIRECCION, ID_VUELO) VALUES (inc_id.NextVal,'1520742441','2018-03-11T04:27:21Z','AVA120','4.710039,-74.15094','0','15','312',499);
--Fila 28
INSERT INTO LOGS_VUELO (ID_LOG_VUELO, LOG_TIMESTAMP, HORAUTC, CALLSIGN, POSITION, ALTITUD, VELOCIDAD, DIRECCION, ID_VUELO) VALUES (inc_id.NextVal,'1520742447','2018-03-11T04:27:27Z','AVA120','4.710239,-74.151207','0','34','312',407);
--Fila 29
INSERT INTO LOGS_VUELO (ID_LOG_VUELO, LOG_TIMESTAMP, HORAUTC, CALLSIGN, POSITION, ALTITUD, VELOCIDAD, DIRECCION, ID_VUELO) VALUES (inc_id.NextVal,'1520742456','2018-03-11T04:27:36Z','AVA120','4.710575,-74.151665','0','25','312',476);
--Fila 30
INSERT INTO LOGS_VUELO (ID_LOG_VUELO, LOG_TIMESTAMP, HORAUTC, CALLSIGN, POSITION, ALTITUD, VELOCIDAD, DIRECCION, ID_VUELO) VALUES (inc_id.NextVal,'1520742471','2018-03-11T04:27:51Z','AVA120','4.710865,-74.152031','0','18','315',417);
--Fila 31
INSERT INTO LOGS_VUELO (ID_LOG_VUELO, LOG_TIMESTAMP, HORAUTC, CALLSIGN, POSITION, ALTITUD, VELOCIDAD, DIRECCION, ID_VUELO) VALUES (inc_id.NextVal,'1520742489','2018-03-11T04:28:09Z','AVA120','4.711424,-74.152176','0','20','350',481);
--Fila 32
INSERT INTO LOGS_VUELO (ID_LOG_VUELO, LOG_TIMESTAMP, HORAUTC, CALLSIGN, POSITION, ALTITUD, VELOCIDAD, DIRECCION, ID_VUELO) VALUES (inc_id.NextVal,'1520742555','2018-03-11T04:29:15Z','AVA120','4.711853,-74.152199','0','10','2',465);
--Fila 33
INSERT INTO LOGS_VUELO (ID_LOG_VUELO, LOG_TIMESTAMP, HORAUTC, CALLSIGN, POSITION, ALTITUD, VELOCIDAD, DIRECCION, ID_VUELO) VALUES (inc_id.NextVal,'1520742574','2018-03-11T04:29:34Z','AVA120','4.712227,-74.152237','0','15','357',423);
--Fila 34
INSERT INTO LOGS_VUELO (ID_LOG_VUELO, LOG_TIMESTAMP, HORAUTC, CALLSIGN, POSITION, ALTITUD, VELOCIDAD, DIRECCION, ID_VUELO) VALUES (inc_id.NextVal,'1520742592','2018-03-11T04:29:52Z','AVA120','4.712814,-74.152283','0','20','5',442);
--Fila 35
INSERT INTO LOGS_VUELO (ID_LOG_VUELO, LOG_TIMESTAMP, HORAUTC, CALLSIGN, POSITION, ALTITUD, VELOCIDAD, DIRECCION, ID_VUELO) VALUES (inc_id.NextVal,'1520742601','2018-03-11T04:30:01Z','AVA120','4.713112,-74.152107','0','23','42',455);
--Fila 36
INSERT INTO LOGS_VUELO (ID_LOG_VUELO, LOG_TIMESTAMP, HORAUTC, CALLSIGN, POSITION, ALTITUD, VELOCIDAD, DIRECCION, ID_VUELO) VALUES (inc_id.NextVal,'1520742607','2018-03-11T04:30:07Z','AVA120','4.71317,-74.151894','0','25','75',491);
--Fila 37
INSERT INTO LOGS_VUELO (ID_LOG_VUELO, LOG_TIMESTAMP, HORAUTC, CALLSIGN, POSITION, ALTITUD, VELOCIDAD, DIRECCION, ID_VUELO) VALUES (inc_id.NextVal,'1520742619','2018-03-11T04:30:19Z','AVA120','4.712751,-74.151192','0','19','132',473);
--Fila 38
INSERT INTO LOGS_VUELO (ID_LOG_VUELO, LOG_TIMESTAMP, HORAUTC, CALLSIGN, POSITION, ALTITUD, VELOCIDAD, DIRECCION, ID_VUELO) VALUES (inc_id.NextVal,'1520742625','2018-03-11T04:30:25Z','AVA120','4.712297,-74.150597','0','39','132',444);
--Fila 39
INSERT INTO LOGS_VUELO (ID_LOG_VUELO, LOG_TIMESTAMP, HORAUTC, CALLSIGN, POSITION, ALTITUD, VELOCIDAD, DIRECCION, ID_VUELO) VALUES (inc_id.NextVal,'1520742634','2018-03-11T04:30:34Z','AVA120','4.710551,-74.148293','0','80','132',450);
--Fila 40
INSERT INTO LOGS_VUELO (ID_LOG_VUELO, LOG_TIMESTAMP, HORAUTC, CALLSIGN, POSITION, ALTITUD, VELOCIDAD, DIRECCION, ID_VUELO) VALUES (inc_id.NextVal,'1520742743','2018-03-11T04:32:23Z','AVA120','4.702288,-74.075363','10575','215','13',408);
--Fila 41
INSERT INTO LOGS_VUELO (ID_LOG_VUELO, LOG_TIMESTAMP, HORAUTC, CALLSIGN, POSITION, ALTITUD, VELOCIDAD, DIRECCION, ID_VUELO) VALUES (inc_id.NextVal,'1520742756','2018-03-11T04:32:36Z','AVA120','4.714299,-74.072998','10975','218','11',460);
--Fila 42
INSERT INTO LOGS_VUELO (ID_LOG_VUELO, LOG_TIMESTAMP, HORAUTC, CALLSIGN, POSITION, ALTITUD, VELOCIDAD, DIRECCION, ID_VUELO) VALUES (inc_id.NextVal,'1520742768','2018-03-11T04:32:48Z','AVA120','4.726402,-74.070389','11125','230','12',420);
--Fila 43
INSERT INTO LOGS_VUELO (ID_LOG_VUELO, LOG_TIMESTAMP, HORAUTC, CALLSIGN, POSITION, ALTITUD, VELOCIDAD, DIRECCION, ID_VUELO) VALUES (inc_id.NextVal,'1520742779','2018-03-11T04:32:59Z','AVA120','4.739731,-74.067497','11300','244','12',484);
--Fila 44
INSERT INTO LOGS_VUELO (ID_LOG_VUELO, LOG_TIMESTAMP, HORAUTC, CALLSIGN, POSITION, ALTITUD, VELOCIDAD, DIRECCION, ID_VUELO) VALUES (inc_id.NextVal,'1520742791','2018-03-11T04:33:11Z','AVA120','4.753235,-74.064705','11475','257','11',460);
--Fila 45
INSERT INTO LOGS_VUELO (ID_LOG_VUELO, LOG_TIMESTAMP, HORAUTC, CALLSIGN, POSITION, ALTITUD, VELOCIDAD, DIRECCION, ID_VUELO) VALUES (inc_id.NextVal,'1520742803','2018-03-11T04:33:23Z','AVA120','4.767746,-74.061676','11650','271','12',463);
--Fila 46
INSERT INTO LOGS_VUELO (ID_LOG_VUELO, LOG_TIMESTAMP, HORAUTC, CALLSIGN, POSITION, ALTITUD, VELOCIDAD, DIRECCION, ID_VUELO) VALUES (inc_id.NextVal,'1520742815','2018-03-11T04:33:35Z','AVA120','4.783218,-74.058281','11875','284','12',423);
--Fila 47
INSERT INTO LOGS_VUELO (ID_LOG_VUELO, LOG_TIMESTAMP, HORAUTC, CALLSIGN, POSITION, ALTITUD, VELOCIDAD, DIRECCION, ID_VUELO) VALUES (inc_id.NextVal,'1520742830','2018-03-11T04:33:50Z','AVA120','4.803268,-74.053902','12175','300','12',445);
--Fila 48
INSERT INTO LOGS_VUELO (ID_LOG_VUELO, LOG_TIMESTAMP, HORAUTC, CALLSIGN, POSITION, ALTITUD, VELOCIDAD, DIRECCION, ID_VUELO) VALUES (inc_id.NextVal,'1520742864','2018-03-11T04:34:24Z','AVA120','4.849672,-74.043304','13325','313','14',412);
--Fila 49
INSERT INTO LOGS_VUELO (ID_LOG_VUELO, LOG_TIMESTAMP, HORAUTC, CALLSIGN, POSITION, ALTITUD, VELOCIDAD, DIRECCION, ID_VUELO) VALUES (inc_id.NextVal,'1520742897','2018-03-11T04:34:57Z','AVA120','4.896194,-74.028069','14350','318','19',467);
--Fila 50
INSERT INTO LOGS_VUELO (ID_LOG_VUELO, LOG_TIMESTAMP, HORAUTC, CALLSIGN, POSITION, ALTITUD, VELOCIDAD, DIRECCION, ID_VUELO) VALUES (inc_id.NextVal,'1520742930','2018-03-11T04:35:30Z','AVA120','4.943527,-74.012009','15275','326','19',465);
--Fallo de inserción en las filas  51  mediante  100 
--ORA-01400: no se puede realizar una inserción NULL en ("AVIANCA"."LOGS_VUELO"."ID_LOG_VUELO")
--Fila 51
INSERT INTO LOGS_VUELO (ID_LOG_VUELO, LOG_TIMESTAMP, HORAUTC, CALLSIGN, POSITION, ALTITUD, VELOCIDAD, DIRECCION, ID_VUELO) VALUES (inc_id.NextVal,'1520742963','2018-03-11T04:36:03Z','AVA120','4.991043,-73.995712','16325','332','18',407);
--Fila 52
INSERT INTO LOGS_VUELO (ID_LOG_VUELO, LOG_TIMESTAMP, HORAUTC, CALLSIGN, POSITION, ALTITUD, VELOCIDAD, DIRECCION, ID_VUELO) VALUES (inc_id.NextVal,'1520742996','2018-03-11T04:36:36Z','AVA120','5.041933,-73.980652','17375','338','14',440);
--Fila 53
INSERT INTO LOGS_VUELO (ID_LOG_VUELO, LOG_TIMESTAMP, HORAUTC, CALLSIGN, POSITION, ALTITUD, VELOCIDAD, DIRECCION, ID_VUELO) VALUES (inc_id.NextVal,'1520743029','2018-03-11T04:37:09Z','AVA120','5.092941,-73.968201','18175','351','14',418);
--Fila 54
INSERT INTO LOGS_VUELO (ID_LOG_VUELO, LOG_TIMESTAMP, HORAUTC, CALLSIGN, POSITION, ALTITUD, VELOCIDAD, DIRECCION, ID_VUELO) VALUES (inc_id.NextVal,'1520743090','2018-03-11T04:38:10Z','AVA120','5.194107,-73.942879','19100','389','14',406);
--Fila 55
INSERT INTO LOGS_VUELO (ID_LOG_VUELO, LOG_TIMESTAMP, HORAUTC, CALLSIGN, POSITION, ALTITUD, VELOCIDAD, DIRECCION, ID_VUELO) VALUES (inc_id.NextVal,'1520743153','2018-03-11T04:39:13Z','AVA120','5.311249,-73.913551','20025','428','14',419);
--Fila 56
INSERT INTO LOGS_VUELO (ID_LOG_VUELO, LOG_TIMESTAMP, HORAUTC, CALLSIGN, POSITION, ALTITUD, VELOCIDAD, DIRECCION, ID_VUELO) VALUES (inc_id.NextVal,'1520743214','2018-03-11T04:40:14Z','AVA120','5.425781,-73.885056','21950','412','13',443);
--Fila 57
INSERT INTO LOGS_VUELO (ID_LOG_VUELO, LOG_TIMESTAMP, HORAUTC, CALLSIGN, POSITION, ALTITUD, VELOCIDAD, DIRECCION, ID_VUELO) VALUES (inc_id.NextVal,'1520743277','2018-03-11T04:41:17Z','AVA120','5.546746,-73.855499','22775','423','13',471);
--Fila 58
INSERT INTO LOGS_VUELO (ID_LOG_VUELO, LOG_TIMESTAMP, HORAUTC, CALLSIGN, POSITION, ALTITUD, VELOCIDAD, DIRECCION, ID_VUELO) VALUES (inc_id.NextVal,'1520743338','2018-03-11T04:42:18Z','AVA120','5.665009,-73.831245','23950','429','11',499);
--Fila 59
INSERT INTO LOGS_VUELO (ID_LOG_VUELO, LOG_TIMESTAMP, HORAUTC, CALLSIGN, POSITION, ALTITUD, VELOCIDAD, DIRECCION, ID_VUELO) VALUES (inc_id.NextVal,'1520743401','2018-03-11T04:43:21Z','AVA120','5.790354,-73.805534','25375','440','11',417);
--Fila 60
INSERT INTO LOGS_VUELO (ID_LOG_VUELO, LOG_TIMESTAMP, HORAUTC, CALLSIGN, POSITION, ALTITUD, VELOCIDAD, DIRECCION, ID_VUELO) VALUES (inc_id.NextVal,'1520743462','2018-03-11T04:44:22Z','AVA120','5.911715,-73.776604','26700','455','21',490);
--Fila 61
INSERT INTO LOGS_VUELO (ID_LOG_VUELO, LOG_TIMESTAMP, HORAUTC, CALLSIGN, POSITION, ALTITUD, VELOCIDAD, DIRECCION, ID_VUELO) VALUES (inc_id.NextVal,'1520743468','2018-03-11T04:44:28Z','AVA120','5.922363,-73.771843','26800','458','25',470);
--Fila 62
INSERT INTO LOGS_VUELO (ID_LOG_VUELO, LOG_TIMESTAMP, HORAUTC, CALLSIGN, POSITION, ALTITUD, VELOCIDAD, DIRECCION, ID_VUELO) VALUES (inc_id.NextVal,'1520743474','2018-03-11T04:44:34Z','AVA120','5.934586,-73.765793','26950','459','26',463);
--Fila 63
INSERT INTO LOGS_VUELO (ID_LOG_VUELO, LOG_TIMESTAMP, HORAUTC, CALLSIGN, POSITION, ALTITUD, VELOCIDAD, DIRECCION, ID_VUELO) VALUES (inc_id.NextVal,'1520743480','2018-03-11T04:44:40Z','AVA120','5.94635,-73.759598','27075','461','27',456);
--Fila 64
INSERT INTO LOGS_VUELO (ID_LOG_VUELO, LOG_TIMESTAMP, HORAUTC, CALLSIGN, POSITION, ALTITUD, VELOCIDAD, DIRECCION, ID_VUELO) VALUES (inc_id.NextVal,'1520743486','2018-03-11T04:44:46Z','AVA120','5.958069,-73.753319','27200','462','28',430);
--Fila 65
INSERT INTO LOGS_VUELO (ID_LOG_VUELO, LOG_TIMESTAMP, HORAUTC, CALLSIGN, POSITION, ALTITUD, VELOCIDAD, DIRECCION, ID_VUELO) VALUES (inc_id.NextVal,'1520743552','2018-03-11T04:45:52Z','AVA120','6.083954,-73.68251','28450','474','32',499);
--Fila 66
INSERT INTO LOGS_VUELO (ID_LOG_VUELO, LOG_TIMESTAMP, HORAUTC, CALLSIGN, POSITION, ALTITUD, VELOCIDAD, DIRECCION, ID_VUELO) VALUES (inc_id.NextVal,'1520743613','2018-03-11T04:46:53Z','AVA120','6.198011,-73.610718','29600','480','31',440);
--Fila 67
INSERT INTO LOGS_VUELO (ID_LOG_VUELO, LOG_TIMESTAMP, HORAUTC, CALLSIGN, POSITION, ALTITUD, VELOCIDAD, DIRECCION, ID_VUELO) VALUES (inc_id.NextVal,'1520743646','2018-03-11T04:47:26Z','AVA120','6.261795,-73.571251','30000','487','31',416);
--Fila 68
INSERT INTO LOGS_VUELO (ID_LOG_VUELO, LOG_TIMESTAMP, HORAUTC, CALLSIGN, POSITION, ALTITUD, VELOCIDAD, DIRECCION, ID_VUELO) VALUES (inc_id.NextVal,'1520743740','2018-03-11T04:49:00Z','AVA120','6.445669,-73.457291','29975','523','31',460);
--Fila 69
INSERT INTO LOGS_VUELO (ID_LOG_VUELO, LOG_TIMESTAMP, HORAUTC, CALLSIGN, POSITION, ALTITUD, VELOCIDAD, DIRECCION, ID_VUELO) VALUES (inc_id.NextVal,'1520743773','2018-03-11T04:49:33Z','AVA120','6.516129,-73.406036','29975','529','41',490);
--Fila 70
INSERT INTO LOGS_VUELO (ID_LOG_VUELO, LOG_TIMESTAMP, HORAUTC, CALLSIGN, POSITION, ALTITUD, VELOCIDAD, DIRECCION, ID_VUELO) VALUES (inc_id.NextVal,'1520743837','2018-03-11T04:50:37Z','AVA120','6.631668,-73.302734','29975','514','41',477);
--Fila 71
INSERT INTO LOGS_VUELO (ID_LOG_VUELO, LOG_TIMESTAMP, HORAUTC, CALLSIGN, POSITION, ALTITUD, VELOCIDAD, DIRECCION, ID_VUELO) VALUES (inc_id.NextVal,'1520743859','2018-03-11T04:50:59Z','AVA120','6.666792,-73.27597','30000','514','34',434);
--Fila 72
INSERT INTO LOGS_VUELO (ID_LOG_VUELO, LOG_TIMESTAMP, HORAUTC, CALLSIGN, POSITION, ALTITUD, VELOCIDAD, DIRECCION, ID_VUELO) VALUES (inc_id.NextVal,'1520743948','2018-03-11T04:52:28Z','AVA120','6.87395,-73.26252','30000','500','349',495);
--Fila 73
INSERT INTO LOGS_VUELO (ID_LOG_VUELO, LOG_TIMESTAMP, HORAUTC, CALLSIGN, POSITION, ALTITUD, VELOCIDAD, DIRECCION, ID_VUELO) VALUES (inc_id.NextVal,'1520744010','2018-03-11T04:53:30Z','AVA120','7.015515,-73.289558','30000','495','348',461);
--Fila 74
INSERT INTO LOGS_VUELO (ID_LOG_VUELO, LOG_TIMESTAMP, HORAUTC, CALLSIGN, POSITION, ALTITUD, VELOCIDAD, DIRECCION, ID_VUELO) VALUES (inc_id.NextVal,'1520744072','2018-03-11T04:54:32Z','AVA120','7.153381,-73.325081','30000','496','344',480);
--Fila 75
INSERT INTO LOGS_VUELO (ID_LOG_VUELO, LOG_TIMESTAMP, HORAUTC, CALLSIGN, POSITION, ALTITUD, VELOCIDAD, DIRECCION, ID_VUELO) VALUES (inc_id.NextVal,'1520744118','2018-03-11T04:55:18Z','AVA120','7.25647,-73.349106','30000','502','354',492);
--Fila 76
INSERT INTO LOGS_VUELO (ID_LOG_VUELO, LOG_TIMESTAMP, HORAUTC, CALLSIGN, POSITION, ALTITUD, VELOCIDAD, DIRECCION, ID_VUELO) VALUES (inc_id.NextVal,'1520744124','2018-03-11T04:55:24Z','AVA120','7.270981,-73.349846','30000','504','358',479);
--Fila 77
INSERT INTO LOGS_VUELO (ID_LOG_VUELO, LOG_TIMESTAMP, HORAUTC, CALLSIGN, POSITION, ALTITUD, VELOCIDAD, DIRECCION, ID_VUELO) VALUES (inc_id.NextVal,'1520744149','2018-03-11T04:55:49Z','AVA120','7.329071,-73.343796','29975','511','11',459);
--Fila 78
INSERT INTO LOGS_VUELO (ID_LOG_VUELO, LOG_TIMESTAMP, HORAUTC, CALLSIGN, POSITION, ALTITUD, VELOCIDAD, DIRECCION, ID_VUELO) VALUES (inc_id.NextVal,'1520744155','2018-03-11T04:55:55Z','AVA120','7.343857,-73.339935','29975','513','15',493);
--Fila 79
INSERT INTO LOGS_VUELO (ID_LOG_VUELO, LOG_TIMESTAMP, HORAUTC, CALLSIGN, POSITION, ALTITUD, VELOCIDAD, DIRECCION, ID_VUELO) VALUES (inc_id.NextVal,'1520744168','2018-03-11T04:56:08Z','AVA120','7.372013,-73.329811','30000','516','21',478);
--Fila 80
INSERT INTO LOGS_VUELO (ID_LOG_VUELO, LOG_TIMESTAMP, HORAUTC, CALLSIGN, POSITION, ALTITUD, VELOCIDAD, DIRECCION, ID_VUELO) VALUES (inc_id.NextVal,'1520744176','2018-03-11T04:56:16Z','AVA120','7.39189,-73.321236','30000','518','23',432);
--Fila 81
INSERT INTO LOGS_VUELO (ID_LOG_VUELO, LOG_TIMESTAMP, HORAUTC, CALLSIGN, POSITION, ALTITUD, VELOCIDAD, DIRECCION, ID_VUELO) VALUES (inc_id.NextVal,'1520744182','2018-03-11T04:56:22Z','AVA120','7.405701,-73.31498','30000','518','24',419);
--Fila 82
INSERT INTO LOGS_VUELO (ID_LOG_VUELO, LOG_TIMESTAMP, HORAUTC, CALLSIGN, POSITION, ALTITUD, VELOCIDAD, DIRECCION, ID_VUELO) VALUES (inc_id.NextVal,'1520744244','2018-03-11T04:57:24Z','AVA120','7.54216,-73.252182','30625','522','24',404);
--Fila 83
INSERT INTO LOGS_VUELO (ID_LOG_VUELO, LOG_TIMESTAMP, HORAUTC, CALLSIGN, POSITION, ALTITUD, VELOCIDAD, DIRECCION, ID_VUELO) VALUES (inc_id.NextVal,'1520744300','2018-03-11T04:58:20Z','AVA120','7.66571,-73.202332','31625','512','14',445);
--Fila 84
INSERT INTO LOGS_VUELO (ID_LOG_VUELO, LOG_TIMESTAMP, HORAUTC, CALLSIGN, POSITION, ALTITUD, VELOCIDAD, DIRECCION, ID_VUELO) VALUES (inc_id.NextVal,'1520744306','2018-03-11T04:58:26Z','AVA120','7.680862,-73.199486','31775','509','9',473);
--Fila 85
INSERT INTO LOGS_VUELO (ID_LOG_VUELO, LOG_TIMESTAMP, HORAUTC, CALLSIGN, POSITION, ALTITUD, VELOCIDAD, DIRECCION, ID_VUELO) VALUES (inc_id.NextVal,'1520744316','2018-03-11T04:58:36Z','AVA120','7.702377,-73.197159','31925','506','4',456);
--Fila 86
INSERT INTO LOGS_VUELO (ID_LOG_VUELO, LOG_TIMESTAMP, HORAUTC, CALLSIGN, POSITION, ALTITUD, VELOCIDAD, DIRECCION, ID_VUELO) VALUES (inc_id.NextVal,'1520744322','2018-03-11T04:58:42Z','AVA120','7.716888,-73.196693','32050','504','1',452);
--Fila 87
INSERT INTO LOGS_VUELO (ID_LOG_VUELO, LOG_TIMESTAMP, HORAUTC, CALLSIGN, POSITION, ALTITUD, VELOCIDAD, DIRECCION, ID_VUELO) VALUES (inc_id.NextVal,'1520744343','2018-03-11T04:59:03Z','AVA120','7.765411,-73.201767','32375','498','349',499);
--Fila 88
INSERT INTO LOGS_VUELO (ID_LOG_VUELO, LOG_TIMESTAMP, HORAUTC, CALLSIGN, POSITION, ALTITUD, VELOCIDAD, DIRECCION, ID_VUELO) VALUES (inc_id.NextVal,'1520744349','2018-03-11T04:59:09Z','AVA120','7.779624,-73.204796','32475','497','347',494);
--Fila 89
INSERT INTO LOGS_VUELO (ID_LOG_VUELO, LOG_TIMESTAMP, HORAUTC, CALLSIGN, POSITION, ALTITUD, VELOCIDAD, DIRECCION, ID_VUELO) VALUES (inc_id.NextVal,'1520744371','2018-03-11T04:59:31Z','AVA120','7.827107,-73.219429','32825','493','339',449);
--Fila 90
INSERT INTO LOGS_VUELO (ID_LOG_VUELO, LOG_TIMESTAMP, HORAUTC, CALLSIGN, POSITION, ALTITUD, VELOCIDAD, DIRECCION, ID_VUELO) VALUES (inc_id.NextVal,'1520744377','2018-03-11T04:59:37Z','AVA120','7.840805,-73.225136','32925','492','336',402);
--Fila 91
INSERT INTO LOGS_VUELO (ID_LOG_VUELO, LOG_TIMESTAMP, HORAUTC, CALLSIGN, POSITION, ALTITUD, VELOCIDAD, DIRECCION, ID_VUELO) VALUES (inc_id.NextVal,'1520744383','2018-03-11T04:59:43Z','AVA120','7.853037,-73.230789','33000','490','334',433);
--Fila 92
INSERT INTO LOGS_VUELO (ID_LOG_VUELO, LOG_TIMESTAMP, HORAUTC, CALLSIGN, POSITION, ALTITUD, VELOCIDAD, DIRECCION, ID_VUELO) VALUES (inc_id.NextVal,'1520744389','2018-03-11T04:59:49Z','AVA120','7.865433,-73.237099','33100','490','332',462);
--Fila 93
INSERT INTO LOGS_VUELO (ID_LOG_VUELO, LOG_TIMESTAMP, HORAUTC, CALLSIGN, POSITION, ALTITUD, VELOCIDAD, DIRECCION, ID_VUELO) VALUES (inc_id.NextVal,'1520744395','2018-03-11T04:59:55Z','AVA120','7.877942,-73.244095','33175','489','330',453);
--Fila 94
INSERT INTO LOGS_VUELO (ID_LOG_VUELO, LOG_TIMESTAMP, HORAUTC, CALLSIGN, POSITION, ALTITUD, VELOCIDAD, DIRECCION, ID_VUELO) VALUES (inc_id.NextVal,'1520744460','2018-03-11T05:01:00Z','AVA120','8.003723,-73.322006','33475','503','328',459);
--Fila 95
INSERT INTO LOGS_VUELO (ID_LOG_VUELO, LOG_TIMESTAMP, HORAUTC, CALLSIGN, POSITION, ALTITUD, VELOCIDAD, DIRECCION, ID_VUELO) VALUES (inc_id.NextVal,'1520744521','2018-03-11T05:02:01Z','AVA120','8.127731,-73.398636','34125','510','328',471);
--Fila 96
INSERT INTO LOGS_VUELO (ID_LOG_VUELO, LOG_TIMESTAMP, HORAUTC, CALLSIGN, POSITION, ALTITUD, VELOCIDAD, DIRECCION, ID_VUELO) VALUES (inc_id.NextVal,'1520744582','2018-03-11T05:03:02Z','AVA120','8.24887,-73.473488','35300','503','328',451);
--Fila 97
INSERT INTO LOGS_VUELO (ID_LOG_VUELO, LOG_TIMESTAMP, HORAUTC, CALLSIGN, POSITION, ALTITUD, VELOCIDAD, DIRECCION, ID_VUELO) VALUES (inc_id.NextVal,'1520744643','2018-03-11T05:04:03Z','AVA120','8.37228,-73.549774','35975','505','328',464);
--Fila 98
INSERT INTO LOGS_VUELO (ID_LOG_VUELO, LOG_TIMESTAMP, HORAUTC, CALLSIGN, POSITION, ALTITUD, VELOCIDAD, DIRECCION, ID_VUELO) VALUES (inc_id.NextVal,'1520744705','2018-03-11T05:05:05Z','AVA120','8.49472,-73.62558','36000','505','328',453);
--Fila 99
INSERT INTO LOGS_VUELO (ID_LOG_VUELO, LOG_TIMESTAMP, HORAUTC, CALLSIGN, POSITION, ALTITUD, VELOCIDAD, DIRECCION, ID_VUELO) VALUES (inc_id.NextVal,'1520744767','2018-03-11T05:06:07Z','AVA120','8.615795,-73.7006','36000','503','328',476);
--Fila 100
INSERT INTO LOGS_VUELO (ID_LOG_VUELO, LOG_TIMESTAMP, HORAUTC, CALLSIGN, POSITION, ALTITUD, VELOCIDAD, DIRECCION, ID_VUELO) VALUES (inc_id.NextVal,'1520744806','2018-03-11T05:06:46Z','AVA120','8.697401,-73.746674','35975','507','338',469);
--Fallo de inserción en las filas  101  mediante  150 
--ORA-01400: no se puede realizar una inserción NULL en ("AVIANCA"."LOGS_VUELO"."ID_LOG_VUELO")
--Fila 101
INSERT INTO LOGS_VUELO (ID_LOG_VUELO, LOG_TIMESTAMP, HORAUTC, CALLSIGN, POSITION, ALTITUD, VELOCIDAD, DIRECCION, ID_VUELO) VALUES (inc_id.NextVal,'1520744812','2018-03-11T05:06:52Z','AVA120','8.711181,-73.751503','36000','508','342',414);
--Fila 102
INSERT INTO LOGS_VUELO (ID_LOG_VUELO, LOG_TIMESTAMP, HORAUTC, CALLSIGN, POSITION, ALTITUD, VELOCIDAD, DIRECCION, ID_VUELO) VALUES (inc_id.NextVal,'1520744818','2018-03-11T05:06:58Z','AVA120','8.724914,-73.755249','35975','509','346',407);
--Fila 103
INSERT INTO LOGS_VUELO (ID_LOG_VUELO, LOG_TIMESTAMP, HORAUTC, CALLSIGN, POSITION, ALTITUD, VELOCIDAD, DIRECCION, ID_VUELO) VALUES (inc_id.NextVal,'1520744824','2018-03-11T05:07:04Z','AVA120','8.739532,-73.758247','36000','510','349',438);
--Fila 104
INSERT INTO LOGS_VUELO (ID_LOG_VUELO, LOG_TIMESTAMP, HORAUTC, CALLSIGN, POSITION, ALTITUD, VELOCIDAD, DIRECCION, ID_VUELO) VALUES (inc_id.NextVal,'1520744830','2018-03-11T05:07:10Z','AVA120','8.754181,-73.760109','35975','512','353',488);
--Fila 105
INSERT INTO LOGS_VUELO (ID_LOG_VUELO, LOG_TIMESTAMP, HORAUTC, CALLSIGN, POSITION, ALTITUD, VELOCIDAD, DIRECCION, ID_VUELO) VALUES (inc_id.NextVal,'1520744837','2018-03-11T05:07:17Z','AVA120','8.76796,-73.760994','36000','513','357',439);
--Fila 106
INSERT INTO LOGS_VUELO (ID_LOG_VUELO, LOG_TIMESTAMP, HORAUTC, CALLSIGN, POSITION, ALTITUD, VELOCIDAD, DIRECCION, ID_VUELO) VALUES (inc_id.NextVal,'1520744861','2018-03-11T05:07:41Z','AVA120','8.827332,-73.754105','35975','517','14',443);
--Fila 107
INSERT INTO LOGS_VUELO (ID_LOG_VUELO, LOG_TIMESTAMP, HORAUTC, CALLSIGN, POSITION, ALTITUD, VELOCIDAD, DIRECCION, ID_VUELO) VALUES (inc_id.NextVal,'1520744868','2018-03-11T05:07:48Z','AVA120','8.840456,-73.750229','36000','518','16',413);
--Fila 108
INSERT INTO LOGS_VUELO (ID_LOG_VUELO, LOG_TIMESTAMP, HORAUTC, CALLSIGN, POSITION, ALTITUD, VELOCIDAD, DIRECCION, ID_VUELO) VALUES (inc_id.NextVal,'1520744931','2018-03-11T05:08:51Z','AVA120','8.987747,-73.70462','36000','517','17',490);
--Fila 109
INSERT INTO LOGS_VUELO (ID_LOG_VUELO, LOG_TIMESTAMP, HORAUTC, CALLSIGN, POSITION, ALTITUD, VELOCIDAD, DIRECCION, ID_VUELO) VALUES (inc_id.NextVal,'1520744993','2018-03-11T05:09:53Z','AVA120','9.128941,-73.659592','36000','517','20',450);
--Fila 110
INSERT INTO LOGS_VUELO (ID_LOG_VUELO, LOG_TIMESTAMP, HORAUTC, CALLSIGN, POSITION, ALTITUD, VELOCIDAD, DIRECCION, ID_VUELO) VALUES (inc_id.NextVal,'1520745054','2018-03-11T05:10:54Z','AVA120','9.263523,-73.598976','36175','520','25',424);
--Fila 111
INSERT INTO LOGS_VUELO (ID_LOG_VUELO, LOG_TIMESTAMP, HORAUTC, CALLSIGN, POSITION, ALTITUD, VELOCIDAD, DIRECCION, ID_VUELO) VALUES (inc_id.NextVal,'1520745115','2018-03-11T05:11:55Z','AVA120','9.395684,-73.534996','37000','513','25',463);
--Fila 112
INSERT INTO LOGS_VUELO (ID_LOG_VUELO, LOG_TIMESTAMP, HORAUTC, CALLSIGN, POSITION, ALTITUD, VELOCIDAD, DIRECCION, ID_VUELO) VALUES (inc_id.NextVal,'1520745176','2018-03-11T05:12:56Z','AVA120','9.527435,-73.470787','36975','515','25',418);
--Fila 113
INSERT INTO LOGS_VUELO (ID_LOG_VUELO, LOG_TIMESTAMP, HORAUTC, CALLSIGN, POSITION, ALTITUD, VELOCIDAD, DIRECCION, ID_VUELO) VALUES (inc_id.NextVal,'1520745237','2018-03-11T05:13:57Z','AVA120','9.658264,-73.407196','37000','517','25',484);
--Fila 114
INSERT INTO LOGS_VUELO (ID_LOG_VUELO, LOG_TIMESTAMP, HORAUTC, CALLSIGN, POSITION, ALTITUD, VELOCIDAD, DIRECCION, ID_VUELO) VALUES (inc_id.NextVal,'1520745299','2018-03-11T05:14:59Z','AVA120','9.791146,-73.342407','37000','520','25',450);
--Fila 115
INSERT INTO LOGS_VUELO (ID_LOG_VUELO, LOG_TIMESTAMP, HORAUTC, CALLSIGN, POSITION, ALTITUD, VELOCIDAD, DIRECCION, ID_VUELO) VALUES (inc_id.NextVal,'1520745360','2018-03-11T05:16:00Z','AVA120','9.924425,-73.277344','37000','519','25',445);
--Fila 116
INSERT INTO LOGS_VUELO (ID_LOG_VUELO, LOG_TIMESTAMP, HORAUTC, CALLSIGN, POSITION, ALTITUD, VELOCIDAD, DIRECCION, ID_VUELO) VALUES (inc_id.NextVal,'1520745421','2018-03-11T05:17:01Z','AVA120','10.057434,-73.212517','36975','518','25',490);
--Fila 117
INSERT INTO LOGS_VUELO (ID_LOG_VUELO, LOG_TIMESTAMP, HORAUTC, CALLSIGN, POSITION, ALTITUD, VELOCIDAD, DIRECCION, ID_VUELO) VALUES (inc_id.NextVal,'1520745483','2018-03-11T05:18:03Z','AVA120','10.189866,-73.147781','37025','521','25',443);
--Fila 118
INSERT INTO LOGS_VUELO (ID_LOG_VUELO, LOG_TIMESTAMP, HORAUTC, CALLSIGN, POSITION, ALTITUD, VELOCIDAD, DIRECCION, ID_VUELO) VALUES (inc_id.NextVal,'1520745538','2018-03-11T05:18:58Z','AVA120','10.301405,-73.093224','37000','522','25',437);
--Fila 119
INSERT INTO LOGS_VUELO (ID_LOG_VUELO, LOG_TIMESTAMP, HORAUTC, CALLSIGN, POSITION, ALTITUD, VELOCIDAD, DIRECCION, ID_VUELO) VALUES (inc_id.NextVal,'1520745624','2018-03-11T05:20:24Z','AVA120','10.498672,-72.99662','37000','523','25',453);
--Fila 120
INSERT INTO LOGS_VUELO (ID_LOG_VUELO, LOG_TIMESTAMP, HORAUTC, CALLSIGN, POSITION, ALTITUD, VELOCIDAD, DIRECCION, ID_VUELO) VALUES (inc_id.NextVal,'1520745685','2018-03-11T05:21:25Z','AVA120','10.633118,-72.930847','37000','521','25',472);
--Fila 121
INSERT INTO LOGS_VUELO (ID_LOG_VUELO, LOG_TIMESTAMP, HORAUTC, CALLSIGN, POSITION, ALTITUD, VELOCIDAD, DIRECCION, ID_VUELO) VALUES (inc_id.NextVal,'1520745746','2018-03-11T05:22:26Z','AVA120','10.766144,-72.865494','37000','523','25',427);
--Fila 122
INSERT INTO LOGS_VUELO (ID_LOG_VUELO, LOG_TIMESTAMP, HORAUTC, CALLSIGN, POSITION, ALTITUD, VELOCIDAD, DIRECCION, ID_VUELO) VALUES (inc_id.NextVal,'1520745807','2018-03-11T05:23:27Z','AVA120','10.899353,-72.800148','36975','525','25',416);
--Fila 123
INSERT INTO LOGS_VUELO (ID_LOG_VUELO, LOG_TIMESTAMP, HORAUTC, CALLSIGN, POSITION, ALTITUD, VELOCIDAD, DIRECCION, ID_VUELO) VALUES (inc_id.NextVal,'1520745869','2018-03-11T05:24:29Z','AVA120','11.035309,-72.73333','36975','526','25',419);
--Fila 124
INSERT INTO LOGS_VUELO (ID_LOG_VUELO, LOG_TIMESTAMP, HORAUTC, CALLSIGN, POSITION, ALTITUD, VELOCIDAD, DIRECCION, ID_VUELO) VALUES (inc_id.NextVal,'1520745933','2018-03-11T05:25:33Z','AVA120','11.176071,-72.664047','36975','527','25',496);
--Fila 125
INSERT INTO LOGS_VUELO (ID_LOG_VUELO, LOG_TIMESTAMP, HORAUTC, CALLSIGN, POSITION, ALTITUD, VELOCIDAD, DIRECCION, ID_VUELO) VALUES (inc_id.NextVal,'1520745994','2018-03-11T05:26:34Z','AVA120','11.309967,-72.598038','36975','528','25',439);
--Fila 126
INSERT INTO LOGS_VUELO (ID_LOG_VUELO, LOG_TIMESTAMP, HORAUTC, CALLSIGN, POSITION, ALTITUD, VELOCIDAD, DIRECCION, ID_VUELO) VALUES (inc_id.NextVal,'1520746055','2018-03-11T05:27:35Z','AVA120','11.444775,-72.531548','37000','528','25',474);
--Fila 127
INSERT INTO LOGS_VUELO (ID_LOG_VUELO, LOG_TIMESTAMP, HORAUTC, CALLSIGN, POSITION, ALTITUD, VELOCIDAD, DIRECCION, ID_VUELO) VALUES (inc_id.NextVal,'1520746116','2018-03-11T05:28:36Z','AVA120','11.57931,-72.465004','36975','528','25',499);
--Fila 128
INSERT INTO LOGS_VUELO (ID_LOG_VUELO, LOG_TIMESTAMP, HORAUTC, CALLSIGN, POSITION, ALTITUD, VELOCIDAD, DIRECCION, ID_VUELO) VALUES (inc_id.NextVal,'1520746178','2018-03-11T05:29:38Z','AVA120','11.715848,-72.3974','36975','528','26',407);
--Fila 129
INSERT INTO LOGS_VUELO (ID_LOG_VUELO, LOG_TIMESTAMP, HORAUTC, CALLSIGN, POSITION, ALTITUD, VELOCIDAD, DIRECCION, ID_VUELO) VALUES (inc_id.NextVal,'1520746239','2018-03-11T05:30:39Z','AVA120','11.850896,-72.330566','36975','530','25',476);
--Fila 130
INSERT INTO LOGS_VUELO (ID_LOG_VUELO, LOG_TIMESTAMP, HORAUTC, CALLSIGN, POSITION, ALTITUD, VELOCIDAD, DIRECCION, ID_VUELO) VALUES (inc_id.NextVal,'1520746260','2018-03-11T05:31:00Z','AVA120','11.896729,-72.307892','36975','530','25',417);
--Fila 131
INSERT INTO LOGS_VUELO (ID_LOG_VUELO, LOG_TIMESTAMP, HORAUTC, CALLSIGN, POSITION, ALTITUD, VELOCIDAD, DIRECCION, ID_VUELO) VALUES (inc_id.NextVal,'1520746350','2018-03-11T05:32:30Z','AVA120','12.098088,-72.207932','36975','531','25',481);
--Fila 132
INSERT INTO LOGS_VUELO (ID_LOG_VUELO, LOG_TIMESTAMP, HORAUTC, CALLSIGN, POSITION, ALTITUD, VELOCIDAD, DIRECCION, ID_VUELO) VALUES (inc_id.NextVal,'1520746412','2018-03-11T05:33:32Z','AVA120','12.234695,-72.140022','36975','533','26',465);
--Fila 133
INSERT INTO LOGS_VUELO (ID_LOG_VUELO, LOG_TIMESTAMP, HORAUTC, CALLSIGN, POSITION, ALTITUD, VELOCIDAD, DIRECCION, ID_VUELO) VALUES (inc_id.NextVal,'1520746473','2018-03-11T05:34:33Z','AVA120','12.369644,-72.072868','37000','532','26',423);
--Fila 134
INSERT INTO LOGS_VUELO (ID_LOG_VUELO, LOG_TIMESTAMP, HORAUTC, CALLSIGN, POSITION, ALTITUD, VELOCIDAD, DIRECCION, ID_VUELO) VALUES (inc_id.NextVal,'1520746534','2018-03-11T05:35:34Z','AVA120','12.506678,-72.00473','37000','533','25',442);
--Fila 135
INSERT INTO LOGS_VUELO (ID_LOG_VUELO, LOG_TIMESTAMP, HORAUTC, CALLSIGN, POSITION, ALTITUD, VELOCIDAD, DIRECCION, ID_VUELO) VALUES (inc_id.NextVal,'1520746596','2018-03-11T05:36:36Z','AVA120','12.643029,-71.936691','37000','532','26',455);
--Fila 136
INSERT INTO LOGS_VUELO (ID_LOG_VUELO, LOG_TIMESTAMP, HORAUTC, CALLSIGN, POSITION, ALTITUD, VELOCIDAD, DIRECCION, ID_VUELO) VALUES (inc_id.NextVal,'1520746659','2018-03-11T05:37:39Z','AVA120','12.780624,-71.86631','36975','533','28',491);
--Fila 137
INSERT INTO LOGS_VUELO (ID_LOG_VUELO, LOG_TIMESTAMP, HORAUTC, CALLSIGN, POSITION, ALTITUD, VELOCIDAD, DIRECCION, ID_VUELO) VALUES (inc_id.NextVal,'1520746668','2018-03-11T05:37:48Z','AVA120','12.801167,-71.851746','36975','534','36',473);
--Fila 138
INSERT INTO LOGS_VUELO (ID_LOG_VUELO, LOG_TIMESTAMP, HORAUTC, CALLSIGN, POSITION, ALTITUD, VELOCIDAD, DIRECCION, ID_VUELO) VALUES (inc_id.NextVal,'1520746674','2018-03-11T05:37:54Z','AVA120','12.811967,-71.842827','36975','534','39',444);
--Fila 139
INSERT INTO LOGS_VUELO (ID_LOG_VUELO, LOG_TIMESTAMP, HORAUTC, CALLSIGN, POSITION, ALTITUD, VELOCIDAD, DIRECCION, ID_VUELO) VALUES (inc_id.NextVal,'1520746680','2018-03-11T05:38:00Z','AVA120','12.823975,-71.831833','36975','535','42',450);
--Fila 140
INSERT INTO LOGS_VUELO (ID_LOG_VUELO, LOG_TIMESTAMP, HORAUTC, CALLSIGN, POSITION, ALTITUD, VELOCIDAD, DIRECCION, ID_VUELO) VALUES (inc_id.NextVal,'1520746687','2018-03-11T05:38:07Z','AVA120','12.834684,-71.8209','37000','535','45',408);
--Fila 141
INSERT INTO LOGS_VUELO (ID_LOG_VUELO, LOG_TIMESTAMP, HORAUTC, CALLSIGN, POSITION, ALTITUD, VELOCIDAD, DIRECCION, ID_VUELO) VALUES (inc_id.NextVal,'1520746693','2018-03-11T05:38:13Z','AVA120','12.845252,-71.808762','37025','535','49',460);
--Fila 142
INSERT INTO LOGS_VUELO (ID_LOG_VUELO, LOG_TIMESTAMP, HORAUTC, CALLSIGN, POSITION, ALTITUD, VELOCIDAD, DIRECCION, ID_VUELO) VALUES (inc_id.NextVal,'1520746700','2018-03-11T05:38:20Z','AVA120','12.855447,-71.795654','37000','535','52',420);
--Fila 143
INSERT INTO LOGS_VUELO (ID_LOG_VUELO, LOG_TIMESTAMP, HORAUTC, CALLSIGN, POSITION, ALTITUD, VELOCIDAD, DIRECCION, ID_VUELO) VALUES (inc_id.NextVal,'1520746708','2018-03-11T05:38:28Z','AVA120','12.867643,-71.778404','36975','536','54',484);
--Fila 144
INSERT INTO LOGS_VUELO (ID_LOG_VUELO, LOG_TIMESTAMP, HORAUTC, CALLSIGN, POSITION, ALTITUD, VELOCIDAD, DIRECCION, ID_VUELO) VALUES (inc_id.NextVal,'1520746714','2018-03-11T05:38:34Z','AVA120','12.87735,-71.764587','37000','536','54',460);
--Fila 145
INSERT INTO LOGS_VUELO (ID_LOG_VUELO, LOG_TIMESTAMP, HORAUTC, CALLSIGN, POSITION, ALTITUD, VELOCIDAD, DIRECCION, ID_VUELO) VALUES (inc_id.NextVal,'1520746739','2018-03-11T05:38:59Z','AVA120','12.91246,-71.71534','37000','536','54',463);
--Fila 146
INSERT INTO LOGS_VUELO (ID_LOG_VUELO, LOG_TIMESTAMP, HORAUTC, CALLSIGN, POSITION, ALTITUD, VELOCIDAD, DIRECCION, ID_VUELO) VALUES (inc_id.NextVal,'1520746836','2018-03-11T05:40:36Z','AVA120','13.053909,-71.515884','36975','537','54',423);
--Fila 147
INSERT INTO LOGS_VUELO (ID_LOG_VUELO, LOG_TIMESTAMP, HORAUTC, CALLSIGN, POSITION, ALTITUD, VELOCIDAD, DIRECCION, ID_VUELO) VALUES (inc_id.NextVal,'1520746897','2018-03-11T05:41:37Z','AVA120','13.144089,-71.388687','36975','538','54',445);
--Fila 148
INSERT INTO LOGS_VUELO (ID_LOG_VUELO, LOG_TIMESTAMP, HORAUTC, CALLSIGN, POSITION, ALTITUD, VELOCIDAD, DIRECCION, ID_VUELO) VALUES (inc_id.NextVal,'1520746958','2018-03-11T05:42:38Z','AVA120','13.233948,-71.261681','37000','539','54',412);
--Fila 149
INSERT INTO LOGS_VUELO (ID_LOG_VUELO, LOG_TIMESTAMP, HORAUTC, CALLSIGN, POSITION, ALTITUD, VELOCIDAD, DIRECCION, ID_VUELO) VALUES (inc_id.NextVal,'1520747021','2018-03-11T05:43:41Z','AVA120','13.32427,-71.133873','37000','534','54',467);
--Fila 150
INSERT INTO LOGS_VUELO (ID_LOG_VUELO, LOG_TIMESTAMP, HORAUTC, CALLSIGN, POSITION, ALTITUD, VELOCIDAD, DIRECCION, ID_VUELO) VALUES (inc_id.NextVal,'1520747086','2018-03-11T05:44:46Z','AVA120','13.41966,-70.998657','37800','531','54',465);

--Fila 151
INSERT INTO LOGS_VUELO (ID_LOG_VUELO, LOG_TIMESTAMP, HORAUTC, CALLSIGN, POSITION, ALTITUD, VELOCIDAD, DIRECCION, ID_VUELO) VALUES (inc_id.NextVal,'1520747151','2018-03-11T05:45:51Z','AVA120','13.51481,-70.863548','38775','530','54',407);
--Fila 152
INSERT INTO LOGS_VUELO (ID_LOG_VUELO, LOG_TIMESTAMP, HORAUTC, CALLSIGN, POSITION, ALTITUD, VELOCIDAD, DIRECCION, ID_VUELO) VALUES (inc_id.NextVal,'1520747216','2018-03-11T05:46:56Z','AVA120','13.60871,-70.72979','39000','530','54',440);
--Fila 153
INSERT INTO LOGS_VUELO (ID_LOG_VUELO, LOG_TIMESTAMP, HORAUTC, CALLSIGN, POSITION, ALTITUD, VELOCIDAD, DIRECCION, ID_VUELO) VALUES (inc_id.NextVal,'1520747281','2018-03-11T05:48:01Z','AVA120','13.70068,-70.598846','38975','527','55',418);
--Fila 154
INSERT INTO LOGS_VUELO (ID_LOG_VUELO, LOG_TIMESTAMP, HORAUTC, CALLSIGN, POSITION, ALTITUD, VELOCIDAD, DIRECCION, ID_VUELO) VALUES (inc_id.NextVal,'1520747346','2018-03-11T05:49:06Z','AVA120','13.79571,-70.46347','39000','529','54',406);
--Fila 155
INSERT INTO LOGS_VUELO (ID_LOG_VUELO, LOG_TIMESTAMP, HORAUTC, CALLSIGN, POSITION, ALTITUD, VELOCIDAD, DIRECCION, ID_VUELO) VALUES (inc_id.NextVal,'1520747411','2018-03-11T05:50:11Z','AVA120','13.88933,-70.32975','38975','530','55',419);
--Fila 156
INSERT INTO LOGS_VUELO (ID_LOG_VUELO, LOG_TIMESTAMP, HORAUTC, CALLSIGN, POSITION, ALTITUD, VELOCIDAD, DIRECCION, ID_VUELO) VALUES (inc_id.NextVal,'1520747476','2018-03-11T05:51:16Z','AVA120','13.98178,-70.197243','38975','530','55',443);
--Fila 157
INSERT INTO LOGS_VUELO (ID_LOG_VUELO, LOG_TIMESTAMP, HORAUTC, CALLSIGN, POSITION, ALTITUD, VELOCIDAD, DIRECCION, ID_VUELO) VALUES (inc_id.NextVal,'1520747541','2018-03-11T05:52:21Z','AVA120','14.07665,-70.061546','38975','532','55',471);
--Fila 158
INSERT INTO LOGS_VUELO (ID_LOG_VUELO, LOG_TIMESTAMP, HORAUTC, CALLSIGN, POSITION, ALTITUD, VELOCIDAD, DIRECCION, ID_VUELO) VALUES (inc_id.NextVal,'1520747606','2018-03-11T05:53:26Z','AVA120','14.17191,-69.924622','39000','532','55',499);
--Fila 159
INSERT INTO LOGS_VUELO (ID_LOG_VUELO, LOG_TIMESTAMP, HORAUTC, CALLSIGN, POSITION, ALTITUD, VELOCIDAD, DIRECCION, ID_VUELO) VALUES (inc_id.NextVal,'1520747671','2018-03-11T05:54:31Z','AVA120','14.26447,-69.791496','39000','531','55',417);
--Fila 160
INSERT INTO LOGS_VUELO (ID_LOG_VUELO, LOG_TIMESTAMP, HORAUTC, CALLSIGN, POSITION, ALTITUD, VELOCIDAD, DIRECCION, ID_VUELO) VALUES (inc_id.NextVal,'1520747736','2018-03-11T05:55:36Z','AVA120','14.35936,-69.654716','39025','535','54',490);
--Fila 161
INSERT INTO LOGS_VUELO (ID_LOG_VUELO, LOG_TIMESTAMP, HORAUTC, CALLSIGN, POSITION, ALTITUD, VELOCIDAD, DIRECCION, ID_VUELO) VALUES (inc_id.NextVal,'1520747801','2018-03-11T05:56:41Z','AVA120','14.45261,-69.520248','38975','531','55',470);
--Fila 162
INSERT INTO LOGS_VUELO (ID_LOG_VUELO, LOG_TIMESTAMP, HORAUTC, CALLSIGN, POSITION, ALTITUD, VELOCIDAD, DIRECCION, ID_VUELO) VALUES (inc_id.NextVal,'1520747866','2018-03-11T05:57:46Z','AVA120','14.54697,-69.38401','38975','533','55',463);
--Fila 163
INSERT INTO LOGS_VUELO (ID_LOG_VUELO, LOG_TIMESTAMP, HORAUTC, CALLSIGN, POSITION, ALTITUD, VELOCIDAD, DIRECCION, ID_VUELO) VALUES (inc_id.NextVal,'1520747931','2018-03-11T05:58:51Z','AVA120','14.63942,-69.250053','39000','537','54',456);
--Fila 164
INSERT INTO LOGS_VUELO (ID_LOG_VUELO, LOG_TIMESTAMP, HORAUTC, CALLSIGN, POSITION, ALTITUD, VELOCIDAD, DIRECCION, ID_VUELO) VALUES (inc_id.NextVal,'1520747996','2018-03-11T05:59:56Z','AVA120','14.73262,-69.114853','38975','536','54',430);
--Fila 165
INSERT INTO LOGS_VUELO (ID_LOG_VUELO, LOG_TIMESTAMP, HORAUTC, CALLSIGN, POSITION, ALTITUD, VELOCIDAD, DIRECCION, ID_VUELO) VALUES (inc_id.NextVal,'1520748062','2018-03-11T06:01:02Z','AVA120','14.82596,-68.979317','39000','535','54',499);
--Fila 166
INSERT INTO LOGS_VUELO (ID_LOG_VUELO, LOG_TIMESTAMP, HORAUTC, CALLSIGN, POSITION, ALTITUD, VELOCIDAD, DIRECCION, ID_VUELO) VALUES (inc_id.NextVal,'1520748126','2018-03-11T06:02:06Z','AVA120','14.92083,-68.841263','39000','533','54',440);
--Fila 167
INSERT INTO LOGS_VUELO (ID_LOG_VUELO, LOG_TIMESTAMP, HORAUTC, CALLSIGN, POSITION, ALTITUD, VELOCIDAD, DIRECCION, ID_VUELO) VALUES (inc_id.NextVal,'1520748191','2018-03-11T06:03:11Z','AVA120','15.01268,-68.70742','38975','534','54',416);
--Fila 168
INSERT INTO LOGS_VUELO (ID_LOG_VUELO, LOG_TIMESTAMP, HORAUTC, CALLSIGN, POSITION, ALTITUD, VELOCIDAD, DIRECCION, ID_VUELO) VALUES (inc_id.NextVal,'1520748256','2018-03-11T06:04:16Z','AVA120','15.10437,-68.573532','38975','535','54',460);
--Fila 169
INSERT INTO LOGS_VUELO (ID_LOG_VUELO, LOG_TIMESTAMP, HORAUTC, CALLSIGN, POSITION, ALTITUD, VELOCIDAD, DIRECCION, ID_VUELO) VALUES (inc_id.NextVal,'1520748321','2018-03-11T06:05:21Z','AVA120','15.19591,-68.439583','38975','534','54',490);
--Fila 170
INSERT INTO LOGS_VUELO (ID_LOG_VUELO, LOG_TIMESTAMP, HORAUTC, CALLSIGN, POSITION, ALTITUD, VELOCIDAD, DIRECCION, ID_VUELO) VALUES (inc_id.NextVal,'1520748361','2018-03-11T06:06:01Z','AVA120','15.24902,-68.361847','39000','533','54',477);
--Fila 171
INSERT INTO LOGS_VUELO (ID_LOG_VUELO, LOG_TIMESTAMP, HORAUTC, CALLSIGN, POSITION, ALTITUD, VELOCIDAD, DIRECCION, ID_VUELO) VALUES (inc_id.NextVal,'1520748445','2018-03-11T06:07:25Z','AVA120','15.357211,-68.195274','39000','530','57',434);
--Fila 172
INSERT INTO LOGS_VUELO (ID_LOG_VUELO, LOG_TIMESTAMP, HORAUTC, CALLSIGN, POSITION, ALTITUD, VELOCIDAD, DIRECCION, ID_VUELO) VALUES (inc_id.NextVal,'1520748520','2018-03-11T06:08:40Z','AVA120','15.431131,-68.080063','39000','530','55',495);
--Fila 173
INSERT INTO LOGS_VUELO (ID_LOG_VUELO, LOG_TIMESTAMP, HORAUTC, CALLSIGN, POSITION, ALTITUD, VELOCIDAD, DIRECCION, ID_VUELO) VALUES (inc_id.NextVal,'1520748581','2018-03-11T06:09:41Z','AVA120','15.510069,-67.959702','39000','530','55',461);
--Fila 174
INSERT INTO LOGS_VUELO (ID_LOG_VUELO, LOG_TIMESTAMP, HORAUTC, CALLSIGN, POSITION, ALTITUD, VELOCIDAD, DIRECCION, ID_VUELO) VALUES (inc_id.NextVal,'1520748672','2018-03-11T06:11:12Z','AVA120','15.696442,-67.703247','38975','534','55',480);
--Fila 175
INSERT INTO LOGS_VUELO (ID_LOG_VUELO, LOG_TIMESTAMP, HORAUTC, CALLSIGN, POSITION, ALTITUD, VELOCIDAD, DIRECCION, ID_VUELO) VALUES (inc_id.NextVal,'1520748699','2018-03-11T06:11:39Z','AVA120','15.733887,-67.647881','39000','534','55',492);
--Fila 176
INSERT INTO LOGS_VUELO (ID_LOG_VUELO, LOG_TIMESTAMP, HORAUTC, CALLSIGN, POSITION, ALTITUD, VELOCIDAD, DIRECCION, ID_VUELO) VALUES (inc_id.NextVal,'1520748811','2018-03-11T06:13:31Z','AVA120','15.874952,-67.428505','39000','530','55',479);
--Fila 177
INSERT INTO LOGS_VUELO (ID_LOG_VUELO, LOG_TIMESTAMP, HORAUTC, CALLSIGN, POSITION, ALTITUD, VELOCIDAD, DIRECCION, ID_VUELO) VALUES (inc_id.NextVal,'1520748874','2018-03-11T06:14:34Z','AVA120','15.957036,-67.296959','39000','530','56',459);
--Fila 178
INSERT INTO LOGS_VUELO (ID_LOG_VUELO, LOG_TIMESTAMP, HORAUTC, CALLSIGN, POSITION, ALTITUD, VELOCIDAD, DIRECCION, ID_VUELO) VALUES (inc_id.NextVal,'1520748935','2018-03-11T06:15:35Z','AVA120','16.059359,-67.145203','38975','535','56',493);
--Fila 179
INSERT INTO LOGS_VUELO (ID_LOG_VUELO, LOG_TIMESTAMP, HORAUTC, CALLSIGN, POSITION, ALTITUD, VELOCIDAD, DIRECCION, ID_VUELO) VALUES (inc_id.NextVal,'1520748996','2018-03-11T06:16:36Z','AVA120','16.143631,-67.012215','38975','538','56',478);
--Fila 180
INSERT INTO LOGS_VUELO (ID_LOG_VUELO, LOG_TIMESTAMP, HORAUTC, CALLSIGN, POSITION, ALTITUD, VELOCIDAD, DIRECCION, ID_VUELO) VALUES (inc_id.NextVal,'1520749057','2018-03-11T06:17:37Z','AVA120','16.227692,-66.87957','38975','542','56',432);
--Fila 181
INSERT INTO LOGS_VUELO (ID_LOG_VUELO, LOG_TIMESTAMP, HORAUTC, CALLSIGN, POSITION, ALTITUD, VELOCIDAD, DIRECCION, ID_VUELO) VALUES (inc_id.NextVal,'1520749097','2018-03-11T06:18:17Z','AVA120','16.280731,-66.79567','38975','542','56',419);
--Fila 182
INSERT INTO LOGS_VUELO (ID_LOG_VUELO, LOG_TIMESTAMP, HORAUTC, CALLSIGN, POSITION, ALTITUD, VELOCIDAD, DIRECCION, ID_VUELO) VALUES (inc_id.NextVal,'1520749186','2018-03-11T06:19:46Z','AVA120','16.404419,-66.599602','38975','544','57',404);
--Fila 183
INSERT INTO LOGS_VUELO (ID_LOG_VUELO, LOG_TIMESTAMP, HORAUTC, CALLSIGN, POSITION, ALTITUD, VELOCIDAD, DIRECCION, ID_VUELO) VALUES (inc_id.NextVal,'1520749247','2018-03-11T06:20:47Z','AVA120','16.487137,-66.468155','38975','544','56',445);
--Fila 184
INSERT INTO LOGS_VUELO (ID_LOG_VUELO, LOG_TIMESTAMP, HORAUTC, CALLSIGN, POSITION, ALTITUD, VELOCIDAD, DIRECCION, ID_VUELO) VALUES (inc_id.NextVal,'1520749310','2018-03-11T06:21:50Z','AVA120','16.576218,-66.32634','39000','545','56',473);
--Fila 185
INSERT INTO LOGS_VUELO (ID_LOG_VUELO, LOG_TIMESTAMP, HORAUTC, CALLSIGN, POSITION, ALTITUD, VELOCIDAD, DIRECCION, ID_VUELO) VALUES (inc_id.NextVal,'1520749368','2018-03-11T06:22:48Z','AVA120','16.652939,-66.204002','38975','542','56',456);
--Fila 186
INSERT INTO LOGS_VUELO (ID_LOG_VUELO, LOG_TIMESTAMP, HORAUTC, CALLSIGN, POSITION, ALTITUD, VELOCIDAD, DIRECCION, ID_VUELO) VALUES (inc_id.NextVal,'1520749459','2018-03-11T06:24:19Z','AVA120','16.780453,-66.000168','38975','542','56',452);
--Fila 187
INSERT INTO LOGS_VUELO (ID_LOG_VUELO, LOG_TIMESTAMP, HORAUTC, CALLSIGN, POSITION, ALTITUD, VELOCIDAD, DIRECCION, ID_VUELO) VALUES (inc_id.NextVal,'1520749520','2018-03-11T06:25:20Z','AVA120','16.863373,-65.86718','38975','540','57',499);
--Fila 188
INSERT INTO LOGS_VUELO (ID_LOG_VUELO, LOG_TIMESTAMP, HORAUTC, CALLSIGN, POSITION, ALTITUD, VELOCIDAD, DIRECCION, ID_VUELO) VALUES (inc_id.NextVal,'1520749581','2018-03-11T06:26:21Z','AVA120','16.9459,-65.734436','38975','537','57',494);
--Fila 189
INSERT INTO LOGS_VUELO (ID_LOG_VUELO, LOG_TIMESTAMP, HORAUTC, CALLSIGN, POSITION, ALTITUD, VELOCIDAD, DIRECCION, ID_VUELO) VALUES (inc_id.NextVal,'1520749644','2018-03-11T06:27:24Z','AVA120','17.031368,-65.596962','38975','537','57',449);
--Fila 190
INSERT INTO LOGS_VUELO (ID_LOG_VUELO, LOG_TIMESTAMP, HORAUTC, CALLSIGN, POSITION, ALTITUD, VELOCIDAD, DIRECCION, ID_VUELO) VALUES (inc_id.NextVal,'1520749705','2018-03-11T06:28:25Z','AVA120','17.114185,-65.463753','39000','537','57',402);
--Fila 191
INSERT INTO LOGS_VUELO (ID_LOG_VUELO, LOG_TIMESTAMP, HORAUTC, CALLSIGN, POSITION, ALTITUD, VELOCIDAD, DIRECCION, ID_VUELO) VALUES (inc_id.NextVal,'1520749766','2018-03-11T06:29:26Z','AVA120','17.196442,-65.330971','38975','537','57',433);
--Fila 192
INSERT INTO LOGS_VUELO (ID_LOG_VUELO, LOG_TIMESTAMP, HORAUTC, CALLSIGN, POSITION, ALTITUD, VELOCIDAD, DIRECCION, ID_VUELO) VALUES (inc_id.NextVal,'1520749827','2018-03-11T06:30:27Z','AVA120','17.278931,-65.19735','39000','541','57',462);
--Fila 193
INSERT INTO LOGS_VUELO (ID_LOG_VUELO, LOG_TIMESTAMP, HORAUTC, CALLSIGN, POSITION, ALTITUD, VELOCIDAD, DIRECCION, ID_VUELO) VALUES (inc_id.NextVal,'1520749888','2018-03-11T06:31:28Z','AVA120','17.361832,-65.062767','39000','540','57',453);
--Fila 194
INSERT INTO LOGS_VUELO (ID_LOG_VUELO, LOG_TIMESTAMP, HORAUTC, CALLSIGN, POSITION, ALTITUD, VELOCIDAD, DIRECCION, ID_VUELO) VALUES (inc_id.NextVal,'1520749949','2018-03-11T06:32:29Z','AVA120','17.444046,-64.92939','39000','539','57',459);
--Fila 195
INSERT INTO LOGS_VUELO (ID_LOG_VUELO, LOG_TIMESTAMP, HORAUTC, CALLSIGN, POSITION, ALTITUD, VELOCIDAD, DIRECCION, ID_VUELO) VALUES (inc_id.NextVal,'1520750012','2018-03-11T06:33:32Z','AVA120','17.529694,-64.789993','38975','541','57',471);
--Fila 196
INSERT INTO LOGS_VUELO (ID_LOG_VUELO, LOG_TIMESTAMP, HORAUTC, CALLSIGN, POSITION, ALTITUD, VELOCIDAD, DIRECCION, ID_VUELO) VALUES (inc_id.NextVal,'1520750073','2018-03-11T06:34:33Z','AVA120','17.612387,-64.65493','39000','542','57',451);
--Fila 197
INSERT INTO LOGS_VUELO (ID_LOG_VUELO, LOG_TIMESTAMP, HORAUTC, CALLSIGN, POSITION, ALTITUD, VELOCIDAD, DIRECCION, ID_VUELO) VALUES (inc_id.NextVal,'1520750134','2018-03-11T06:35:34Z','AVA120','17.694738,-64.520256','38975','542','57',464);
--Fila 198
INSERT INTO LOGS_VUELO (ID_LOG_VUELO, LOG_TIMESTAMP, HORAUTC, CALLSIGN, POSITION, ALTITUD, VELOCIDAD, DIRECCION, ID_VUELO) VALUES (inc_id.NextVal,'1520750195','2018-03-11T06:36:35Z','AVA120','17.776703,-64.385902','39000','542','57',453);
--Fila 199
INSERT INTO LOGS_VUELO (ID_LOG_VUELO, LOG_TIMESTAMP, HORAUTC, CALLSIGN, POSITION, ALTITUD, VELOCIDAD, DIRECCION, ID_VUELO) VALUES (inc_id.NextVal,'1520750256','2018-03-11T06:37:36Z','AVA120','17.858974,-64.250893','38975','542','57',476);
--Fila 200
INSERT INTO LOGS_VUELO (ID_LOG_VUELO, LOG_TIMESTAMP, HORAUTC, CALLSIGN, POSITION, ALTITUD, VELOCIDAD, DIRECCION, ID_VUELO) VALUES (inc_id.NextVal,'1520750320','2018-03-11T06:38:40Z','AVA120','17.944817,-64.109642','39000','543','57',469);
--Fallo de inserción en las filas  201  mediante  250 
--ORA-01400: no se puede realizar una inserción NULL en ("AVIANCA"."LOGS_VUELO"."ID_LOG_VUELO")
--Fila 201
INSERT INTO LOGS_VUELO (ID_LOG_VUELO, LOG_TIMESTAMP, HORAUTC, CALLSIGN, POSITION, ALTITUD, VELOCIDAD, DIRECCION, ID_VUELO) VALUES (inc_id.NextVal,'1520750383','2018-03-11T06:39:43Z','AVA120','18.030716,-63.967945','38975','542','57',414);
--Fila 202
INSERT INTO LOGS_VUELO (ID_LOG_VUELO, LOG_TIMESTAMP, HORAUTC, CALLSIGN, POSITION, ALTITUD, VELOCIDAD, DIRECCION, ID_VUELO) VALUES (inc_id.NextVal,'1520750445','2018-03-11T06:40:45Z','AVA120','18.113243,-63.831646','38975','542','57',407);
--Fila 203
INSERT INTO LOGS_VUELO (ID_LOG_VUELO, LOG_TIMESTAMP, HORAUTC, CALLSIGN, POSITION, ALTITUD, VELOCIDAD, DIRECCION, ID_VUELO) VALUES (inc_id.NextVal,'1520750508','2018-03-11T06:41:48Z','AVA120','18.199318,-63.689194','39000','542','57',438);
--Fila 204
INSERT INTO LOGS_VUELO (ID_LOG_VUELO, LOG_TIMESTAMP, HORAUTC, CALLSIGN, POSITION, ALTITUD, VELOCIDAD, DIRECCION, ID_VUELO) VALUES (inc_id.NextVal,'1520750569','2018-03-11T06:42:49Z','AVA120','18.280226,-63.554859','38975','543','57',488);
--Fila 205
INSERT INTO LOGS_VUELO (ID_LOG_VUELO, LOG_TIMESTAMP, HORAUTC, CALLSIGN, POSITION, ALTITUD, VELOCIDAD, DIRECCION, ID_VUELO) VALUES (inc_id.NextVal,'1520750630','2018-03-11T06:43:50Z','AVA120','18.362995,-63.417179','38975','544','57',439);
--Fila 206
INSERT INTO LOGS_VUELO (ID_LOG_VUELO, LOG_TIMESTAMP, HORAUTC, CALLSIGN, POSITION, ALTITUD, VELOCIDAD, DIRECCION, ID_VUELO) VALUES (inc_id.NextVal,'1520750691','2018-03-11T06:44:51Z','AVA120','18.444229,-63.281898','38975','541','57',443);
--Fila 207
INSERT INTO LOGS_VUELO (ID_LOG_VUELO, LOG_TIMESTAMP, HORAUTC, CALLSIGN, POSITION, ALTITUD, VELOCIDAD, DIRECCION, ID_VUELO) VALUES (inc_id.NextVal,'1520750752','2018-03-11T06:45:52Z','AVA120','18.52533,-63.146374','39000','543','57',413);
--Fila 208
INSERT INTO LOGS_VUELO (ID_LOG_VUELO, LOG_TIMESTAMP, HORAUTC, CALLSIGN, POSITION, ALTITUD, VELOCIDAD, DIRECCION, ID_VUELO) VALUES (inc_id.NextVal,'1520750813','2018-03-11T06:46:53Z','AVA120','18.60672,-63.010174','38975','543','58',490);
--Fila 209
INSERT INTO LOGS_VUELO (ID_LOG_VUELO, LOG_TIMESTAMP, HORAUTC, CALLSIGN, POSITION, ALTITUD, VELOCIDAD, DIRECCION, ID_VUELO) VALUES (inc_id.NextVal,'1520750874','2018-03-11T06:47:54Z','AVA120','18.688614,-62.872746','39000','544','58',450);
--Fila 210
INSERT INTO LOGS_VUELO (ID_LOG_VUELO, LOG_TIMESTAMP, HORAUTC, CALLSIGN, POSITION, ALTITUD, VELOCIDAD, DIRECCION, ID_VUELO) VALUES (inc_id.NextVal,'1520750937','2018-03-11T06:48:57Z','AVA120','18.773958,-62.729435','38975','545','58',424);
--Fila 211
INSERT INTO LOGS_VUELO (ID_LOG_VUELO, LOG_TIMESTAMP, HORAUTC, CALLSIGN, POSITION, ALTITUD, VELOCIDAD, DIRECCION, ID_VUELO) VALUES (inc_id.NextVal,'1520750998','2018-03-11T06:49:58Z','AVA120','18.856018,-62.591221','38975','545','58',463);
--Fila 212
INSERT INTO LOGS_VUELO (ID_LOG_VUELO, LOG_TIMESTAMP, HORAUTC, CALLSIGN, POSITION, ALTITUD, VELOCIDAD, DIRECCION, ID_VUELO) VALUES (inc_id.NextVal,'1520751047','2018-03-11T06:50:47Z','AVA120','18.920551,-62.482243','39000','545','58',418);
--Fila 213
INSERT INTO LOGS_VUELO (ID_LOG_VUELO, LOG_TIMESTAMP, HORAUTC, CALLSIGN, POSITION, ALTITUD, VELOCIDAD, DIRECCION, ID_VUELO) VALUES (inc_id.NextVal,'1520751135','2018-03-11T06:52:15Z','AVA120','19.03791,-62.28389','39000','546','58',484);
--Fila 214
INSERT INTO LOGS_VUELO (ID_LOG_VUELO, LOG_TIMESTAMP, HORAUTC, CALLSIGN, POSITION, ALTITUD, VELOCIDAD, DIRECCION, ID_VUELO) VALUES (inc_id.NextVal,'1520751196','2018-03-11T06:53:16Z','AVA120','19.12001,-62.144409','39000','546','58',450);
--Fila 215
INSERT INTO LOGS_VUELO (ID_LOG_VUELO, LOG_TIMESTAMP, HORAUTC, CALLSIGN, POSITION, ALTITUD, VELOCIDAD, DIRECCION, ID_VUELO) VALUES (inc_id.NextVal,'1520751257','2018-03-11T06:54:17Z','AVA120','19.201542,-62.005688','38975','546','58',445);
--Fila 216
INSERT INTO LOGS_VUELO (ID_LOG_VUELO, LOG_TIMESTAMP, HORAUTC, CALLSIGN, POSITION, ALTITUD, VELOCIDAD, DIRECCION, ID_VUELO) VALUES (inc_id.NextVal,'1520751318','2018-03-11T06:55:18Z','AVA120','19.28334,-61.866417','38975','548','58',490);
--Fila 217
INSERT INTO LOGS_VUELO (ID_LOG_VUELO, LOG_TIMESTAMP, HORAUTC, CALLSIGN, POSITION, ALTITUD, VELOCIDAD, DIRECCION, ID_VUELO) VALUES (inc_id.NextVal,'1520751379','2018-03-11T06:56:19Z','AVA120','19.357498,-61.723251','38975','554','66',443);
--Fila 218
INSERT INTO LOGS_VUELO (ID_LOG_VUELO, LOG_TIMESTAMP, HORAUTC, CALLSIGN, POSITION, ALTITUD, VELOCIDAD, DIRECCION, ID_VUELO) VALUES (inc_id.NextVal,'1520751441','2018-03-11T06:57:21Z','AVA120','19.416321,-61.569','38975','552','68',437);
--Fila 219
INSERT INTO LOGS_VUELO (ID_LOG_VUELO, LOG_TIMESTAMP, HORAUTC, CALLSIGN, POSITION, ALTITUD, VELOCIDAD, DIRECCION, ID_VUELO) VALUES (inc_id.NextVal,'1520751503','2018-03-11T06:58:23Z','AVA120','19.475361,-61.412376','39000','551','68',453);
--Fila 220
INSERT INTO LOGS_VUELO (ID_LOG_VUELO, LOG_TIMESTAMP, HORAUTC, CALLSIGN, POSITION, ALTITUD, VELOCIDAD, DIRECCION, ID_VUELO) VALUES (inc_id.NextVal,'1520751516','2018-03-11T06:58:36Z','AVA120','19.486633,-61.382526','39000','551','68',472);
--Fila 221
INSERT INTO LOGS_VUELO (ID_LOG_VUELO, LOG_TIMESTAMP, HORAUTC, CALLSIGN, POSITION, ALTITUD, VELOCIDAD, DIRECCION, ID_VUELO) VALUES (inc_id.NextVal,'1520751570','2018-03-11T06:59:30Z','AVA120','19.537043,-61.248428','39000','551','68',427);
--Fila 222
INSERT INTO LOGS_VUELO (ID_LOG_VUELO, LOG_TIMESTAMP, HORAUTC, CALLSIGN, POSITION, ALTITUD, VELOCIDAD, DIRECCION, ID_VUELO) VALUES (inc_id.NextVal,'1520751650','2018-03-11T07:00:50Z','AVA120','19.592958,-61.092804','39000','556','66',416);
--Fila 223
INSERT INTO LOGS_VUELO (ID_LOG_VUELO, LOG_TIMESTAMP, HORAUTC, CALLSIGN, POSITION, ALTITUD, VELOCIDAD, DIRECCION, ID_VUELO) VALUES (inc_id.NextVal,'1520752079','2018-03-11T07:07:59Z','AVA120','19.995407,-60.011318','39000','561','130',419);
--Fila 224
INSERT INTO LOGS_VUELO (ID_LOG_VUELO, LOG_TIMESTAMP, HORAUTC, CALLSIGN, POSITION, ALTITUD, VELOCIDAD, DIRECCION, ID_VUELO) VALUES (inc_id.NextVal,'1520752217','2018-03-11T07:10:17Z','AVA120','20.180849,-59.679356','39000','562','53',496);
--Fila 225
INSERT INTO LOGS_VUELO (ID_LOG_VUELO, LOG_TIMESTAMP, HORAUTC, CALLSIGN, POSITION, ALTITUD, VELOCIDAD, DIRECCION, ID_VUELO) VALUES (inc_id.NextVal,'1520752799','2018-03-11T07:19:59Z','AVA120','21.022758,-58.355595','39000','565','120',439);
--Fila 226
INSERT INTO LOGS_VUELO (ID_LOG_VUELO, LOG_TIMESTAMP, HORAUTC, CALLSIGN, POSITION, ALTITUD, VELOCIDAD, DIRECCION, ID_VUELO) VALUES (inc_id.NextVal,'1520753363','2018-03-11T07:29:23Z','AVA120','21.886786,-57.036564','39000','567','100',474);
--Fila 227
INSERT INTO LOGS_VUELO (ID_LOG_VUELO, LOG_TIMESTAMP, HORAUTC, CALLSIGN, POSITION, ALTITUD, VELOCIDAD, DIRECCION, ID_VUELO) VALUES (inc_id.NextVal,'1520753954','2018-03-11T07:39:14Z','AVA120','22.738001,-55.680325','39000','569','124',499);
--Fila 228
INSERT INTO LOGS_VUELO (ID_LOG_VUELO, LOG_TIMESTAMP, HORAUTC, CALLSIGN, POSITION, ALTITUD, VELOCIDAD, DIRECCION, ID_VUELO) VALUES (inc_id.NextVal,'1520754517','2018-03-11T07:48:37Z','AVA120','23.565166,-54.311554','39000','572','105',407);
--Fila 229
INSERT INTO LOGS_VUELO (ID_LOG_VUELO, LOG_TIMESTAMP, HORAUTC, CALLSIGN, POSITION, ALTITUD, VELOCIDAD, DIRECCION, ID_VUELO) VALUES (inc_id.NextVal,'1520755100','2018-03-11T07:58:20Z','AVA120','24.388018,-52.887096','39000','572','120',476);
--Fila 230
INSERT INTO LOGS_VUELO (ID_LOG_VUELO, LOG_TIMESTAMP, HORAUTC, CALLSIGN, POSITION, ALTITUD, VELOCIDAD, DIRECCION, ID_VUELO) VALUES (inc_id.NextVal,'1520755668','2018-03-11T08:07:48Z','AVA120','25.199556,-51.457451','39000','574','113',417);
--Fila 231
INSERT INTO LOGS_VUELO (ID_LOG_VUELO, LOG_TIMESTAMP, HORAUTC, CALLSIGN, POSITION, ALTITUD, VELOCIDAD, DIRECCION, ID_VUELO) VALUES (inc_id.NextVal,'1520756250','2018-03-11T08:17:30Z','AVA120','26.003971,-50.000546','39000','566','120',481);
--Fila 232
INSERT INTO LOGS_VUELO (ID_LOG_VUELO, LOG_TIMESTAMP, HORAUTC, CALLSIGN, POSITION, ALTITUD, VELOCIDAD, DIRECCION, ID_VUELO) VALUES (inc_id.NextVal,'1520756273','2018-03-11T08:17:53Z','AVA120','26.018661,-49.970455','39000','566','172',465);
--Fila 233
INSERT INTO LOGS_VUELO (ID_LOG_VUELO, LOG_TIMESTAMP, HORAUTC, CALLSIGN, POSITION, ALTITUD, VELOCIDAD, DIRECCION, ID_VUELO) VALUES (inc_id.NextVal,'1520756835','2018-03-11T08:27:15Z','AVA120','26.887695,-48.628487','39000','564','73',423);
--Fila 234
INSERT INTO LOGS_VUELO (ID_LOG_VUELO, LOG_TIMESTAMP, HORAUTC, CALLSIGN, POSITION, ALTITUD, VELOCIDAD, DIRECCION, ID_VUELO) VALUES (inc_id.NextVal,'1520756977','2018-03-11T08:29:37Z','AVA120','27.132244,-48.275105','39200','564','52',442);
--Fila 235
INSERT INTO LOGS_VUELO (ID_LOG_VUELO, LOG_TIMESTAMP, HORAUTC, CALLSIGN, POSITION, ALTITUD, VELOCIDAD, DIRECCION, ID_VUELO) VALUES (inc_id.NextVal,'1520757054','2018-03-11T08:30:54Z','AVA120','27.252253,-48.102009','39800','564','53',455);
--Fila 236
INSERT INTO LOGS_VUELO (ID_LOG_VUELO, LOG_TIMESTAMP, HORAUTC, CALLSIGN, POSITION, ALTITUD, VELOCIDAD, DIRECCION, ID_VUELO) VALUES (inc_id.NextVal,'1520757404','2018-03-11T08:36:44Z','AVA120','27.8009,-47.25322','40000','566','54',491);
--Fila 237
INSERT INTO LOGS_VUELO (ID_LOG_VUELO, LOG_TIMESTAMP, HORAUTC, CALLSIGN, POSITION, ALTITUD, VELOCIDAD, DIRECCION, ID_VUELO) VALUES (inc_id.NextVal,'1520757987','2018-03-11T08:46:27Z','AVA120','28.686796,-45.834522','40000','566','116',473);
--Fila 238
INSERT INTO LOGS_VUELO (ID_LOG_VUELO, LOG_TIMESTAMP, HORAUTC, CALLSIGN, POSITION, ALTITUD, VELOCIDAD, DIRECCION, ID_VUELO) VALUES (inc_id.NextVal,'1520758554','2018-03-11T08:55:54Z','AVA120','29.536245,-44.407745','40000','565','107',444);
--Fila 239
INSERT INTO LOGS_VUELO (ID_LOG_VUELO, LOG_TIMESTAMP, HORAUTC, CALLSIGN, POSITION, ALTITUD, VELOCIDAD, DIRECCION, ID_VUELO) VALUES (inc_id.NextVal,'1520759140','2018-03-11T09:05:40Z','AVA120','30.387949,-42.949448','40000','566','113',450);
--Fila 240
INSERT INTO LOGS_VUELO (ID_LOG_VUELO, LOG_TIMESTAMP, HORAUTC, CALLSIGN, POSITION, ALTITUD, VELOCIDAD, DIRECCION, ID_VUELO) VALUES (inc_id.NextVal,'1520759703','2018-03-11T09:15:03Z','AVA120','31.216167,-41.463406','40000','572','104',408);
--Fila 241
INSERT INTO LOGS_VUELO (ID_LOG_VUELO, LOG_TIMESTAMP, HORAUTC, CALLSIGN, POSITION, ALTITUD, VELOCIDAD, DIRECCION, ID_VUELO) VALUES (inc_id.NextVal,'1520763165','2018-03-11T10:12:45Z','AVA120','36.539364,-32.71302','40000','552','55',460);
--Fila 242
INSERT INTO LOGS_VUELO (ID_LOG_VUELO, LOG_TIMESTAMP, HORAUTC, CALLSIGN, POSITION, ALTITUD, VELOCIDAD, DIRECCION, ID_VUELO) VALUES (inc_id.NextVal,'1520763239','2018-03-11T10:13:59Z','AVA120','36.646133,-32.52182','39975','550','55',420);
--Fila 243
INSERT INTO LOGS_VUELO (ID_LOG_VUELO, LOG_TIMESTAMP, HORAUTC, CALLSIGN, POSITION, ALTITUD, VELOCIDAD, DIRECCION, ID_VUELO) VALUES (inc_id.NextVal,'1520763302','2018-03-11T10:15:02Z','AVA120','36.737072,-32.35836','40000','545','55',484);
--Fila 244
INSERT INTO LOGS_VUELO (ID_LOG_VUELO, LOG_TIMESTAMP, HORAUTC, CALLSIGN, POSITION, ALTITUD, VELOCIDAD, DIRECCION, ID_VUELO) VALUES (inc_id.NextVal,'1520763356','2018-03-11T10:15:56Z','AVA120','36.815464,-32.216763','39975','543','55',460);
--Fila 245
INSERT INTO LOGS_VUELO (ID_LOG_VUELO, LOG_TIMESTAMP, HORAUTC, CALLSIGN, POSITION, ALTITUD, VELOCIDAD, DIRECCION, ID_VUELO) VALUES (inc_id.NextVal,'1520763388','2018-03-11T10:16:28Z','AVA120','36.841999,-32.1689','40000','543','55',463);
--Fila 246
INSERT INTO LOGS_VUELO (ID_LOG_VUELO, LOG_TIMESTAMP, HORAUTC, CALLSIGN, POSITION, ALTITUD, VELOCIDAD, DIRECCION, ID_VUELO) VALUES (inc_id.NextVal,'1520763477','2018-03-11T10:17:57Z','AVA120','36.98645,-31.90555','40000','545','55',423);
--Fila 247
INSERT INTO LOGS_VUELO (ID_LOG_VUELO, LOG_TIMESTAMP, HORAUTC, CALLSIGN, POSITION, ALTITUD, VELOCIDAD, DIRECCION, ID_VUELO) VALUES (inc_id.NextVal,'1520763540','2018-03-11T10:19:00Z','AVA120','37.075424,-31.742891','39975','549','55',445);
--Fila 248
INSERT INTO LOGS_VUELO (ID_LOG_VUELO, LOG_TIMESTAMP, HORAUTC, CALLSIGN, POSITION, ALTITUD, VELOCIDAD, DIRECCION, ID_VUELO) VALUES (inc_id.NextVal,'1520763603','2018-03-11T10:20:03Z','AVA120','37.16684,-31.574648','39975','553','55',412);
--Fila 249
INSERT INTO LOGS_VUELO (ID_LOG_VUELO, LOG_TIMESTAMP, HORAUTC, CALLSIGN, POSITION, ALTITUD, VELOCIDAD, DIRECCION, ID_VUELO) VALUES (inc_id.NextVal,'1520763667','2018-03-11T10:21:07Z','AVA120','37.256424,-31.408392','40000','548','56',467);
--Fila 250
INSERT INTO LOGS_VUELO (ID_LOG_VUELO, LOG_TIMESTAMP, HORAUTC, CALLSIGN, POSITION, ALTITUD, VELOCIDAD, DIRECCION, ID_VUELO) VALUES (inc_id.NextVal,'1520763729','2018-03-11T10:22:09Z','AVA120','37.345928,-31.24255','39975','548','55',465);
--Fallo de inserción en las filas  251  mediante  300 
--ORA-01400: no se puede realizar una inserción NULL en ("AVIANCA"."LOGS_VUELO"."ID_LOG_VUELO")
--Fila 251
INSERT INTO LOGS_VUELO (ID_LOG_VUELO, LOG_TIMESTAMP, HORAUTC, CALLSIGN, POSITION, ALTITUD, VELOCIDAD, DIRECCION, ID_VUELO) VALUES (inc_id.NextVal,'1520763792','2018-03-11T10:23:12Z','AVA120','37.43391,-31.077576','39975','547','56',407);
--Fila 252
INSERT INTO LOGS_VUELO (ID_LOG_VUELO, LOG_TIMESTAMP, HORAUTC, CALLSIGN, POSITION, ALTITUD, VELOCIDAD, DIRECCION, ID_VUELO) VALUES (inc_id.NextVal,'1520763855','2018-03-11T10:24:15Z','AVA120','37.522339,-30.911787','40000','547','56',440);
--Fila 253
INSERT INTO LOGS_VUELO (ID_LOG_VUELO, LOG_TIMESTAMP, HORAUTC, CALLSIGN, POSITION, ALTITUD, VELOCIDAD, DIRECCION, ID_VUELO) VALUES (inc_id.NextVal,'1520763917','2018-03-11T10:25:17Z','AVA120','37.6096,-30.74703','40000','548','56',418);
--Fila 254
INSERT INTO LOGS_VUELO (ID_LOG_VUELO, LOG_TIMESTAMP, HORAUTC, CALLSIGN, POSITION, ALTITUD, VELOCIDAD, DIRECCION, ID_VUELO) VALUES (inc_id.NextVal,'1520763979','2018-03-11T10:26:19Z','AVA120','37.696884,-30.581638','40000','548','56',406);
--Fila 255
INSERT INTO LOGS_VUELO (ID_LOG_VUELO, LOG_TIMESTAMP, HORAUTC, CALLSIGN, POSITION, ALTITUD, VELOCIDAD, DIRECCION, ID_VUELO) VALUES (inc_id.NextVal,'1520764041','2018-03-11T10:27:21Z','AVA120','37.782822,-30.41762','40000','547','56',419);
--Fila 256
INSERT INTO LOGS_VUELO (ID_LOG_VUELO, LOG_TIMESTAMP, HORAUTC, CALLSIGN, POSITION, ALTITUD, VELOCIDAD, DIRECCION, ID_VUELO) VALUES (inc_id.NextVal,'1520764103','2018-03-11T10:28:23Z','AVA120','37.869324,-30.251965','40000','545','56',443);
--Fila 257
INSERT INTO LOGS_VUELO (ID_LOG_VUELO, LOG_TIMESTAMP, HORAUTC, CALLSIGN, POSITION, ALTITUD, VELOCIDAD, DIRECCION, ID_VUELO) VALUES (inc_id.NextVal,'1520764166','2018-03-11T10:29:26Z','AVA120','37.956253,-30.084833','39975','545','56',471);
--Fila 258
INSERT INTO LOGS_VUELO (ID_LOG_VUELO, LOG_TIMESTAMP, HORAUTC, CALLSIGN, POSITION, ALTITUD, VELOCIDAD, DIRECCION, ID_VUELO) VALUES (inc_id.NextVal,'1520764228','2018-03-11T10:30:28Z','AVA120','38.054489,-29.933653','39975','536','43',499);
--Fila 259
INSERT INTO LOGS_VUELO (ID_LOG_VUELO, LOG_TIMESTAMP, HORAUTC, CALLSIGN, POSITION, ALTITUD, VELOCIDAD, DIRECCION, ID_VUELO) VALUES (inc_id.NextVal,'1520764290','2018-03-11T10:31:30Z','AVA120','38.164967,-29.799519','40000','531','43',417);
--Fila 260
INSERT INTO LOGS_VUELO (ID_LOG_VUELO, LOG_TIMESTAMP, HORAUTC, CALLSIGN, POSITION, ALTITUD, VELOCIDAD, DIRECCION, ID_VUELO) VALUES (inc_id.NextVal,'1520764353','2018-03-11T10:32:33Z','AVA120','38.275772,-29.663788','40000','527','44',490);
--Fila 261
INSERT INTO LOGS_VUELO (ID_LOG_VUELO, LOG_TIMESTAMP, HORAUTC, CALLSIGN, POSITION, ALTITUD, VELOCIDAD, DIRECCION, ID_VUELO) VALUES (inc_id.NextVal,'1520764415','2018-03-11T10:33:35Z','AVA120','38.384182,-29.530653','40000','526','44',470);
--Fila 262
INSERT INTO LOGS_VUELO (ID_LOG_VUELO, LOG_TIMESTAMP, HORAUTC, CALLSIGN, POSITION, ALTITUD, VELOCIDAD, DIRECCION, ID_VUELO) VALUES (inc_id.NextVal,'1520764476','2018-03-11T10:34:36Z','AVA120','38.492508,-29.396973','40000','526','44',463);
--Fila 263
INSERT INTO LOGS_VUELO (ID_LOG_VUELO, LOG_TIMESTAMP, HORAUTC, CALLSIGN, POSITION, ALTITUD, VELOCIDAD, DIRECCION, ID_VUELO) VALUES (inc_id.NextVal,'1520764538','2018-03-11T10:35:38Z','AVA120','38.599533,-29.264404','40000','530','44',456);
--Fila 264
INSERT INTO LOGS_VUELO (ID_LOG_VUELO, LOG_TIMESTAMP, HORAUTC, CALLSIGN, POSITION, ALTITUD, VELOCIDAD, DIRECCION, ID_VUELO) VALUES (inc_id.NextVal,'1520764599','2018-03-11T10:36:39Z','AVA120','38.706604,-29.130859','40000','528','44',430);
--Fila 265
INSERT INTO LOGS_VUELO (ID_LOG_VUELO, LOG_TIMESTAMP, HORAUTC, CALLSIGN, POSITION, ALTITUD, VELOCIDAD, DIRECCION, ID_VUELO) VALUES (inc_id.NextVal,'1520764660','2018-03-11T10:37:40Z','AVA120','38.814331,-28.996443','40000','529','44',499);
--Fila 266
INSERT INTO LOGS_VUELO (ID_LOG_VUELO, LOG_TIMESTAMP, HORAUTC, CALLSIGN, POSITION, ALTITUD, VELOCIDAD, DIRECCION, ID_VUELO) VALUES (inc_id.NextVal,'1520764722','2018-03-11T10:38:42Z','AVA120','38.92149,-28.861816','39975','530','44',440);
--Fila 267
INSERT INTO LOGS_VUELO (ID_LOG_VUELO, LOG_TIMESTAMP, HORAUTC, CALLSIGN, POSITION, ALTITUD, VELOCIDAD, DIRECCION, ID_VUELO) VALUES (inc_id.NextVal,'1520764784','2018-03-11T10:39:44Z','AVA120','39.030258,-28.724531','39975','533','44',416);
--Fila 268
INSERT INTO LOGS_VUELO (ID_LOG_VUELO, LOG_TIMESTAMP, HORAUTC, CALLSIGN, POSITION, ALTITUD, VELOCIDAD, DIRECCION, ID_VUELO) VALUES (inc_id.NextVal,'1520764846','2018-03-11T10:40:46Z','AVA120','39.135303,-28.591492','40000','531','44',460);
--Fila 269
INSERT INTO LOGS_VUELO (ID_LOG_VUELO, LOG_TIMESTAMP, HORAUTC, CALLSIGN, POSITION, ALTITUD, VELOCIDAD, DIRECCION, ID_VUELO) VALUES (inc_id.NextVal,'1520764909','2018-03-11T10:41:49Z','AVA120','39.244354,-28.45262','40000','528','44',490);
--Fila 270
INSERT INTO LOGS_VUELO (ID_LOG_VUELO, LOG_TIMESTAMP, HORAUTC, CALLSIGN, POSITION, ALTITUD, VELOCIDAD, DIRECCION, ID_VUELO) VALUES (inc_id.NextVal,'1520764971','2018-03-11T10:42:51Z','AVA120','39.354675,-28.311529','40000','526','44',477);
--Fila 271
INSERT INTO LOGS_VUELO (ID_LOG_VUELO, LOG_TIMESTAMP, HORAUTC, CALLSIGN, POSITION, ALTITUD, VELOCIDAD, DIRECCION, ID_VUELO) VALUES (inc_id.NextVal,'1520765032','2018-03-11T10:43:52Z','AVA120','39.461494,-28.174316','40000','531','45',434);
--Fila 272
INSERT INTO LOGS_VUELO (ID_LOG_VUELO, LOG_TIMESTAMP, HORAUTC, CALLSIGN, POSITION, ALTITUD, VELOCIDAD, DIRECCION, ID_VUELO) VALUES (inc_id.NextVal,'1520765097','2018-03-11T10:44:57Z','AVA120','39.574944,-28.027954','39975','534','44',495);
--Fila 273
INSERT INTO LOGS_VUELO (ID_LOG_VUELO, LOG_TIMESTAMP, HORAUTC, CALLSIGN, POSITION, ALTITUD, VELOCIDAD, DIRECCION, ID_VUELO) VALUES (inc_id.NextVal,'1520765168','2018-03-11T10:46:08Z','AVA120','39.699329,-27.866333','40000','534','44',461);
--Fila 274
INSERT INTO LOGS_VUELO (ID_LOG_VUELO, LOG_TIMESTAMP, HORAUTC, CALLSIGN, POSITION, ALTITUD, VELOCIDAD, DIRECCION, ID_VUELO) VALUES (inc_id.NextVal,'1520765229','2018-03-11T10:47:09Z','AVA120','39.805893,-27.727402','40000','533','44',480);
--Fila 275
INSERT INTO LOGS_VUELO (ID_LOG_VUELO, LOG_TIMESTAMP, HORAUTC, CALLSIGN, POSITION, ALTITUD, VELOCIDAD, DIRECCION, ID_VUELO) VALUES (inc_id.NextVal,'1520765248','2018-03-11T10:47:28Z','AVA120','39.836792,-27.68692','39975','533','45',492);
--Fila 276
INSERT INTO LOGS_VUELO (ID_LOG_VUELO, LOG_TIMESTAMP, HORAUTC, CALLSIGN, POSITION, ALTITUD, VELOCIDAD, DIRECCION, ID_VUELO) VALUES (inc_id.NextVal,'1520765277','2018-03-11T10:47:57Z','AVA120','39.887878,-27.619987','40000','533','31',479);
--Fila 277
INSERT INTO LOGS_VUELO (ID_LOG_VUELO, LOG_TIMESTAMP, HORAUTC, CALLSIGN, POSITION, ALTITUD, VELOCIDAD, DIRECCION, ID_VUELO) VALUES (inc_id.NextVal,'1520765297','2018-03-11T10:48:17Z','AVA120','39.924637,-27.571716','39975','533','45',459);
--Fila 278
INSERT INTO LOGS_VUELO (ID_LOG_VUELO, LOG_TIMESTAMP, HORAUTC, CALLSIGN, POSITION, ALTITUD, VELOCIDAD, DIRECCION, ID_VUELO) VALUES (inc_id.NextVal,'1520765391','2018-03-11T10:49:51Z','AVA120','40.082886,-27.363159','39975','535','29',493);
--Fila 279
INSERT INTO LOGS_VUELO (ID_LOG_VUELO, LOG_TIMESTAMP, HORAUTC, CALLSIGN, POSITION, ALTITUD, VELOCIDAD, DIRECCION, ID_VUELO) VALUES (inc_id.NextVal,'1520765453','2018-03-11T10:50:53Z','AVA120','40.19241,-27.217754','40000','533','45',478);
--Fila 280
INSERT INTO LOGS_VUELO (ID_LOG_VUELO, LOG_TIMESTAMP, HORAUTC, CALLSIGN, POSITION, ALTITUD, VELOCIDAD, DIRECCION, ID_VUELO) VALUES (inc_id.NextVal,'1520765514','2018-03-11T10:51:54Z','AVA120','40.298363,-27.076616','39975','532','45',432);
--Fila 281
INSERT INTO LOGS_VUELO (ID_LOG_VUELO, LOG_TIMESTAMP, HORAUTC, CALLSIGN, POSITION, ALTITUD, VELOCIDAD, DIRECCION, ID_VUELO) VALUES (inc_id.NextVal,'1520765580','2018-03-11T10:53:00Z','AVA120','40.404968,-26.933716','40000','531','45',419);
--Fila 282
INSERT INTO LOGS_VUELO (ID_LOG_VUELO, LOG_TIMESTAMP, HORAUTC, CALLSIGN, POSITION, ALTITUD, VELOCIDAD, DIRECCION, ID_VUELO) VALUES (inc_id.NextVal,'1520765630','2018-03-11T10:53:50Z','AVA120','40.498444,-26.807983','40000','529','45',404);
--Fila 283
INSERT INTO LOGS_VUELO (ID_LOG_VUELO, LOG_TIMESTAMP, HORAUTC, CALLSIGN, POSITION, ALTITUD, VELOCIDAD, DIRECCION, ID_VUELO) VALUES (inc_id.NextVal,'1520765726','2018-03-11T10:55:26Z','AVA120','40.662357,-26.586227','39975','529','45',445);
--Fila 284
INSERT INTO LOGS_VUELO (ID_LOG_VUELO, LOG_TIMESTAMP, HORAUTC, CALLSIGN, POSITION, ALTITUD, VELOCIDAD, DIRECCION, ID_VUELO) VALUES (inc_id.NextVal,'1520765790','2018-03-11T10:56:30Z','AVA120','40.767982,-26.442282','40000','525','46',473);
--Fila 285
INSERT INTO LOGS_VUELO (ID_LOG_VUELO, LOG_TIMESTAMP, HORAUTC, CALLSIGN, POSITION, ALTITUD, VELOCIDAD, DIRECCION, ID_VUELO) VALUES (inc_id.NextVal,'1520765855','2018-03-11T10:57:35Z','AVA120','40.879196,-26.290033','39975','524','46',456);
--Fila 286
INSERT INTO LOGS_VUELO (ID_LOG_VUELO, LOG_TIMESTAMP, HORAUTC, CALLSIGN, POSITION, ALTITUD, VELOCIDAD, DIRECCION, ID_VUELO) VALUES (inc_id.NextVal,'1520765930','2018-03-11T10:58:50Z','AVA120','41.00354,-26.118958','40000','526','46',452);
--Fila 287
INSERT INTO LOGS_VUELO (ID_LOG_VUELO, LOG_TIMESTAMP, HORAUTC, CALLSIGN, POSITION, ALTITUD, VELOCIDAD, DIRECCION, ID_VUELO) VALUES (inc_id.NextVal,'1520765993','2018-03-11T10:59:53Z','AVA120','41.11042,-25.970993','40000','526','46',499);
--Fila 288
INSERT INTO LOGS_VUELO (ID_LOG_VUELO, LOG_TIMESTAMP, HORAUTC, CALLSIGN, POSITION, ALTITUD, VELOCIDAD, DIRECCION, ID_VUELO) VALUES (inc_id.NextVal,'1520766057','2018-03-11T11:00:57Z','AVA120','41.217636,-25.821838','40000','522','46',494);
--Fila 289
INSERT INTO LOGS_VUELO (ID_LOG_VUELO, LOG_TIMESTAMP, HORAUTC, CALLSIGN, POSITION, ALTITUD, VELOCIDAD, DIRECCION, ID_VUELO) VALUES (inc_id.NextVal,'1520771314','2018-03-11T12:28:34Z','AVA120','48.930916,-11.692345','41000','518','68',449);
--Fila 290
INSERT INTO LOGS_VUELO (ID_LOG_VUELO, LOG_TIMESTAMP, HORAUTC, CALLSIGN, POSITION, ALTITUD, VELOCIDAD, DIRECCION, ID_VUELO) VALUES (inc_id.NextVal,'1520771378','2018-03-11T12:29:38Z','AVA120','48.982773,-11.479656','41000','519','70',402);
--Fila 291
INSERT INTO LOGS_VUELO (ID_LOG_VUELO, LOG_TIMESTAMP, HORAUTC, CALLSIGN, POSITION, ALTITUD, VELOCIDAD, DIRECCION, ID_VUELO) VALUES (inc_id.NextVal,'1520771441','2018-03-11T12:30:41Z','AVA120','49.033985,-11.263949','41000','517','70',433);
--Fila 292
INSERT INTO LOGS_VUELO (ID_LOG_VUELO, LOG_TIMESTAMP, HORAUTC, CALLSIGN, POSITION, ALTITUD, VELOCIDAD, DIRECCION, ID_VUELO) VALUES (inc_id.NextVal,'1520771504','2018-03-11T12:31:44Z','AVA120','49.085144,-11.04603','41000','515','70',462);
--Fila 293
INSERT INTO LOGS_VUELO (ID_LOG_VUELO, LOG_TIMESTAMP, HORAUTC, CALLSIGN, POSITION, ALTITUD, VELOCIDAD, DIRECCION, ID_VUELO) VALUES (inc_id.NextVal,'1520771567','2018-03-11T12:32:47Z','AVA120','49.135281,-10.830351','40975','517','70',453);
--Fila 294
INSERT INTO LOGS_VUELO (ID_LOG_VUELO, LOG_TIMESTAMP, HORAUTC, CALLSIGN, POSITION, ALTITUD, VELOCIDAD, DIRECCION, ID_VUELO) VALUES (inc_id.NextVal,'1520771630','2018-03-11T12:33:50Z','AVA120','49.185184,-10.613227','41000','515','70',459);
--Fila 295
INSERT INTO LOGS_VUELO (ID_LOG_VUELO, LOG_TIMESTAMP, HORAUTC, CALLSIGN, POSITION, ALTITUD, VELOCIDAD, DIRECCION, ID_VUELO) VALUES (inc_id.NextVal,'1520771691','2018-03-11T12:34:51Z','AVA120','49.232204,-10.406727','40975','515','70',471);
--Fila 296
INSERT INTO LOGS_VUELO (ID_LOG_VUELO, LOG_TIMESTAMP, HORAUTC, CALLSIGN, POSITION, ALTITUD, VELOCIDAD, DIRECCION, ID_VUELO) VALUES (inc_id.NextVal,'1520771754','2018-03-11T12:35:54Z','AVA120','49.281132,-10.189603','41000','514','71',451);
--Fila 297
INSERT INTO LOGS_VUELO (ID_LOG_VUELO, LOG_TIMESTAMP, HORAUTC, CALLSIGN, POSITION, ALTITUD, VELOCIDAD, DIRECCION, ID_VUELO) VALUES (inc_id.NextVal,'1520771817','2018-03-11T12:36:57Z','AVA120','49.329544,-9.972839','40975','513','71',464);
--Fila 298
INSERT INTO LOGS_VUELO (ID_LOG_VUELO, LOG_TIMESTAMP, HORAUTC, CALLSIGN, POSITION, ALTITUD, VELOCIDAD, DIRECCION, ID_VUELO) VALUES (inc_id.NextVal,'1520771881','2018-03-11T12:38:01Z','AVA120','49.377686,-9.754732','41000','513','71',453);
--Fila 299
INSERT INTO LOGS_VUELO (ID_LOG_VUELO, LOG_TIMESTAMP, HORAUTC, CALLSIGN, POSITION, ALTITUD, VELOCIDAD, DIRECCION, ID_VUELO) VALUES (inc_id.NextVal,'1520771943','2018-03-11T12:39:03Z','AVA120','49.42535,-9.536711','41000','517','71',476);
--Fila 300
INSERT INTO LOGS_VUELO (ID_LOG_VUELO, LOG_TIMESTAMP, HORAUTC, CALLSIGN, POSITION, ALTITUD, VELOCIDAD, DIRECCION, ID_VUELO) VALUES (inc_id.NextVal,'1520772006','2018-03-11T12:40:06Z','AVA120','49.472645,-9.317742','41000','519','71',469);
--Fallo de inserción en las filas  301  mediante  350 
--ORA-01400: no se puede realizar una inserción NULL en ("AVIANCA"."LOGS_VUELO"."ID_LOG_VUELO")
--Fila 301
INSERT INTO LOGS_VUELO (ID_LOG_VUELO, LOG_TIMESTAMP, HORAUTC, CALLSIGN, POSITION, ALTITUD, VELOCIDAD, DIRECCION, ID_VUELO) VALUES (inc_id.NextVal,'1520772069','2018-03-11T12:41:09Z','AVA120','49.519913,-9.096246','41000','516','72',414);
--Fila 302
INSERT INTO LOGS_VUELO (ID_LOG_VUELO, LOG_TIMESTAMP, HORAUTC, CALLSIGN, POSITION, ALTITUD, VELOCIDAD, DIRECCION, ID_VUELO) VALUES (inc_id.NextVal,'1520772130','2018-03-11T12:42:10Z','AVA120','49.563747,-8.889201','41000','513','71',407);
--Fila 303
INSERT INTO LOGS_VUELO (ID_LOG_VUELO, LOG_TIMESTAMP, HORAUTC, CALLSIGN, POSITION, ALTITUD, VELOCIDAD, DIRECCION, ID_VUELO) VALUES (inc_id.NextVal,'1520772193','2018-03-11T12:43:13Z','AVA120','49.609772,-8.669514','40975','514','72',438);
--Fila 304
INSERT INTO LOGS_VUELO (ID_LOG_VUELO, LOG_TIMESTAMP, HORAUTC, CALLSIGN, POSITION, ALTITUD, VELOCIDAD, DIRECCION, ID_VUELO) VALUES (inc_id.NextVal,'1520772256','2018-03-11T12:44:16Z','AVA120','49.655178,-8.450417','40975','515','72',488);
--Fila 305
INSERT INTO LOGS_VUELO (ID_LOG_VUELO, LOG_TIMESTAMP, HORAUTC, CALLSIGN, POSITION, ALTITUD, VELOCIDAD, DIRECCION, ID_VUELO) VALUES (inc_id.NextVal,'1520772317','2018-03-11T12:45:17Z','AVA120','49.698658,-8.238187','40975','518','72',439);
--Fila 306
INSERT INTO LOGS_VUELO (ID_LOG_VUELO, LOG_TIMESTAMP, HORAUTC, CALLSIGN, POSITION, ALTITUD, VELOCIDAD, DIRECCION, ID_VUELO) VALUES (inc_id.NextVal,'1520772379','2018-03-11T12:46:19Z','AVA120','49.74353,-8.016116','41000','517','72',443);
--Fila 307
INSERT INTO LOGS_VUELO (ID_LOG_VUELO, LOG_TIMESTAMP, HORAUTC, CALLSIGN, POSITION, ALTITUD, VELOCIDAD, DIRECCION, ID_VUELO) VALUES (inc_id.NextVal,'1520772442','2018-03-11T12:47:22Z','AVA120','49.787338,-7.792128','40975','519','73',413);
--Fila 308
INSERT INTO LOGS_VUELO (ID_LOG_VUELO, LOG_TIMESTAMP, HORAUTC, CALLSIGN, POSITION, ALTITUD, VELOCIDAD, DIRECCION, ID_VUELO) VALUES (inc_id.NextVal,'1520772506','2018-03-11T12:48:26Z','AVA120','49.830818,-7.568541','40975','519','73',490);
--Fila 309
INSERT INTO LOGS_VUELO (ID_LOG_VUELO, LOG_TIMESTAMP, HORAUTC, CALLSIGN, POSITION, ALTITUD, VELOCIDAD, DIRECCION, ID_VUELO) VALUES (inc_id.NextVal,'1520772569','2018-03-11T12:49:29Z','AVA120','49.874111,-7.343544','41000','521','73',450);
--Fila 310
INSERT INTO LOGS_VUELO (ID_LOG_VUELO, LOG_TIMESTAMP, HORAUTC, CALLSIGN, POSITION, ALTITUD, VELOCIDAD, DIRECCION, ID_VUELO) VALUES (inc_id.NextVal,'1520772630','2018-03-11T12:50:30Z','AVA120','49.915077,-7.127974','40975','523','73',424);
--Fila 311
INSERT INTO LOGS_VUELO (ID_LOG_VUELO, LOG_TIMESTAMP, HORAUTC, CALLSIGN, POSITION, ALTITUD, VELOCIDAD, DIRECCION, ID_VUELO) VALUES (inc_id.NextVal,'1520772692','2018-03-11T12:51:32Z','AVA120','49.957535,-6.902088','41000','523','73',463);
--Fila 312
INSERT INTO LOGS_VUELO (ID_LOG_VUELO, LOG_TIMESTAMP, HORAUTC, CALLSIGN, POSITION, ALTITUD, VELOCIDAD, DIRECCION, ID_VUELO) VALUES (inc_id.NextVal,'1520772753','2018-03-11T12:52:33Z','AVA120','49.998093,-6.68388','41000','520','74',418);
--Fila 313
INSERT INTO LOGS_VUELO (ID_LOG_VUELO, LOG_TIMESTAMP, HORAUTC, CALLSIGN, POSITION, ALTITUD, VELOCIDAD, DIRECCION, ID_VUELO) VALUES (inc_id.NextVal,'1520772815','2018-03-11T12:53:35Z','AVA120','50.039513,-6.457957','41000','519','74',484);
--Fila 314
INSERT INTO LOGS_VUELO (ID_LOG_VUELO, LOG_TIMESTAMP, HORAUTC, CALLSIGN, POSITION, ALTITUD, VELOCIDAD, DIRECCION, ID_VUELO) VALUES (inc_id.NextVal,'1520772876','2018-03-11T12:54:36Z','AVA120','50.078659,-6.241825','40975','519','74',450);
--Fila 315
INSERT INTO LOGS_VUELO (ID_LOG_VUELO, LOG_TIMESTAMP, HORAUTC, CALLSIGN, POSITION, ALTITUD, VELOCIDAD, DIRECCION, ID_VUELO) VALUES (inc_id.NextVal,'1520772937','2018-03-11T12:55:37Z','AVA120','50.117069,-6.027337','40975','520','74',445);
--Fila 316
INSERT INTO LOGS_VUELO (ID_LOG_VUELO, LOG_TIMESTAMP, HORAUTC, CALLSIGN, POSITION, ALTITUD, VELOCIDAD, DIRECCION, ID_VUELO) VALUES (inc_id.NextVal,'1520772999','2018-03-11T12:56:39Z','AVA120','50.157524,-5.798777','41000','520','74',490);
--Fila 317
INSERT INTO LOGS_VUELO (ID_LOG_VUELO, LOG_TIMESTAMP, HORAUTC, CALLSIGN, POSITION, ALTITUD, VELOCIDAD, DIRECCION, ID_VUELO) VALUES (inc_id.NextVal,'1520773062','2018-03-11T12:57:42Z','AVA120','50.197586,-5.569345','40975','520','74',443);
--Fila 318
INSERT INTO LOGS_VUELO (ID_LOG_VUELO, LOG_TIMESTAMP, HORAUTC, CALLSIGN, POSITION, ALTITUD, VELOCIDAD, DIRECCION, ID_VUELO) VALUES (inc_id.NextVal,'1520773129','2018-03-11T12:58:49Z','AVA120','50.237869,-5.335163','41000','520','75',437);
--Fila 319
INSERT INTO LOGS_VUELO (ID_LOG_VUELO, LOG_TIMESTAMP, HORAUTC, CALLSIGN, POSITION, ALTITUD, VELOCIDAD, DIRECCION, ID_VUELO) VALUES (inc_id.NextVal,'1520773192','2018-03-11T12:59:52Z','AVA120','50.277603,-5.101849','41000','521','75',453);
--Fila 320
INSERT INTO LOGS_VUELO (ID_LOG_VUELO, LOG_TIMESTAMP, HORAUTC, CALLSIGN, POSITION, ALTITUD, VELOCIDAD, DIRECCION, ID_VUELO) VALUES (inc_id.NextVal,'1520773255','2018-03-11T13:00:55Z','AVA120','50.316101,-4.87222','41000','517','75',472);
--Fila 321
INSERT INTO LOGS_VUELO (ID_LOG_VUELO, LOG_TIMESTAMP, HORAUTC, CALLSIGN, POSITION, ALTITUD, VELOCIDAD, DIRECCION, ID_VUELO) VALUES (inc_id.NextVal,'1520773318','2018-03-11T13:01:58Z','AVA120','50.352158,-4.654046','40975','516','75',427);
--Fila 322
INSERT INTO LOGS_VUELO (ID_LOG_VUELO, LOG_TIMESTAMP, HORAUTC, CALLSIGN, POSITION, ALTITUD, VELOCIDAD, DIRECCION, ID_VUELO) VALUES (inc_id.NextVal,'1520773379','2018-03-11T13:02:59Z','AVA120','50.389938,-4.422503','40975','517','75',416);
--Fila 323
INSERT INTO LOGS_VUELO (ID_LOG_VUELO, LOG_TIMESTAMP, HORAUTC, CALLSIGN, POSITION, ALTITUD, VELOCIDAD, DIRECCION, ID_VUELO) VALUES (inc_id.NextVal,'1520773442','2018-03-11T13:04:02Z','AVA120','50.425896,-4.199895','41000','519','75',419);
--Fila 324
INSERT INTO LOGS_VUELO (ID_LOG_VUELO, LOG_TIMESTAMP, HORAUTC, CALLSIGN, POSITION, ALTITUD, VELOCIDAD, DIRECCION, ID_VUELO) VALUES (inc_id.NextVal,'1520773504','2018-03-11T13:05:04Z','AVA120','50.461578,-3.975605','41000','519','76',496);
--Fila 325
INSERT INTO LOGS_VUELO (ID_LOG_VUELO, LOG_TIMESTAMP, HORAUTC, CALLSIGN, POSITION, ALTITUD, VELOCIDAD, DIRECCION, ID_VUELO) VALUES (inc_id.NextVal,'1520773568','2018-03-11T13:06:08Z','AVA120','50.497787,-3.743953','40825','521','76',439);
--Fila 326
INSERT INTO LOGS_VUELO (ID_LOG_VUELO, LOG_TIMESTAMP, HORAUTC, CALLSIGN, POSITION, ALTITUD, VELOCIDAD, DIRECCION, ID_VUELO) VALUES (inc_id.NextVal,'1520773631','2018-03-11T13:07:11Z','AVA120','50.534637,-3.505867','38200','515','76',474);
--Fila 327
INSERT INTO LOGS_VUELO (ID_LOG_VUELO, LOG_TIMESTAMP, HORAUTC, CALLSIGN, POSITION, ALTITUD, VELOCIDAD, DIRECCION, ID_VUELO) VALUES (inc_id.NextVal,'1520773692','2018-03-11T13:08:12Z','AVA120','50.568394,-3.285209','35500','515','76',499);
--Fila 328
INSERT INTO LOGS_VUELO (ID_LOG_VUELO, LOG_TIMESTAMP, HORAUTC, CALLSIGN, POSITION, ALTITUD, VELOCIDAD, DIRECCION, ID_VUELO) VALUES (inc_id.NextVal,'1520773755','2018-03-11T13:09:15Z','AVA120','50.602562,-3.0565','32425','504','77',407);
--Fila 329
INSERT INTO LOGS_VUELO (ID_LOG_VUELO, LOG_TIMESTAMP, HORAUTC, CALLSIGN, POSITION, ALTITUD, VELOCIDAD, DIRECCION, ID_VUELO) VALUES (inc_id.NextVal,'1520773819','2018-03-11T13:10:19Z','AVA120','50.635242,-2.835735','30075','482','76',476);
--Fila 330
INSERT INTO LOGS_VUELO (ID_LOG_VUELO, LOG_TIMESTAMP, HORAUTC, CALLSIGN, POSITION, ALTITUD, VELOCIDAD, DIRECCION, ID_VUELO) VALUES (inc_id.NextVal,'1520773882','2018-03-11T13:11:22Z','AVA120','50.666153,-2.623347','28025','470','77',417);
--Fila 331
INSERT INTO LOGS_VUELO (ID_LOG_VUELO, LOG_TIMESTAMP, HORAUTC, CALLSIGN, POSITION, ALTITUD, VELOCIDAD, DIRECCION, ID_VUELO) VALUES (inc_id.NextVal,'1520773945','2018-03-11T13:12:25Z','AVA120','50.677883,-2.417374','26400','440','93',481);
--Fila 332
INSERT INTO LOGS_VUELO (ID_LOG_VUELO, LOG_TIMESTAMP, HORAUTC, CALLSIGN, POSITION, ALTITUD, VELOCIDAD, DIRECCION, ID_VUELO) VALUES (inc_id.NextVal,'1520774008','2018-03-11T13:13:28Z','AVA120','50.669411,-2.21768','25175','424','93',465);
--Fila 333
INSERT INTO LOGS_VUELO (ID_LOG_VUELO, LOG_TIMESTAMP, HORAUTC, CALLSIGN, POSITION, ALTITUD, VELOCIDAD, DIRECCION, ID_VUELO) VALUES (inc_id.NextVal,'1520774071','2018-03-11T13:14:31Z','AVA120','50.662445,-2.036229','24000','363','91',423);
--Fila 334
INSERT INTO LOGS_VUELO (ID_LOG_VUELO, LOG_TIMESTAMP, HORAUTC, CALLSIGN, POSITION, ALTITUD, VELOCIDAD, DIRECCION, ID_VUELO) VALUES (inc_id.NextVal,'1520774136','2018-03-11T13:15:36Z','AVA120','50.662769,-1.87534','23025','348','89',442);
--Fila 335
INSERT INTO LOGS_VUELO (ID_LOG_VUELO, LOG_TIMESTAMP, HORAUTC, CALLSIGN, POSITION, ALTITUD, VELOCIDAD, DIRECCION, ID_VUELO) VALUES (inc_id.NextVal,'1520774199','2018-03-11T13:16:39Z','AVA120','50.664379,-1.7158','22025','344','89',455);
--Fila 336
INSERT INTO LOGS_VUELO (ID_LOG_VUELO, LOG_TIMESTAMP, HORAUTC, CALLSIGN, POSITION, ALTITUD, VELOCIDAD, DIRECCION, ID_VUELO) VALUES (inc_id.NextVal,'1520774262','2018-03-11T13:17:42Z','AVA120','50.670437,-1.559316','21050','343','78',491);
--Fila 337
INSERT INTO LOGS_VUELO (ID_LOG_VUELO, LOG_TIMESTAMP, HORAUTC, CALLSIGN, POSITION, ALTITUD, VELOCIDAD, DIRECCION, ID_VUELO) VALUES (inc_id.NextVal,'1520774268','2018-03-11T13:17:48Z','AVA120','50.673275,-1.540909','20900','342','75',473);
--Fila 338
INSERT INTO LOGS_VUELO (ID_LOG_VUELO, LOG_TIMESTAMP, HORAUTC, CALLSIGN, POSITION, ALTITUD, VELOCIDAD, DIRECCION, ID_VUELO) VALUES (inc_id.NextVal,'1520774274','2018-03-11T13:17:54Z','AVA120','50.67588,-1.526489','20750','342','73',444);
--Fila 339
INSERT INTO LOGS_VUELO (ID_LOG_VUELO, LOG_TIMESTAMP, HORAUTC, CALLSIGN, POSITION, ALTITUD, VELOCIDAD, DIRECCION, ID_VUELO) VALUES (inc_id.NextVal,'1520774283','2018-03-11T13:18:03Z','AVA120','50.680435,-1.505498','20550','343','69',450);
--Fila 340
INSERT INTO LOGS_VUELO (ID_LOG_VUELO, LOG_TIMESTAMP, HORAUTC, CALLSIGN, POSITION, ALTITUD, VELOCIDAD, DIRECCION, ID_VUELO) VALUES (inc_id.NextVal,'1520774292','2018-03-11T13:18:12Z','AVA120','50.685425,-1.486124','20325','343','66',408);
--Fila 341
INSERT INTO LOGS_VUELO (ID_LOG_VUELO, LOG_TIMESTAMP, HORAUTC, CALLSIGN, POSITION, ALTITUD, VELOCIDAD, DIRECCION, ID_VUELO) VALUES (inc_id.NextVal,'1520774298','2018-03-11T13:18:18Z','AVA120','50.688961,-1.474075','20200','343','64',460);
--Fila 342
INSERT INTO LOGS_VUELO (ID_LOG_VUELO, LOG_TIMESTAMP, HORAUTC, CALLSIGN, POSITION, ALTITUD, VELOCIDAD, DIRECCION, ID_VUELO) VALUES (inc_id.NextVal,'1520774304','2018-03-11T13:18:24Z','AVA120','50.693665,-1.459029','20025','343','63',420);
--Fila 343
INSERT INTO LOGS_VUELO (ID_LOG_VUELO, LOG_TIMESTAMP, HORAUTC, CALLSIGN, POSITION, ALTITUD, VELOCIDAD, DIRECCION, ID_VUELO) VALUES (inc_id.NextVal,'1520774371','2018-03-11T13:19:31Z','AVA120','50.7388,-1.312495','18400','336','64',484);
--Fila 344
INSERT INTO LOGS_VUELO (ID_LOG_VUELO, LOG_TIMESTAMP, HORAUTC, CALLSIGN, POSITION, ALTITUD, VELOCIDAD, DIRECCION, ID_VUELO) VALUES (inc_id.NextVal,'1520774398','2018-03-11T13:19:58Z','AVA120','50.760406,-1.256895','17725','343','52',460);
--Fila 345
INSERT INTO LOGS_VUELO (ID_LOG_VUELO, LOG_TIMESTAMP, HORAUTC, CALLSIGN, POSITION, ALTITUD, VELOCIDAD, DIRECCION, ID_VUELO) VALUES (inc_id.NextVal,'1520774404','2018-03-11T13:20:04Z','AVA120','50.768196,-1.242065','17550','343','49',463);
--Fila 346
INSERT INTO LOGS_VUELO (ID_LOG_VUELO, LOG_TIMESTAMP, HORAUTC, CALLSIGN, POSITION, ALTITUD, VELOCIDAD, DIRECCION, ID_VUELO) VALUES (inc_id.NextVal,'1520774410','2018-03-11T13:20:10Z','AVA120','50.774826,-1.230914','17400','343','46',423);
--Fila 347
INSERT INTO LOGS_VUELO (ID_LOG_VUELO, LOG_TIMESTAMP, HORAUTC, CALLSIGN, POSITION, ALTITUD, VELOCIDAD, DIRECCION, ID_VUELO) VALUES (inc_id.NextVal,'1520774419','2018-03-11T13:20:19Z','AVA120','50.785091,-1.215668','17175','343','44',445);
--Fila 348
INSERT INTO LOGS_VUELO (ID_LOG_VUELO, LOG_TIMESTAMP, HORAUTC, CALLSIGN, POSITION, ALTITUD, VELOCIDAD, DIRECCION, ID_VUELO) VALUES (inc_id.NextVal,'1520774428','2018-03-11T13:20:28Z','AVA120','50.796112,-1.201667','16950','343','37',412);
--Fila 349
INSERT INTO LOGS_VUELO (ID_LOG_VUELO, LOG_TIMESTAMP, HORAUTC, CALLSIGN, POSITION, ALTITUD, VELOCIDAD, DIRECCION, ID_VUELO) VALUES (inc_id.NextVal,'1520774439','2018-03-11T13:20:39Z','AVA120','50.811081,-1.185558','16650','343','32',467);
--Fila 350
INSERT INTO LOGS_VUELO (ID_LOG_VUELO, LOG_TIMESTAMP, HORAUTC, CALLSIGN, POSITION, ALTITUD, VELOCIDAD, DIRECCION, ID_VUELO) VALUES (inc_id.NextVal,'1520774446','2018-03-11T13:20:46Z','AVA120','50.820465,-1.176205','16475','343','32',465);
--Fallo de inserción en las filas  351  mediante  400 
--ORA-01400: no se puede realizar una inserción NULL en ("AVIANCA"."LOGS_VUELO"."ID_LOG_VUELO")
--Fila 351
INSERT INTO LOGS_VUELO (ID_LOG_VUELO, LOG_TIMESTAMP, HORAUTC, CALLSIGN, POSITION, ALTITUD, VELOCIDAD, DIRECCION, ID_VUELO) VALUES (inc_id.NextVal,'1520774483','2018-03-11T13:21:23Z','AVA120','50.868511,-1.12656','15575','332','33',407);
--Fila 352
INSERT INTO LOGS_VUELO (ID_LOG_VUELO, LOG_TIMESTAMP, HORAUTC, CALLSIGN, POSITION, ALTITUD, VELOCIDAD, DIRECCION, ID_VUELO) VALUES (inc_id.NextVal,'1520774514','2018-03-11T13:21:54Z','AVA120','50.90918,-1.084232','14800','334','33',440);
--Fila 353
INSERT INTO LOGS_VUELO (ID_LOG_VUELO, LOG_TIMESTAMP, HORAUTC, CALLSIGN, POSITION, ALTITUD, VELOCIDAD, DIRECCION, ID_VUELO) VALUES (inc_id.NextVal,'1520774549','2018-03-11T13:22:29Z','AVA120','50.955334,-1.036377','13950','323','33',418);
--Fila 354
INSERT INTO LOGS_VUELO (ID_LOG_VUELO, LOG_TIMESTAMP, HORAUTC, CALLSIGN, POSITION, ALTITUD, VELOCIDAD, DIRECCION, ID_VUELO) VALUES (inc_id.NextVal,'1520774583','2018-03-11T13:23:03Z','AVA120','50.995193,-0.992481','13175','315','38',406);
--Fila 355
INSERT INTO LOGS_VUELO (ID_LOG_VUELO, LOG_TIMESTAMP, HORAUTC, CALLSIGN, POSITION, ALTITUD, VELOCIDAD, DIRECCION, ID_VUELO) VALUES (inc_id.NextVal,'1520774616','2018-03-11T13:23:36Z','AVA120','51.029572,-0.941187','12975','311','47',419);
--Fila 356
INSERT INTO LOGS_VUELO (ID_LOG_VUELO, LOG_TIMESTAMP, HORAUTC, CALLSIGN, POSITION, ALTITUD, VELOCIDAD, DIRECCION, ID_VUELO) VALUES (inc_id.NextVal,'1520774648','2018-03-11T13:24:08Z','AVA120','51.06152,-0.884323','13000','311','48',443);
--Fila 357
INSERT INTO LOGS_VUELO (ID_LOG_VUELO, LOG_TIMESTAMP, HORAUTC, CALLSIGN, POSITION, ALTITUD, VELOCIDAD, DIRECCION, ID_VUELO) VALUES (inc_id.NextVal,'1520774679','2018-03-11T13:24:39Z','AVA120','51.090271,-0.833254','12950','310','48',471);
--Fila 358
INSERT INTO LOGS_VUELO (ID_LOG_VUELO, LOG_TIMESTAMP, HORAUTC, CALLSIGN, POSITION, ALTITUD, VELOCIDAD, DIRECCION, ID_VUELO) VALUES (inc_id.NextVal,'1520774712','2018-03-11T13:25:12Z','AVA120','51.121574,-0.777283','12125','308','48',499);
--Fila 359
INSERT INTO LOGS_VUELO (ID_LOG_VUELO, LOG_TIMESTAMP, HORAUTC, CALLSIGN, POSITION, ALTITUD, VELOCIDAD, DIRECCION, ID_VUELO) VALUES (inc_id.NextVal,'1520774745','2018-03-11T13:25:45Z','AVA120','51.151932,-0.722871','11450','303','48',417);
--Fila 360
INSERT INTO LOGS_VUELO (ID_LOG_VUELO, LOG_TIMESTAMP, HORAUTC, CALLSIGN, POSITION, ALTITUD, VELOCIDAD, DIRECCION, ID_VUELO) VALUES (inc_id.NextVal,'1520774757','2018-03-11T13:25:57Z','AVA120','51.159943,-0.708544','11225','303','48',490);
--Fila 361
INSERT INTO LOGS_VUELO (ID_LOG_VUELO, LOG_TIMESTAMP, HORAUTC, CALLSIGN, POSITION, ALTITUD, VELOCIDAD, DIRECCION, ID_VUELO) VALUES (inc_id.NextVal,'1520774769','2018-03-11T13:26:09Z','AVA120','51.174774,-0.681895','10875','301','48',470);
--Fila 362
INSERT INTO LOGS_VUELO (ID_LOG_VUELO, LOG_TIMESTAMP, HORAUTC, CALLSIGN, POSITION, ALTITUD, VELOCIDAD, DIRECCION, ID_VUELO) VALUES (inc_id.NextVal,'1520774781','2018-03-11T13:26:21Z','AVA120','51.185806,-0.662075','10600','299','48',463);
--Fila 363
INSERT INTO LOGS_VUELO (ID_LOG_VUELO, LOG_TIMESTAMP, HORAUTC, CALLSIGN, POSITION, ALTITUD, VELOCIDAD, DIRECCION, ID_VUELO) VALUES (inc_id.NextVal,'1520774793','2018-03-11T13:26:33Z','AVA120','51.19725,-0.641735','10275','299','48',456);
--Fila 364
INSERT INTO LOGS_VUELO (ID_LOG_VUELO, LOG_TIMESTAMP, HORAUTC, CALLSIGN, POSITION, ALTITUD, VELOCIDAD, DIRECCION, ID_VUELO) VALUES (inc_id.NextVal,'1520774805','2018-03-11T13:26:45Z','AVA120','51.208282,-0.621989','10100','298','48',430);
--Fila 365
INSERT INTO LOGS_VUELO (ID_LOG_VUELO, LOG_TIMESTAMP, HORAUTC, CALLSIGN, POSITION, ALTITUD, VELOCIDAD, DIRECCION, ID_VUELO) VALUES (inc_id.NextVal,'1520774817','2018-03-11T13:26:57Z','AVA120','51.219425,-0.601959','9975','297','48',499);
--Fila 366
INSERT INTO LOGS_VUELO (ID_LOG_VUELO, LOG_TIMESTAMP, HORAUTC, CALLSIGN, POSITION, ALTITUD, VELOCIDAD, DIRECCION, ID_VUELO) VALUES (inc_id.NextVal,'1520774832','2018-03-11T13:27:12Z','AVA120','51.232693,-0.578003','10000','282','48',440);
--Fila 367
INSERT INTO LOGS_VUELO (ID_LOG_VUELO, LOG_TIMESTAMP, HORAUTC, CALLSIGN, POSITION, ALTITUD, VELOCIDAD, DIRECCION, ID_VUELO) VALUES (inc_id.NextVal,'1520774844','2018-03-11T13:27:24Z','AVA120','51.242935,-0.55954','10025','278','48',416);
--Fila 368
INSERT INTO LOGS_VUELO (ID_LOG_VUELO, LOG_TIMESTAMP, HORAUTC, CALLSIGN, POSITION, ALTITUD, VELOCIDAD, DIRECCION, ID_VUELO) VALUES (inc_id.NextVal,'1520774856','2018-03-11T13:27:36Z','AVA120','51.253269,-0.540771','9975','282','48',460);
--Fila 369
INSERT INTO LOGS_VUELO (ID_LOG_VUELO, LOG_TIMESTAMP, HORAUTC, CALLSIGN, POSITION, ALTITUD, VELOCIDAD, DIRECCION, ID_VUELO) VALUES (inc_id.NextVal,'1520774868','2018-03-11T13:27:48Z','AVA120','51.262905,-0.5233','9975','282','48',490);
--Fila 370
INSERT INTO LOGS_VUELO (ID_LOG_VUELO, LOG_TIMESTAMP, HORAUTC, CALLSIGN, POSITION, ALTITUD, VELOCIDAD, DIRECCION, ID_VUELO) VALUES (inc_id.NextVal,'1520774880','2018-03-11T13:28:00Z','AVA120','51.273891,-0.503387','10000','280','48',477);
--Fila 371
INSERT INTO LOGS_VUELO (ID_LOG_VUELO, LOG_TIMESTAMP, HORAUTC, CALLSIGN, POSITION, ALTITUD, VELOCIDAD, DIRECCION, ID_VUELO) VALUES (inc_id.NextVal,'1520774896','2018-03-11T13:28:16Z','AVA120','51.286739,-0.480194','10000','281','48',434);
--Fila 372
INSERT INTO LOGS_VUELO (ID_LOG_VUELO, LOG_TIMESTAMP, HORAUTC, CALLSIGN, POSITION, ALTITUD, VELOCIDAD, DIRECCION, ID_VUELO) VALUES (inc_id.NextVal,'1520774910','2018-03-11T13:28:30Z','AVA120','51.299011,-0.457937','10000','279','48',495);
--Fila 373
INSERT INTO LOGS_VUELO (ID_LOG_VUELO, LOG_TIMESTAMP, HORAUTC, CALLSIGN, POSITION, ALTITUD, VELOCIDAD, DIRECCION, ID_VUELO) VALUES (inc_id.NextVal,'1520774922','2018-03-11T13:28:42Z','AVA120','51.309906,-0.438265','9975','274','48',461);
--Fila 374
INSERT INTO LOGS_VUELO (ID_LOG_VUELO, LOG_TIMESTAMP, HORAUTC, CALLSIGN, POSITION, ALTITUD, VELOCIDAD, DIRECCION, ID_VUELO) VALUES (inc_id.NextVal,'1520774934','2018-03-11T13:28:54Z','AVA120','51.319794,-0.420301','10025','272','49',480);
--Fila 375
INSERT INTO LOGS_VUELO (ID_LOG_VUELO, LOG_TIMESTAMP, HORAUTC, CALLSIGN, POSITION, ALTITUD, VELOCIDAD, DIRECCION, ID_VUELO) VALUES (inc_id.NextVal,'1520774946','2018-03-11T13:29:06Z','AVA120','51.329708,-0.401993','9975','275','51',492);
--Fila 376
INSERT INTO LOGS_VUELO (ID_LOG_VUELO, LOG_TIMESTAMP, HORAUTC, CALLSIGN, POSITION, ALTITUD, VELOCIDAD, DIRECCION, ID_VUELO) VALUES (inc_id.NextVal,'1520774955','2018-03-11T13:29:15Z','AVA120','51.335201,-0.38765','9975','270','64',479);
--Fila 377
INSERT INTO LOGS_VUELO (ID_LOG_VUELO, LOG_TIMESTAMP, HORAUTC, CALLSIGN, POSITION, ALTITUD, VELOCIDAD, DIRECCION, ID_VUELO) VALUES (inc_id.NextVal,'1520774962','2018-03-11T13:29:22Z','AVA120','51.337856,-0.374908','9975','269','69',459);
--Fila 378
INSERT INTO LOGS_VUELO (ID_LOG_VUELO, LOG_TIMESTAMP, HORAUTC, CALLSIGN, POSITION, ALTITUD, VELOCIDAD, DIRECCION, ID_VUELO) VALUES (inc_id.NextVal,'1520774970','2018-03-11T13:29:30Z','AVA120','51.338837,-0.361584','10000','261','86',493);
--Fila 379
INSERT INTO LOGS_VUELO (ID_LOG_VUELO, LOG_TIMESTAMP, HORAUTC, CALLSIGN, POSITION, ALTITUD, VELOCIDAD, DIRECCION, ID_VUELO) VALUES (inc_id.NextVal,'1520774991','2018-03-11T13:29:51Z','AVA120','51.33321,-0.32618','10000','247','117',478);
--Fila 380
INSERT INTO LOGS_VUELO (ID_LOG_VUELO, LOG_TIMESTAMP, HORAUTC, CALLSIGN, POSITION, ALTITUD, VELOCIDAD, DIRECCION, ID_VUELO) VALUES (inc_id.NextVal,'1520774999','2018-03-11T13:29:59Z','AVA120','51.329086,-0.316673','10000','244','127',432);
--Fila 381
INSERT INTO LOGS_VUELO (ID_LOG_VUELO, LOG_TIMESTAMP, HORAUTC, CALLSIGN, POSITION, ALTITUD, VELOCIDAD, DIRECCION, ID_VUELO) VALUES (inc_id.NextVal,'1520775008','2018-03-11T13:30:08Z','AVA120','51.318695,-0.302421','10000','237','145',419);
--Fila 382
INSERT INTO LOGS_VUELO (ID_LOG_VUELO, LOG_TIMESTAMP, HORAUTC, CALLSIGN, POSITION, ALTITUD, VELOCIDAD, DIRECCION, ID_VUELO) VALUES (inc_id.NextVal,'1520775014','2018-03-11T13:30:14Z','AVA120','51.312515,-0.296334','9975','237','148',404);
--Fila 383
INSERT INTO LOGS_VUELO (ID_LOG_VUELO, LOG_TIMESTAMP, HORAUTC, CALLSIGN, POSITION, ALTITUD, VELOCIDAD, DIRECCION, ID_VUELO) VALUES (inc_id.NextVal,'1520775024','2018-03-11T13:30:24Z','AVA120','51.304688,-0.288465','10000','238','147',445);
--Fila 384
INSERT INTO LOGS_VUELO (ID_LOG_VUELO, LOG_TIMESTAMP, HORAUTC, CALLSIGN, POSITION, ALTITUD, VELOCIDAD, DIRECCION, ID_VUELO) VALUES (inc_id.NextVal,'1520775043','2018-03-11T13:30:43Z','AVA120','51.28418,-0.267903','9975','240','148',473);
--Fila 385
INSERT INTO LOGS_VUELO (ID_LOG_VUELO, LOG_TIMESTAMP, HORAUTC, CALLSIGN, POSITION, ALTITUD, VELOCIDAD, DIRECCION, ID_VUELO) VALUES (inc_id.NextVal,'1520775054','2018-03-11T13:30:54Z','AVA120','51.275101,-0.259171','9975','242','149',456);
--Fila 386
INSERT INTO LOGS_VUELO (ID_LOG_VUELO, LOG_TIMESTAMP, HORAUTC, CALLSIGN, POSITION, ALTITUD, VELOCIDAD, DIRECCION, ID_VUELO) VALUES (inc_id.NextVal,'1520775065','2018-03-11T13:31:05Z','AVA120','51.263168,-0.25224','9975','231','165',452);
--Fila 387
INSERT INTO LOGS_VUELO (ID_LOG_VUELO, LOG_TIMESTAMP, HORAUTC, CALLSIGN, POSITION, ALTITUD, VELOCIDAD, DIRECCION, ID_VUELO) VALUES (inc_id.NextVal,'1520775071','2018-03-11T13:31:11Z','AVA120','51.25882,-0.25135','10000','229','174',499);
--Fila 388
INSERT INTO LOGS_VUELO (ID_LOG_VUELO, LOG_TIMESTAMP, HORAUTC, CALLSIGN, POSITION, ALTITUD, VELOCIDAD, DIRECCION, ID_VUELO) VALUES (inc_id.NextVal,'1520775080','2018-03-11T13:31:20Z','AVA120','51.24728,-0.25239','10000','227','190',494);
--Fila 389
INSERT INTO LOGS_VUELO (ID_LOG_VUELO, LOG_TIMESTAMP, HORAUTC, CALLSIGN, POSITION, ALTITUD, VELOCIDAD, DIRECCION, ID_VUELO) VALUES (inc_id.NextVal,'1520775086','2018-03-11T13:31:26Z','AVA120','51.242199,-0.25439','10000','236','194',449);
--Fila 390
INSERT INTO LOGS_VUELO (ID_LOG_VUELO, LOG_TIMESTAMP, HORAUTC, CALLSIGN, POSITION, ALTITUD, VELOCIDAD, DIRECCION, ID_VUELO) VALUES (inc_id.NextVal,'1520775095','2018-03-11T13:31:35Z','AVA120','51.232361,-0.26174','9975','236','208',402);
--Fila 391
INSERT INTO LOGS_VUELO (ID_LOG_VUELO, LOG_TIMESTAMP, HORAUTC, CALLSIGN, POSITION, ALTITUD, VELOCIDAD, DIRECCION, ID_VUELO) VALUES (inc_id.NextVal,'1520775106','2018-03-11T13:31:46Z','AVA120','51.225239,-0.27084','10000','231','218',433);
--Fila 392
INSERT INTO LOGS_VUELO (ID_LOG_VUELO, LOG_TIMESTAMP, HORAUTC, CALLSIGN, POSITION, ALTITUD, VELOCIDAD, DIRECCION, ID_VUELO) VALUES (inc_id.NextVal,'1520775115','2018-03-11T13:31:55Z','AVA120','51.218399,-0.28505','9975','239','240',462);
--Fila 393
INSERT INTO LOGS_VUELO (ID_LOG_VUELO, LOG_TIMESTAMP, HORAUTC, CALLSIGN, POSITION, ALTITUD, VELOCIDAD, DIRECCION, ID_VUELO) VALUES (inc_id.NextVal,'1520775126','2018-03-11T13:32:06Z','AVA120','51.213558,-0.30556','9975','248','259',453);
--Fila 394
INSERT INTO LOGS_VUELO (ID_LOG_VUELO, LOG_TIMESTAMP, HORAUTC, CALLSIGN, POSITION, ALTITUD, VELOCIDAD, DIRECCION, ID_VUELO) VALUES (inc_id.NextVal,'1520775135','2018-03-11T13:32:15Z','AVA120','51.21286,-0.32333','9975','255','273',459);
--Fila 395
INSERT INTO LOGS_VUELO (ID_LOG_VUELO, LOG_TIMESTAMP, HORAUTC, CALLSIGN, POSITION, ALTITUD, VELOCIDAD, DIRECCION, ID_VUELO) VALUES (inc_id.NextVal,'1520775143','2018-03-11T13:32:23Z','AVA120','51.215237,-0.341187','10000','260','287',471);
--Fila 396
INSERT INTO LOGS_VUELO (ID_LOG_VUELO, LOG_TIMESTAMP, HORAUTC, CALLSIGN, POSITION, ALTITUD, VELOCIDAD, DIRECCION, ID_VUELO) VALUES (inc_id.NextVal,'1520775150','2018-03-11T13:32:30Z','AVA120','51.218216,-0.351488','9975','263','297',451);
--Fila 397
INSERT INTO LOGS_VUELO (ID_LOG_VUELO, LOG_TIMESTAMP, HORAUTC, CALLSIGN, POSITION, ALTITUD, VELOCIDAD, DIRECCION, ID_VUELO) VALUES (inc_id.NextVal,'1520775159','2018-03-11T13:32:39Z','AVA120','51.225246,-0.366287','9875','268','314',464);
--Fila 398
INSERT INTO LOGS_VUELO (ID_LOG_VUELO, LOG_TIMESTAMP, HORAUTC, CALLSIGN, POSITION, ALTITUD, VELOCIDAD, DIRECCION, ID_VUELO) VALUES (inc_id.NextVal,'1520775172','2018-03-11T13:32:52Z','AVA120','51.237164,-0.380096','9650','273','328',453);
--Fila 399
INSERT INTO LOGS_VUELO (ID_LOG_VUELO, LOG_TIMESTAMP, HORAUTC, CALLSIGN, POSITION, ALTITUD, VELOCIDAD, DIRECCION, ID_VUELO) VALUES (inc_id.NextVal,'1520775180','2018-03-11T13:33:00Z','AVA120','51.24678,-0.389347','9475','273','328',476);
--Fila 400
INSERT INTO LOGS_VUELO (ID_LOG_VUELO, LOG_TIMESTAMP, HORAUTC, CALLSIGN, POSITION, ALTITUD, VELOCIDAD, DIRECCION, ID_VUELO) VALUES (inc_id.NextVal,'1520775186','2018-03-11T13:33:06Z','AVA120','51.253315,-0.395889','9375','273','327',469);
--Fallo de inserción en las filas  401  mediante  450 
--ORA-01400: no se puede realizar una inserción NULL en ("AVIANCA"."LOGS_VUELO"."ID_LOG_VUELO")
--Fila 401
INSERT INTO LOGS_VUELO (ID_LOG_VUELO, LOG_TIMESTAMP, HORAUTC, CALLSIGN, POSITION, ALTITUD, VELOCIDAD, DIRECCION, ID_VUELO) VALUES (inc_id.NextVal,'1520775198','2018-03-11T13:33:18Z','AVA120','51.266327,-0.408795','9150','274','328',414);
--Fila 402
INSERT INTO LOGS_VUELO (ID_LOG_VUELO, LOG_TIMESTAMP, HORAUTC, CALLSIGN, POSITION, ALTITUD, VELOCIDAD, DIRECCION, ID_VUELO) VALUES (inc_id.NextVal,'1520775214','2018-03-11T13:33:34Z','AVA120','51.281799,-0.424087','9025','272','328',407);
--Fila 403
INSERT INTO LOGS_VUELO (ID_LOG_VUELO, LOG_TIMESTAMP, HORAUTC, CALLSIGN, POSITION, ALTITUD, VELOCIDAD, DIRECCION, ID_VUELO) VALUES (inc_id.NextVal,'1520775228','2018-03-11T13:33:48Z','AVA120','51.297539,-0.439682','8975','271','328',438);
--Fila 404
INSERT INTO LOGS_VUELO (ID_LOG_VUELO, LOG_TIMESTAMP, HORAUTC, CALLSIGN, POSITION, ALTITUD, VELOCIDAD, DIRECCION, ID_VUELO) VALUES (inc_id.NextVal,'1520775237','2018-03-11T13:33:57Z','AVA120','51.308533,-0.44799','9000','272','338',488);
--Fila 405
INSERT INTO LOGS_VUELO (ID_LOG_VUELO, LOG_TIMESTAMP, HORAUTC, CALLSIGN, POSITION, ALTITUD, VELOCIDAD, DIRECCION, ID_VUELO) VALUES (inc_id.NextVal,'1520775243','2018-03-11T13:34:03Z','AVA120','51.315948,-0.452147','9000','274','341',439);
--Fila 406
INSERT INTO LOGS_VUELO (ID_LOG_VUELO, LOG_TIMESTAMP, HORAUTC, CALLSIGN, POSITION, ALTITUD, VELOCIDAD, DIRECCION, ID_VUELO) VALUES (inc_id.NextVal,'1520775251','2018-03-11T13:34:11Z','AVA120','51.325333,-0.456696','8975','275','343',443);
--Fila 407
INSERT INTO LOGS_VUELO (ID_LOG_VUELO, LOG_TIMESTAMP, HORAUTC, CALLSIGN, POSITION, ALTITUD, VELOCIDAD, DIRECCION, ID_VUELO) VALUES (inc_id.NextVal,'1520775259','2018-03-11T13:34:19Z','AVA120','51.336132,-0.461655','8975','276','344',413);
--Fila 408
INSERT INTO LOGS_VUELO (ID_LOG_VUELO, LOG_TIMESTAMP, HORAUTC, CALLSIGN, POSITION, ALTITUD, VELOCIDAD, DIRECCION, ID_VUELO) VALUES (inc_id.NextVal,'1520775272','2018-03-11T13:34:32Z','AVA120','51.351425,-0.468552','8975','274','344',490);
--Fila 409
INSERT INTO LOGS_VUELO (ID_LOG_VUELO, LOG_TIMESTAMP, HORAUTC, CALLSIGN, POSITION, ALTITUD, VELOCIDAD, DIRECCION, ID_VUELO) VALUES (inc_id.NextVal,'1520775284','2018-03-11T13:34:44Z','AVA120','51.365555,-0.474701','9000','269','344',450);
--Fila 410
INSERT INTO LOGS_VUELO (ID_LOG_VUELO, LOG_TIMESTAMP, HORAUTC, CALLSIGN, POSITION, ALTITUD, VELOCIDAD, DIRECCION, ID_VUELO) VALUES (inc_id.NextVal,'1520775295','2018-03-11T13:34:55Z','AVA120','51.379807,-0.483844','8975','271','330',424);
--Fila 411
INSERT INTO LOGS_VUELO (ID_LOG_VUELO, LOG_TIMESTAMP, HORAUTC, CALLSIGN, POSITION, ALTITUD, VELOCIDAD, DIRECCION, ID_VUELO) VALUES (inc_id.NextVal,'1520775306','2018-03-11T13:35:06Z','AVA120','51.388779,-0.495276','8975','272','328',463);
--Fila 412
INSERT INTO LOGS_VUELO (ID_LOG_VUELO, LOG_TIMESTAMP, HORAUTC, CALLSIGN, POSITION, ALTITUD, VELOCIDAD, DIRECCION, ID_VUELO) VALUES (inc_id.NextVal,'1520775318','2018-03-11T13:35:18Z','AVA120','51.396557,-0.515213','9000','253','292',418);
--Fila 413
INSERT INTO LOGS_VUELO (ID_LOG_VUELO, LOG_TIMESTAMP, HORAUTC, CALLSIGN, POSITION, ALTITUD, VELOCIDAD, DIRECCION, ID_VUELO) VALUES (inc_id.NextVal,'1520775327','2018-03-11T13:35:27Z','AVA120','51.398621,-0.531575','9000','247','274',484);
--Fila 414
INSERT INTO LOGS_VUELO (ID_LOG_VUELO, LOG_TIMESTAMP, HORAUTC, CALLSIGN, POSITION, ALTITUD, VELOCIDAD, DIRECCION, ID_VUELO) VALUES (inc_id.NextVal,'1520775347','2018-03-11T13:35:47Z','AVA120','51.393398,-0.56164','8975','231','239',450);
--Fila 415
INSERT INTO LOGS_VUELO (ID_LOG_VUELO, LOG_TIMESTAMP, HORAUTC, CALLSIGN, POSITION, ALTITUD, VELOCIDAD, DIRECCION, ID_VUELO) VALUES (inc_id.NextVal,'1520775363','2018-03-11T13:36:03Z','AVA120','51.379799,-0.584412','9000','230','222',445);
--Fila 416
INSERT INTO LOGS_VUELO (ID_LOG_VUELO, LOG_TIMESTAMP, HORAUTC, CALLSIGN, POSITION, ALTITUD, VELOCIDAD, DIRECCION, ID_VUELO) VALUES (inc_id.NextVal,'1520775375','2018-03-11T13:36:15Z','AVA120','51.369827,-0.598681','8975','231','221',490);
--Fila 417
INSERT INTO LOGS_VUELO (ID_LOG_VUELO, LOG_TIMESTAMP, HORAUTC, CALLSIGN, POSITION, ALTITUD, VELOCIDAD, DIRECCION, ID_VUELO) VALUES (inc_id.NextVal,'1520775387','2018-03-11T13:36:27Z','AVA120','51.36058,-0.611894','8925','229','221',443);
--Fila 418
INSERT INTO LOGS_VUELO (ID_LOG_VUELO, LOG_TIMESTAMP, HORAUTC, CALLSIGN, POSITION, ALTITUD, VELOCIDAD, DIRECCION, ID_VUELO) VALUES (inc_id.NextVal,'1520775399','2018-03-11T13:36:39Z','AVA120','51.351959,-0.62706','8725','231','228',437);
--Fila 419
INSERT INTO LOGS_VUELO (ID_LOG_VUELO, LOG_TIMESTAMP, HORAUTC, CALLSIGN, POSITION, ALTITUD, VELOCIDAD, DIRECCION, ID_VUELO) VALUES (inc_id.NextVal,'1520775406','2018-03-11T13:36:46Z','AVA120','51.348793,-0.636978','8600','237','247',453);
--Fila 420
INSERT INTO LOGS_VUELO (ID_LOG_VUELO, LOG_TIMESTAMP, HORAUTC, CALLSIGN, POSITION, ALTITUD, VELOCIDAD, DIRECCION, ID_VUELO) VALUES (inc_id.NextVal,'1520775415','2018-03-11T13:36:55Z','AVA120','51.34684,-0.652771','8425','240','253',472);
--Fila 421
INSERT INTO LOGS_VUELO (ID_LOG_VUELO, LOG_TIMESTAMP, HORAUTC, CALLSIGN, POSITION, ALTITUD, VELOCIDAD, DIRECCION, ID_VUELO) VALUES (inc_id.NextVal,'1520775435','2018-03-11T13:37:15Z','AVA120','51.349178,-0.68071','8175','196','278',427);
--Fila 422
INSERT INTO LOGS_VUELO (ID_LOG_VUELO, LOG_TIMESTAMP, HORAUTC, CALLSIGN, POSITION, ALTITUD, VELOCIDAD, DIRECCION, ID_VUELO) VALUES (inc_id.NextVal,'1520775444','2018-03-11T13:37:24Z','AVA120','51.35252,-0.7032','7950','251','281',416);
--Fila 423
INSERT INTO LOGS_VUELO (ID_LOG_VUELO, LOG_TIMESTAMP, HORAUTC, CALLSIGN, POSITION, ALTITUD, VELOCIDAD, DIRECCION, ID_VUELO) VALUES (inc_id.NextVal,'1520775459','2018-03-11T13:37:39Z','AVA120','51.356609,-0.73128','7625','249','281',419);
--Fila 424
INSERT INTO LOGS_VUELO (ID_LOG_VUELO, LOG_TIMESTAMP, HORAUTC, CALLSIGN, POSITION, ALTITUD, VELOCIDAD, DIRECCION, ID_VUELO) VALUES (inc_id.NextVal,'1520775473','2018-03-11T13:37:53Z','AVA120','51.36034,-0.7576','7500','248','282',496);
--Fila 425
INSERT INTO LOGS_VUELO (ID_LOG_VUELO, LOG_TIMESTAMP, HORAUTC, CALLSIGN, POSITION, ALTITUD, VELOCIDAD, DIRECCION, ID_VUELO) VALUES (inc_id.NextVal,'1520775488','2018-03-11T13:38:08Z','AVA120','51.364151,-0.78508','7225','251','280',439);
--Fila 426
INSERT INTO LOGS_VUELO (ID_LOG_VUELO, LOG_TIMESTAMP, HORAUTC, CALLSIGN, POSITION, ALTITUD, VELOCIDAD, DIRECCION, ID_VUELO) VALUES (inc_id.NextVal,'1520775499','2018-03-11T13:38:19Z','AVA120','51.36726,-0.80304','7050','254','288',474);
--Fila 427
INSERT INTO LOGS_VUELO (ID_LOG_VUELO, LOG_TIMESTAMP, HORAUTC, CALLSIGN, POSITION, ALTITUD, VELOCIDAD, DIRECCION, ID_VUELO) VALUES (inc_id.NextVal,'1520775508','2018-03-11T13:38:28Z','AVA120','51.371799,-0.82071','6925','249','292',499);
--Fila 428
INSERT INTO LOGS_VUELO (ID_LOG_VUELO, LOG_TIMESTAMP, HORAUTC, CALLSIGN, POSITION, ALTITUD, VELOCIDAD, DIRECCION, ID_VUELO) VALUES (inc_id.NextVal,'1520775518','2018-03-11T13:38:38Z','AVA120','51.376789,-0.83719','6850','240','294',407);
--Fila 429
INSERT INTO LOGS_VUELO (ID_LOG_VUELO, LOG_TIMESTAMP, HORAUTC, CALLSIGN, POSITION, ALTITUD, VELOCIDAD, DIRECCION, ID_VUELO) VALUES (inc_id.NextVal,'1520775539','2018-03-11T13:38:59Z','AVA120','51.386921,-0.868','6550','228','296',476);
--Fila 430
INSERT INTO LOGS_VUELO (ID_LOG_VUELO, LOG_TIMESTAMP, HORAUTC, CALLSIGN, POSITION, ALTITUD, VELOCIDAD, DIRECCION, ID_VUELO) VALUES (inc_id.NextVal,'1520775553','2018-03-11T13:39:13Z','AVA120','51.39423,-0.88928','6350','215','297',417);
--Fila 431
INSERT INTO LOGS_VUELO (ID_LOG_VUELO, LOG_TIMESTAMP, HORAUTC, CALLSIGN, POSITION, ALTITUD, VELOCIDAD, DIRECCION, ID_VUELO) VALUES (inc_id.NextVal,'1520775563','2018-03-11T13:39:23Z','AVA120','51.399769,-0.90236','6250','210','307',481);
--Fila 432
INSERT INTO LOGS_VUELO (ID_LOG_VUELO, LOG_TIMESTAMP, HORAUTC, CALLSIGN, POSITION, ALTITUD, VELOCIDAD, DIRECCION, ID_VUELO) VALUES (inc_id.NextVal,'1520775574','2018-03-11T13:39:34Z','AVA120','51.40773,-0.91232','6150','218','331',465);
--Fila 433
INSERT INTO LOGS_VUELO (ID_LOG_VUELO, LOG_TIMESTAMP, HORAUTC, CALLSIGN, POSITION, ALTITUD, VELOCIDAD, DIRECCION, ID_VUELO) VALUES (inc_id.NextVal,'1520775583','2018-03-11T13:39:43Z','AVA120','51.416569,-0.91675','6075','210','349',423);
--Fila 434
INSERT INTO LOGS_VUELO (ID_LOG_VUELO, LOG_TIMESTAMP, HORAUTC, CALLSIGN, POSITION, ALTITUD, VELOCIDAD, DIRECCION, ID_VUELO) VALUES (inc_id.NextVal,'1520775594','2018-03-11T13:39:54Z','AVA120','51.427368,-0.91835','5975','210','356',442);
--Fila 435
INSERT INTO LOGS_VUELO (ID_LOG_VUELO, LOG_TIMESTAMP, HORAUTC, CALLSIGN, POSITION, ALTITUD, VELOCIDAD, DIRECCION, ID_VUELO) VALUES (inc_id.NextVal,'1520775618','2018-03-11T13:40:18Z','AVA120','51.45071,-0.90823','5775','203','43',455);
--Fila 436
INSERT INTO LOGS_VUELO (ID_LOG_VUELO, LOG_TIMESTAMP, HORAUTC, CALLSIGN, POSITION, ALTITUD, VELOCIDAD, DIRECCION, ID_VUELO) VALUES (inc_id.NextVal,'1520775628','2018-03-11T13:40:28Z','AVA120','51.456989,-0.89628','5675','202','54',491);
--Fila 437
INSERT INTO LOGS_VUELO (ID_LOG_VUELO, LOG_TIMESTAMP, HORAUTC, CALLSIGN, POSITION, ALTITUD, VELOCIDAD, DIRECCION, ID_VUELO) VALUES (inc_id.NextVal,'1520775644','2018-03-11T13:40:44Z','AVA120','51.465221,-0.87784','5500','200','56',473);
--Fila 438
INSERT INTO LOGS_VUELO (ID_LOG_VUELO, LOG_TIMESTAMP, HORAUTC, CALLSIGN, POSITION, ALTITUD, VELOCIDAD, DIRECCION, ID_VUELO) VALUES (inc_id.NextVal,'1520775658','2018-03-11T13:40:58Z','AVA120','51.473011,-0.85923','5350','196','65',444);
--Fila 439
INSERT INTO LOGS_VUELO (ID_LOG_VUELO, LOG_TIMESTAMP, HORAUTC, CALLSIGN, POSITION, ALTITUD, VELOCIDAD, DIRECCION, ID_VUELO) VALUES (inc_id.NextVal,'1520775668','2018-03-11T13:41:08Z','AVA120','51.475368,-0.8448','5250','194','84',450);
--Fila 440
INSERT INTO LOGS_VUELO (ID_LOG_VUELO, LOG_TIMESTAMP, HORAUTC, CALLSIGN, POSITION, ALTITUD, VELOCIDAD, DIRECCION, ID_VUELO) VALUES (inc_id.NextVal,'1520775678','2018-03-11T13:41:18Z','AVA120','51.475971,-0.83069','5100','195','90',408);
--Fila 441
INSERT INTO LOGS_VUELO (ID_LOG_VUELO, LOG_TIMESTAMP, HORAUTC, CALLSIGN, POSITION, ALTITUD, VELOCIDAD, DIRECCION, ID_VUELO) VALUES (inc_id.NextVal,'1520775704','2018-03-11T13:41:44Z','AVA120','51.476109,-0.80505','4750','198','90',460);
--Fila 442
INSERT INTO LOGS_VUELO (ID_LOG_VUELO, LOG_TIMESTAMP, HORAUTC, CALLSIGN, POSITION, ALTITUD, VELOCIDAD, DIRECCION, ID_VUELO) VALUES (inc_id.NextVal,'1520775712','2018-03-11T13:41:52Z','AVA120','51.47617,-0.78174','4425','197','89',420);
--Fila 443
INSERT INTO LOGS_VUELO (ID_LOG_VUELO, LOG_TIMESTAMP, HORAUTC, CALLSIGN, POSITION, ALTITUD, VELOCIDAD, DIRECCION, ID_VUELO) VALUES (inc_id.NextVal,'1520775718','2018-03-11T13:41:58Z','AVA120','51.47617,-0.77216','4325','195','89',484);
--Fila 444
INSERT INTO LOGS_VUELO (ID_LOG_VUELO, LOG_TIMESTAMP, HORAUTC, CALLSIGN, POSITION, ALTITUD, VELOCIDAD, DIRECCION, ID_VUELO) VALUES (inc_id.NextVal,'1520775728','2018-03-11T13:42:08Z','AVA120','51.47625,-0.75798','4150','193','89',460);
--Fila 445
INSERT INTO LOGS_VUELO (ID_LOG_VUELO, LOG_TIMESTAMP, HORAUTC, CALLSIGN, POSITION, ALTITUD, VELOCIDAD, DIRECCION, ID_VUELO) VALUES (inc_id.NextVal,'1520775734','2018-03-11T13:42:14Z','AVA120','51.47625,-0.75058','4050','191','89',463);
--Fila 446
INSERT INTO LOGS_VUELO (ID_LOG_VUELO, LOG_TIMESTAMP, HORAUTC, CALLSIGN, POSITION, ALTITUD, VELOCIDAD, DIRECCION, ID_VUELO) VALUES (inc_id.NextVal,'1520775743','2018-03-11T13:42:23Z','AVA120','51.476349,-0.73662','3850','187','89',423);
--Fila 447
INSERT INTO LOGS_VUELO (ID_LOG_VUELO, LOG_TIMESTAMP, HORAUTC, CALLSIGN, POSITION, ALTITUD, VELOCIDAD, DIRECCION, ID_VUELO) VALUES (inc_id.NextVal,'1520775754','2018-03-11T13:42:34Z','AVA120','51.47644,-0.72324','3675','179','89',445);
--Fila 448
INSERT INTO LOGS_VUELO (ID_LOG_VUELO, LOG_TIMESTAMP, HORAUTC, CALLSIGN, POSITION, ALTITUD, VELOCIDAD, DIRECCION, ID_VUELO) VALUES (inc_id.NextVal,'1520775760','2018-03-11T13:42:40Z','AVA120','51.47649,-0.71545','3575','173','89',412);
--Fila 449
INSERT INTO LOGS_VUELO (ID_LOG_VUELO, LOG_TIMESTAMP, HORAUTC, CALLSIGN, POSITION, ALTITUD, VELOCIDAD, DIRECCION, ID_VUELO) VALUES (inc_id.NextVal,'1520775770','2018-03-11T13:42:50Z','AVA120','51.476528,-0.7029','3475','168','89',467);
--Fila 450
INSERT INTO LOGS_VUELO (ID_LOG_VUELO, LOG_TIMESTAMP, HORAUTC, CALLSIGN, POSITION, ALTITUD, VELOCIDAD, DIRECCION, ID_VUELO) VALUES (inc_id.NextVal,'1520775779','2018-03-11T13:42:59Z','AVA120','51.476631,-0.69199','3325','166','89',465);

--Fila 451
INSERT INTO LOGS_VUELO (ID_LOG_VUELO, LOG_TIMESTAMP, HORAUTC, CALLSIGN, POSITION, ALTITUD, VELOCIDAD, DIRECCION, ID_VUELO) VALUES (inc_id.NextVal,'1520775790','2018-03-11T13:43:10Z','AVA120','51.476669,-0.67833','3150','163','89',407);
--Fila 452
INSERT INTO LOGS_VUELO (ID_LOG_VUELO, LOG_TIMESTAMP, HORAUTC, CALLSIGN, POSITION, ALTITUD, VELOCIDAD, DIRECCION, ID_VUELO) VALUES (inc_id.NextVal,'1520775799','2018-03-11T13:43:19Z','AVA120','51.476761,-0.66638','3000','159','89',440);
--Fila 453
INSERT INTO LOGS_VUELO (ID_LOG_VUELO, LOG_TIMESTAMP, HORAUTC, CALLSIGN, POSITION, ALTITUD, VELOCIDAD, DIRECCION, ID_VUELO) VALUES (inc_id.NextVal,'1520775810','2018-03-11T13:43:30Z','AVA120','51.476768,-0.65941','2925','158','89',418);
--Fila 454
INSERT INTO LOGS_VUELO (ID_LOG_VUELO, LOG_TIMESTAMP, HORAUTC, CALLSIGN, POSITION, ALTITUD, VELOCIDAD, DIRECCION, ID_VUELO) VALUES (inc_id.NextVal,'1520775826','2018-03-11T13:43:46Z','AVA120','51.47691,-0.6369','2650','155','89',406);
--Fila 455
INSERT INTO LOGS_VUELO (ID_LOG_VUELO, LOG_TIMESTAMP, HORAUTC, CALLSIGN, POSITION, ALTITUD, VELOCIDAD, DIRECCION, ID_VUELO) VALUES (inc_id.NextVal,'1520775835','2018-03-11T13:43:55Z','AVA120','51.476952,-0.62637','2525','154','89',419);
--Fila 456
INSERT INTO LOGS_VUELO (ID_LOG_VUELO, LOG_TIMESTAMP, HORAUTC, CALLSIGN, POSITION, ALTITUD, VELOCIDAD, DIRECCION, ID_VUELO) VALUES (inc_id.NextVal,'1520775844','2018-03-11T13:44:04Z','AVA120','51.47699,-0.61323','2350','154','89',443);
--Fila 457
INSERT INTO LOGS_VUELO (ID_LOG_VUELO, LOG_TIMESTAMP, HORAUTC, CALLSIGN, POSITION, ALTITUD, VELOCIDAD, DIRECCION, ID_VUELO) VALUES (inc_id.NextVal,'1520775855','2018-03-11T13:44:15Z','AVA120','51.477039,-0.60239','2225','153','89',471);
--Fila 458
INSERT INTO LOGS_VUELO (ID_LOG_VUELO, LOG_TIMESTAMP, HORAUTC, CALLSIGN, POSITION, ALTITUD, VELOCIDAD, DIRECCION, ID_VUELO) VALUES (inc_id.NextVal,'1520775865','2018-03-11T13:44:25Z','AVA120','51.477081,-0.59163','2075','150','89',499);
--Fila 459
INSERT INTO LOGS_VUELO (ID_LOG_VUELO, LOG_TIMESTAMP, HORAUTC, CALLSIGN, POSITION, ALTITUD, VELOCIDAD, DIRECCION, ID_VUELO) VALUES (inc_id.NextVal,'1520775881','2018-03-11T13:44:41Z','AVA120','51.477139,-0.58174','1950','149','89',417);
--Fila 460
INSERT INTO LOGS_VUELO (ID_LOG_VUELO, LOG_TIMESTAMP, HORAUTC, CALLSIGN, POSITION, ALTITUD, VELOCIDAD, DIRECCION, ID_VUELO) VALUES (inc_id.NextVal,'1520775894','2018-03-11T13:44:54Z','AVA120','51.477139,-0.5764','1900','142','89',490);
--Fila 461
INSERT INTO LOGS_VUELO (ID_LOG_VUELO, LOG_TIMESTAMP, HORAUTC, CALLSIGN, POSITION, ALTITUD, VELOCIDAD, DIRECCION, ID_VUELO) VALUES (inc_id.NextVal,'1520775959','2018-03-11T13:45:59Z','AVA120','51.477402,-0.52141','1225','131','89',470);
--Fila 462
INSERT INTO LOGS_VUELO (ID_LOG_VUELO, LOG_TIMESTAMP, HORAUTC, CALLSIGN, POSITION, ALTITUD, VELOCIDAD, DIRECCION, ID_VUELO) VALUES (inc_id.NextVal,'1520776168','2018-03-11T13:49:28Z','AVA120','51.475983,-0.45005','0','28','90',463);
--Fila 463
INSERT INTO LOGS_VUELO (ID_LOG_VUELO, LOG_TIMESTAMP, HORAUTC, CALLSIGN, POSITION, ALTITUD, VELOCIDAD, DIRECCION, ID_VUELO) VALUES (inc_id.NextVal,'1520776183','2018-03-11T13:49:43Z','AVA120','51.475983,-0.448565','0','33','92',456);
--Fila 464
INSERT INTO LOGS_VUELO (ID_LOG_VUELO, LOG_TIMESTAMP, HORAUTC, CALLSIGN, POSITION, ALTITUD, VELOCIDAD, DIRECCION, ID_VUELO) VALUES (inc_id.NextVal,'1520776198','2018-03-11T13:49:58Z','AVA120','51.475998,-0.447025','0','15','90',430);
--Fila 465
INSERT INTO LOGS_VUELO (ID_LOG_VUELO, LOG_TIMESTAMP, HORAUTC, CALLSIGN, POSITION, ALTITUD, VELOCIDAD, DIRECCION, ID_VUELO) VALUES (inc_id.NextVal,'1520776204','2018-03-11T13:50:04Z','AVA120','51.475998,-0.446472','0','33','90',499);
--Fila 466
INSERT INTO LOGS_VUELO (ID_LOG_VUELO, LOG_TIMESTAMP, HORAUTC, CALLSIGN, POSITION, ALTITUD, VELOCIDAD, DIRECCION, ID_VUELO) VALUES (inc_id.NextVal,'1520776224','2018-03-11T13:50:24Z','AVA120','51.475998,-0.444546','0','29','90',440);
--Fila 467
INSERT INTO LOGS_VUELO (ID_LOG_VUELO, LOG_TIMESTAMP, HORAUTC, CALLSIGN, POSITION, ALTITUD, VELOCIDAD, DIRECCION, ID_VUELO) VALUES (inc_id.NextVal,'1520776235','2018-03-11T13:50:35Z','AVA120','51.475998,-0.44342','0','25','92',416);
--Fila 468
INSERT INTO LOGS_VUELO (ID_LOG_VUELO, LOG_TIMESTAMP, HORAUTC, CALLSIGN, POSITION, ALTITUD, VELOCIDAD, DIRECCION, ID_VUELO) VALUES (inc_id.NextVal,'1520776251','2018-03-11T13:50:51Z','AVA120','51.475937,-0.442274','0','26','95',460);
--Fila 469
INSERT INTO LOGS_VUELO (ID_LOG_VUELO, LOG_TIMESTAMP, HORAUTC, CALLSIGN, POSITION, ALTITUD, VELOCIDAD, DIRECCION, ID_VUELO) VALUES (inc_id.NextVal,'1520776265','2018-03-11T13:51:05Z','AVA120','51.475929,-0.441322','0','22','92',490);
--Fila 470
INSERT INTO LOGS_VUELO (ID_LOG_VUELO, LOG_TIMESTAMP, HORAUTC, CALLSIGN, POSITION, ALTITUD, VELOCIDAD, DIRECCION, ID_VUELO) VALUES (inc_id.NextVal,'1520776276','2018-03-11T13:51:16Z','AVA120','51.475895,-0.440903','0','19','101',477);
--Fila 471
INSERT INTO LOGS_VUELO (ID_LOG_VUELO, LOG_TIMESTAMP, HORAUTC, CALLSIGN, POSITION, ALTITUD, VELOCIDAD, DIRECCION, ID_VUELO) VALUES (inc_id.NextVal,'1520776284','2018-03-11T13:51:24Z','AVA120','51.475456,-0.440622','0','21','168',434);
--Fila 472
INSERT INTO LOGS_VUELO (ID_LOG_VUELO, LOG_TIMESTAMP, HORAUTC, CALLSIGN, POSITION, ALTITUD, VELOCIDAD, DIRECCION, ID_VUELO) VALUES (inc_id.NextVal,'1520776299','2018-03-11T13:51:39Z','AVA120','51.474895,-0.440604','0','21','180',495);
-- insertar tripulaciones
INSERT INTO Tripulaciones (id_empleados,id_azafatas,nombres,apellidos,fecha_de_nacimiento,antiguedad,fecha_ultimo_entrenamiento_recibido,correo,celular,horas_descanso_ultimo_vuelo,estado,ubicacion_actual) VALUES (1,100,'Graham','Price','17-12-69',28,'23-06-72','semper.Nam@dapibusidblandit.co.uk',321547380,19,'entrenamiento','-88.00161, 50.14758');
INSERT INTO Tripulaciones (id_empleados,id_azafatas,nombres,apellidos,fecha_de_nacimiento,antiguedad,fecha_ultimo_entrenamiento_recibido,correo,celular,horas_descanso_ultimo_vuelo,estado,ubicacion_actual) VALUES (2,101,'Emmanuel','Walton','11-06-86',26,'15-11-69','turpis.vitae@vitaenibh.ca',307848784,6,'inactivo','63.31185, -92.27906');
INSERT INTO Tripulaciones (id_empleados,id_azafatas,nombres,apellidos,fecha_de_nacimiento,antiguedad,fecha_ultimo_entrenamiento_recibido,correo,celular,horas_descanso_ultimo_vuelo,estado,ubicacion_actual) VALUES (3,102,'Tashya','Townsend','05-10-57',1,'19-06-72','velit.dui.semper@anteMaecenas.net',310308577,14,'suspendido','-22.69672, -39.89194');
INSERT INTO Tripulaciones (id_empleados,id_azafatas,nombres,apellidos,fecha_de_nacimiento,antiguedad,fecha_ultimo_entrenamiento_recibido,correo,celular,horas_descanso_ultimo_vuelo,estado,ubicacion_actual) VALUES (4,103,'Sarah','Duran','15-03-66',20,'16-02-08','lacus@nuncrisusvarius.co.uk',319813107,10,'en vuelo','-19.35669, -29.25334');
INSERT INTO Tripulaciones (id_empleados,id_azafatas,nombres,apellidos,fecha_de_nacimiento,antiguedad,fecha_ultimo_entrenamiento_recibido,correo,celular,horas_descanso_ultimo_vuelo,estado,ubicacion_actual) VALUES (5,104,'Ahmed','Strickland','16-02-81',5,'12-04-90','dictum.eu.placerat@rutrumnon.edu',310082110,11,'entrenamiento','-81.53201, 7.13996');
INSERT INTO Tripulaciones (id_empleados,id_azafatas,nombres,apellidos,fecha_de_nacimiento,antiguedad,fecha_ultimo_entrenamiento_recibido,correo,celular,horas_descanso_ultimo_vuelo,estado,ubicacion_actual) VALUES (6,105,'Hector','Sandoval','31-12-91',23,'14-02-07','Lorem@Integer.ca',305970730,20,'entrenamiento','75.01795, 77.99689');
INSERT INTO Tripulaciones (id_empleados,id_azafatas,nombres,apellidos,fecha_de_nacimiento,antiguedad,fecha_ultimo_entrenamiento_recibido,correo,celular,horas_descanso_ultimo_vuelo,estado,ubicacion_actual) VALUES (7,106,'Upton','Cunningham','25-12-53',25,'04-08-80','ultricies@interdum.co.uk',317485083,9,'activo','87.93659, 92.33413');
INSERT INTO Tripulaciones (id_empleados,id_azafatas,nombres,apellidos,fecha_de_nacimiento,antiguedad,fecha_ultimo_entrenamiento_recibido,correo,celular,horas_descanso_ultimo_vuelo,estado,ubicacion_actual) VALUES (8,107,'Connor','Beard','28-09-50',15,'12-01-73','ullamcorper@sed.co.uk',320271089,17,'suspendido','-74.2024, -27.72517');
INSERT INTO Tripulaciones (id_empleados,id_azafatas,nombres,apellidos,fecha_de_nacimiento,antiguedad,fecha_ultimo_entrenamiento_recibido,correo,celular,horas_descanso_ultimo_vuelo,estado,ubicacion_actual) VALUES (9,108,'Knox','Sutton','12-08-76',17,'14-06-05','Cras.vulputate@at.net',309189285,1,'activo','3.13778, -28.45048');
INSERT INTO Tripulaciones (id_empleados,id_azafatas,nombres,apellidos,fecha_de_nacimiento,antiguedad,fecha_ultimo_entrenamiento_recibido,correo,celular,horas_descanso_ultimo_vuelo,estado,ubicacion_actual) VALUES (10,109,'Odette','Scott','10-07-72',23,'29-04-02','egestas@eratinconsectetuer.net',313468892,1,'activo','72.37896, -4.99173');
INSERT INTO Tripulaciones (id_empleados,id_azafatas,nombres,apellidos,fecha_de_nacimiento,antiguedad,fecha_ultimo_entrenamiento_recibido,correo,celular,horas_descanso_ultimo_vuelo,estado,ubicacion_actual) VALUES (11,110,'Henry','Moore','18-11-81',27,'26-08-96','euismod.ac.fermentum@ullamcorperDuisat.edu',312332796,7,'vacaciones','-47.81538, -85.72738');
INSERT INTO Tripulaciones (id_empleados,id_azafatas,nombres,apellidos,fecha_de_nacimiento,antiguedad,fecha_ultimo_entrenamiento_recibido,correo,celular,horas_descanso_ultimo_vuelo,estado,ubicacion_actual) VALUES (12,111,'Emmanuel','Justice','06-12-69',15,'09-09-94','tellus@Nullamfeugiatplacerat.org',300875558,19,'jubilado','-72.3325, -118.36684');
INSERT INTO Tripulaciones (id_empleados,id_azafatas,nombres,apellidos,fecha_de_nacimiento,antiguedad,fecha_ultimo_entrenamiento_recibido,correo,celular,horas_descanso_ultimo_vuelo,estado,ubicacion_actual) VALUES (13,112,'Zelda','Mcneil','16-05-69',11,'25-01-63','leo.Morbi@egestasSedpharetra.net',313756618,5,'suspendido','-85.17603, -153.96508');
INSERT INTO Tripulaciones (id_empleados,id_azafatas,nombres,apellidos,fecha_de_nacimiento,antiguedad,fecha_ultimo_entrenamiento_recibido,correo,celular,horas_descanso_ultimo_vuelo,estado,ubicacion_actual) VALUES (14,113,'Blair','Perry','19-08-53',2,'25-02-62','erat@maurisaliquameu.com',313262067,10,'activo','9.57941, -19.33864');
INSERT INTO Tripulaciones (id_empleados,id_azafatas,nombres,apellidos,fecha_de_nacimiento,antiguedad,fecha_ultimo_entrenamiento_recibido,correo,celular,horas_descanso_ultimo_vuelo,estado,ubicacion_actual) VALUES (15,114,'Hiram','Curtis','30-05-81',18,'14-06-72','lobortis.nisi.nibh@Praesentluctus.ca',319434812,16,'jubilado','8.67125, -18.80292');
INSERT INTO Tripulaciones (id_empleados,id_azafatas,nombres,apellidos,fecha_de_nacimiento,antiguedad,fecha_ultimo_entrenamiento_recibido,correo,celular,horas_descanso_ultimo_vuelo,estado,ubicacion_actual) VALUES (16,115,'Kay','Woodard','14-03-51',8,'16-01-88','ultricies.sem.magna@Donecvitaeerat.net',305977985,8,'licencia','34.72039, 44.56071');
INSERT INTO Tripulaciones (id_empleados,id_azafatas,nombres,apellidos,fecha_de_nacimiento,antiguedad,fecha_ultimo_entrenamiento_recibido,correo,celular,horas_descanso_ultimo_vuelo,estado,ubicacion_actual) VALUES (17,116,'Buffy','Mcgee','17-02-50',17,'14-04-93','porta.elit@ipsumdolor.com',308169820,8,'activo','39.62978, 110.77282');
INSERT INTO Tripulaciones (id_empleados,id_azafatas,nombres,apellidos,fecha_de_nacimiento,antiguedad,fecha_ultimo_entrenamiento_recibido,correo,celular,horas_descanso_ultimo_vuelo,estado,ubicacion_actual) VALUES (18,117,'Heidi','Conway','29-12-81',10,'22-07-96','ac@cursusin.com',312470406,11,'inactivo','75.38242, 105.129');
INSERT INTO Tripulaciones (id_empleados,id_azafatas,nombres,apellidos,fecha_de_nacimiento,antiguedad,fecha_ultimo_entrenamiento_recibido,correo,celular,horas_descanso_ultimo_vuelo,estado,ubicacion_actual) VALUES (19,118,'Lee','Bonner','07-08-73',19,'20-06-09','aliquet@nonenimMauris.edu',319265710,16,'despedido','79.77639, 134.37428');
INSERT INTO Tripulaciones (id_empleados,id_azafatas,nombres,apellidos,fecha_de_nacimiento,antiguedad,fecha_ultimo_entrenamiento_recibido,correo,celular,horas_descanso_ultimo_vuelo,estado,ubicacion_actual) VALUES (20,119,'Desirae','Combs','23-05-83',25,'13-03-03','consectetuer.cursus@enimSed.ca',310192607,5,'despedido','59.99612, 62.31188');
INSERT INTO Tripulaciones (id_empleados,id_azafatas,nombres,apellidos,fecha_de_nacimiento,antiguedad,fecha_ultimo_entrenamiento_recibido,correo,celular,horas_descanso_ultimo_vuelo,estado,ubicacion_actual) VALUES (21,120,'Leroy','Hammond','02-10-69',2,'31-01-08','velit.egestas.lacinia@ultricesaauctor.org',303503074,11,'activo','48.75971, -33.95761');
INSERT INTO Tripulaciones (id_empleados,id_azafatas,nombres,apellidos,fecha_de_nacimiento,antiguedad,fecha_ultimo_entrenamiento_recibido,correo,celular,horas_descanso_ultimo_vuelo,estado,ubicacion_actual) VALUES (22,121,'Harding','Sims','31-10-69',19,'05-05-71','lobortis.quam.a@luctus.ca',315363499,18,'despedido','67.84241, -152.92475');
INSERT INTO Tripulaciones (id_empleados,id_azafatas,nombres,apellidos,fecha_de_nacimiento,antiguedad,fecha_ultimo_entrenamiento_recibido,correo,celular,horas_descanso_ultimo_vuelo,estado,ubicacion_actual) VALUES (23,122,'Breanna','Perkins','17-02-50',24,'20-10-08','erat.volutpat.Nulla@infelisNulla.net',308407416,3,'licencia','-55.87646, 158.54482');
INSERT INTO Tripulaciones (id_empleados,id_azafatas,nombres,apellidos,fecha_de_nacimiento,antiguedad,fecha_ultimo_entrenamiento_recibido,correo,celular,horas_descanso_ultimo_vuelo,estado,ubicacion_actual) VALUES (24,123,'Nash','Watkins','18-02-90',7,'03-12-77','orci.in@etipsum.org',320395909,5,'vacaciones','-4.66348, 166.3059');
INSERT INTO Tripulaciones (id_empleados,id_azafatas,nombres,apellidos,fecha_de_nacimiento,antiguedad,fecha_ultimo_entrenamiento_recibido,correo,celular,horas_descanso_ultimo_vuelo,estado,ubicacion_actual) VALUES (25,124,'Kim','Chapman','27-10-85',5,'05-05-63','Vivamus.euismod@malesuada.com',306623551,19,'inactivo','-78.02725, 27.75389');
INSERT INTO Tripulaciones (id_empleados,id_azafatas,nombres,apellidos,fecha_de_nacimiento,antiguedad,fecha_ultimo_entrenamiento_recibido,correo,celular,horas_descanso_ultimo_vuelo,estado,ubicacion_actual) VALUES (26,125,'Courtney','Torres','22-05-80',29,'04-02-82','amet.faucibus.ut@QuisquevariusNam.ca',307120496,14,'suspendido','86.18794, -29.0554');
INSERT INTO Tripulaciones (id_empleados,id_azafatas,nombres,apellidos,fecha_de_nacimiento,antiguedad,fecha_ultimo_entrenamiento_recibido,correo,celular,horas_descanso_ultimo_vuelo,estado,ubicacion_actual) VALUES (27,126,'Denise','Meadows','23-08-72',13,'27-11-08','aliquam.eu.accumsan@nisiCum.ca',320841067,10,'inactivo','-18.47288, -157.15717');
INSERT INTO Tripulaciones (id_empleados,id_azafatas,nombres,apellidos,fecha_de_nacimiento,antiguedad,fecha_ultimo_entrenamiento_recibido,correo,celular,horas_descanso_ultimo_vuelo,estado,ubicacion_actual) VALUES (28,127,'Jessica','Buckner','04-08-82',21,'07-09-98','lobortis.mauris@Sed.com',312139722,4,'vacaciones','-53.80586, -161.4817');
INSERT INTO Tripulaciones (id_empleados,id_azafatas,nombres,apellidos,fecha_de_nacimiento,antiguedad,fecha_ultimo_entrenamiento_recibido,correo,celular,horas_descanso_ultimo_vuelo,estado,ubicacion_actual) VALUES (29,128,'Rachel','Dalton','28-10-91',16,'23-09-66','est@nasceturridiculusmus.net',301840766,12,'inactivo','80.4731, -47.31467');
INSERT INTO Tripulaciones (id_empleados,id_azafatas,nombres,apellidos,fecha_de_nacimiento,antiguedad,fecha_ultimo_entrenamiento_recibido,correo,celular,horas_descanso_ultimo_vuelo,estado,ubicacion_actual) VALUES (30,129,'Ifeoma','May','23-05-77',20,'02-11-93','enim.Curabitur@auguescelerisque.net',307906517,4,'inactivo','-56.67066, 170.07886');
INSERT INTO Tripulaciones (id_empleados,id_azafatas,nombres,apellidos,fecha_de_nacimiento,antiguedad,fecha_ultimo_entrenamiento_recibido,correo,celular,horas_descanso_ultimo_vuelo,estado,ubicacion_actual) VALUES (31,130,'Latifah','Keith','09-12-82',23,'20-10-02','dui.Suspendisse@ametconsectetueradipiscing.org',301734548,7,'despedido','-18.54224, 117.82033');
INSERT INTO Tripulaciones (id_empleados,id_azafatas,nombres,apellidos,fecha_de_nacimiento,antiguedad,fecha_ultimo_entrenamiento_recibido,correo,celular,horas_descanso_ultimo_vuelo,estado,ubicacion_actual) VALUES (32,131,'Fleur','Robinson','21-05-58',25,'22-04-08','In.nec@sedsapienNunc.org',317665559,15,'licencia','-19.806, -22.69216');
INSERT INTO Tripulaciones (id_empleados,id_azafatas,nombres,apellidos,fecha_de_nacimiento,antiguedad,fecha_ultimo_entrenamiento_recibido,correo,celular,horas_descanso_ultimo_vuelo,estado,ubicacion_actual) VALUES (33,132,'Idola','Mayo','31-10-69',30,'16-04-00','eu@mauriseuelit.net',318654722,8,'entrenamiento','-78.3891, 38.49051');
INSERT INTO Tripulaciones (id_empleados,id_azafatas,nombres,apellidos,fecha_de_nacimiento,antiguedad,fecha_ultimo_entrenamiento_recibido,correo,celular,horas_descanso_ultimo_vuelo,estado,ubicacion_actual) VALUES (34,133,'Serena','Morris','15-08-60',19,'31-01-66','est@massaMaurisvestibulum.edu',312928440,14,'jubilado','-73.233, -132.9868');
INSERT INTO Tripulaciones (id_empleados,id_azafatas,nombres,apellidos,fecha_de_nacimiento,antiguedad,fecha_ultimo_entrenamiento_recibido,correo,celular,horas_descanso_ultimo_vuelo,estado,ubicacion_actual) VALUES (35,134,'Leonard','Pierce','12-06-57',30,'21-02-82','enim.nisl.elementum@Sed.com',302980319,7,'jubilado','-40.15848, 63.68232');
INSERT INTO Tripulaciones (id_empleados,id_azafatas,nombres,apellidos,fecha_de_nacimiento,antiguedad,fecha_ultimo_entrenamiento_recibido,correo,celular,horas_descanso_ultimo_vuelo,estado,ubicacion_actual) VALUES (36,135,'Kennan','Wells','25-12-84',20,'05-07-95','Vivamus.nisi@felis.co.uk',316260739,12,'en vuelo','67.56144, -163.94706');
INSERT INTO Tripulaciones (id_empleados,id_azafatas,nombres,apellidos,fecha_de_nacimiento,antiguedad,fecha_ultimo_entrenamiento_recibido,correo,celular,horas_descanso_ultimo_vuelo,estado,ubicacion_actual) VALUES (37,136,'Melanie','Spears','05-03-78',24,'18-08-88','nunc.risus@atvelitCras.edu',310407642,17,'despedido','88.49501, -3.77426');
INSERT INTO Tripulaciones (id_empleados,id_azafatas,nombres,apellidos,fecha_de_nacimiento,antiguedad,fecha_ultimo_entrenamiento_recibido,correo,celular,horas_descanso_ultimo_vuelo,estado,ubicacion_actual) VALUES (38,137,'Reuben','Sweeney','10-07-86',8,'18-10-81','magna.a.tortor@pellentesque.edu',310935891,10,'activo','44.95964, 22.8471');
INSERT INTO Tripulaciones (id_empleados,id_azafatas,nombres,apellidos,fecha_de_nacimiento,antiguedad,fecha_ultimo_entrenamiento_recibido,correo,celular,horas_descanso_ultimo_vuelo,estado,ubicacion_actual) VALUES (39,138,'Walter','Fernandez','03-12-68',15,'19-03-09','tincidunt@erat.net',318590803,10,'suspendido','72.00506, -162.21068');
INSERT INTO Tripulaciones (id_empleados,id_azafatas,nombres,apellidos,fecha_de_nacimiento,antiguedad,fecha_ultimo_entrenamiento_recibido,correo,celular,horas_descanso_ultimo_vuelo,estado,ubicacion_actual) VALUES (40,139,'Knox','Bowen','13-09-79',13,'21-05-05','et.euismod.et@ornareFuscemollis.org',316074752,12,'activo','40.43975, 104.99689');
INSERT INTO Tripulaciones (id_empleados,id_azafatas,nombres,apellidos,fecha_de_nacimiento,antiguedad,fecha_ultimo_entrenamiento_recibido,correo,celular,horas_descanso_ultimo_vuelo,estado,ubicacion_actual) VALUES (41,140,'Katell','Marsh','13-09-62',26,'28-08-77','magna@porttitortellusnon.org',315998217,16,'entrenamiento','-64.96308, 117.75507');
INSERT INTO Tripulaciones (id_empleados,id_azafatas,nombres,apellidos,fecha_de_nacimiento,antiguedad,fecha_ultimo_entrenamiento_recibido,correo,celular,horas_descanso_ultimo_vuelo,estado,ubicacion_actual) VALUES (42,141,'Nelle','Mckinney','10-09-80',7,'20-12-74','Quisque@dictumplacerat.com',311772033,16,'activo','-89.09074, 154.8479');
INSERT INTO Tripulaciones (id_empleados,id_azafatas,nombres,apellidos,fecha_de_nacimiento,antiguedad,fecha_ultimo_entrenamiento_recibido,correo,celular,horas_descanso_ultimo_vuelo,estado,ubicacion_actual) VALUES (43,142,'Abra','Wynn','10-05-79',15,'25-01-00','at.pede@eleifendvitae.org',302776396,10,'inactivo','-65.01397, 31.98886');
INSERT INTO Tripulaciones (id_empleados,id_azafatas,nombres,apellidos,fecha_de_nacimiento,antiguedad,fecha_ultimo_entrenamiento_recibido,correo,celular,horas_descanso_ultimo_vuelo,estado,ubicacion_actual) VALUES (44,143,'Merritt','Webster','14-02-90',5,'16-03-86','turpis.egestas.Aliquam@arcuCurabiturut.net',306411083,9,'licencia','-40.25256, -179.72225');
INSERT INTO Tripulaciones (id_empleados,id_azafatas,nombres,apellidos,fecha_de_nacimiento,antiguedad,fecha_ultimo_entrenamiento_recibido,correo,celular,horas_descanso_ultimo_vuelo,estado,ubicacion_actual) VALUES (45,144,'Sybill','Pacheco','15-11-59',26,'07-12-74','Quisque.purus.sapien@egestas.ca',316405885,11,'inactivo','7.11716, -112.51095');
INSERT INTO Tripulaciones (id_empleados,id_azafatas,nombres,apellidos,fecha_de_nacimiento,antiguedad,fecha_ultimo_entrenamiento_recibido,correo,celular,horas_descanso_ultimo_vuelo,estado,ubicacion_actual) VALUES (46,145,'Francis','Jefferson','30-09-71',16,'29-01-74','tellus.faucibus@orci.org',313801757,11,'suspendido','23.62671, -17.10919');
INSERT INTO Tripulaciones (id_empleados,id_azafatas,nombres,apellidos,fecha_de_nacimiento,antiguedad,fecha_ultimo_entrenamiento_recibido,correo,celular,horas_descanso_ultimo_vuelo,estado,ubicacion_actual) VALUES (47,146,'Lenore','Hines','28-09-68',19,'10-12-81','a.malesuada@metusurna.co.uk',304885632,7,'inactivo','-18.46702, -44.27596');
INSERT INTO Tripulaciones (id_empleados,id_azafatas,nombres,apellidos,fecha_de_nacimiento,antiguedad,fecha_ultimo_entrenamiento_recibido,correo,celular,horas_descanso_ultimo_vuelo,estado,ubicacion_actual) VALUES (48,147,'Tyrone','Smith','10-06-63',29,'22-12-79','facilisis.Suspendisse.commodo@ametmetusAliquam.co.uk',312422820,4,'activo','71.06068, 130.10135');
INSERT INTO Tripulaciones (id_empleados,id_azafatas,nombres,apellidos,fecha_de_nacimiento,antiguedad,fecha_ultimo_entrenamiento_recibido,correo,celular,horas_descanso_ultimo_vuelo,estado,ubicacion_actual) VALUES (49,148,'Miriam','Maxwell','14-10-63',3,'15-07-02','libero.Donec.consectetuer@amalesuada.ca',300284678,3,'entrenamiento','81.40444, -108.45692');
INSERT INTO Tripulaciones (id_empleados,id_azafatas,nombres,apellidos,fecha_de_nacimiento,antiguedad,fecha_ultimo_entrenamiento_recibido,correo,celular,horas_descanso_ultimo_vuelo,estado,ubicacion_actual) VALUES (50,149,'Maya','May','17-01-81',24,'11-11-89','vel.lectus.Cum@In.edu',313015555,20,'despedido','-78.91067, 8.73578');
INSERT INTO Tripulaciones (id_empleados,id_azafatas,nombres,apellidos,fecha_de_nacimiento,antiguedad,fecha_ultimo_entrenamiento_recibido,correo,celular,horas_descanso_ultimo_vuelo,estado,ubicacion_actual) VALUES (51,150,'Cleo','Leblanc','04-11-51',9,'04-04-70','sodales@nequeNullamut.net',310759439,7,'activo','56.12241, 42.35226');
INSERT INTO Tripulaciones (id_empleados,id_azafatas,nombres,apellidos,fecha_de_nacimiento,antiguedad,fecha_ultimo_entrenamiento_recibido,correo,celular,horas_descanso_ultimo_vuelo,estado,ubicacion_actual) VALUES (52,151,'Brock','Fitzgerald','18-05-52',26,'19-10-60','tincidunt.dui@cursusluctus.org',314765243,9,'suspendido','-79.33731, -14.11193');
INSERT INTO Tripulaciones (id_empleados,id_azafatas,nombres,apellidos,fecha_de_nacimiento,antiguedad,fecha_ultimo_entrenamiento_recibido,correo,celular,horas_descanso_ultimo_vuelo,estado,ubicacion_actual) VALUES (53,152,'Dora','Schmidt','20-11-56',30,'04-05-66','ipsum.porta.elit@Vivamus.com',308053770,16,'vacaciones','5.75859, 171.95205');
INSERT INTO Tripulaciones (id_empleados,id_azafatas,nombres,apellidos,fecha_de_nacimiento,antiguedad,fecha_ultimo_entrenamiento_recibido,correo,celular,horas_descanso_ultimo_vuelo,estado,ubicacion_actual) VALUES (54,153,'Sonya','Underwood','01-02-74',10,'11-08-98','ante.lectus.convallis@Duisat.edu',313374887,20,'vacaciones','63.27014, -168.07121');
INSERT INTO Tripulaciones (id_empleados,id_azafatas,nombres,apellidos,fecha_de_nacimiento,antiguedad,fecha_ultimo_entrenamiento_recibido,correo,celular,horas_descanso_ultimo_vuelo,estado,ubicacion_actual) VALUES (55,154,'Charles','Sloan','04-02-62',17,'02-01-99','lorem.vitae@ornarelibero.net',314621366,14,'inactivo','79.19593, -77.67095');
INSERT INTO Tripulaciones (id_empleados,id_azafatas,nombres,apellidos,fecha_de_nacimiento,antiguedad,fecha_ultimo_entrenamiento_recibido,correo,celular,horas_descanso_ultimo_vuelo,estado,ubicacion_actual) VALUES (56,155,'Kaye','Chase','29-01-94',21,'12-03-64','Quisque@Donecest.edu',305590657,2,'vacaciones','-15.22408, -140.388');
INSERT INTO Tripulaciones (id_empleados,id_azafatas,nombres,apellidos,fecha_de_nacimiento,antiguedad,fecha_ultimo_entrenamiento_recibido,correo,celular,horas_descanso_ultimo_vuelo,estado,ubicacion_actual) VALUES (57,156,'Jacqueline','Richmond','27-10-68',2,'03-10-71','Nulla@egetmollis.com',317981993,19,'vacaciones','84.47505, -102.5124');
INSERT INTO Tripulaciones (id_empleados,id_azafatas,nombres,apellidos,fecha_de_nacimiento,antiguedad,fecha_ultimo_entrenamiento_recibido,correo,celular,horas_descanso_ultimo_vuelo,estado,ubicacion_actual) VALUES (58,157,'Ryder','Davenport','02-05-85',20,'19-12-76','ullamcorper.velit.in@eratsemperrutrum.edu',317858091,5,'activo','88.76379, -113.30388');
INSERT INTO Tripulaciones (id_empleados,id_azafatas,nombres,apellidos,fecha_de_nacimiento,antiguedad,fecha_ultimo_entrenamiento_recibido,correo,celular,horas_descanso_ultimo_vuelo,estado,ubicacion_actual) VALUES (59,158,'Fallon','Porter','18-02-91',23,'01-09-69','eu.tellus@Nullaeu.org',306826565,12,'despedido','85.84945, 110.13585');
INSERT INTO Tripulaciones (id_empleados,id_azafatas,nombres,apellidos,fecha_de_nacimiento,antiguedad,fecha_ultimo_entrenamiento_recibido,correo,celular,horas_descanso_ultimo_vuelo,estado,ubicacion_actual) VALUES (60,159,'Grace','Reynolds','20-01-67',25,'01-05-09','tincidunt@magnatellus.org',307860971,17,'activo','-53.27233, 52.61991');
INSERT INTO Tripulaciones (id_empleados,id_azafatas,nombres,apellidos,fecha_de_nacimiento,antiguedad,fecha_ultimo_entrenamiento_recibido,correo,celular,horas_descanso_ultimo_vuelo,estado,ubicacion_actual) VALUES (61,160,'Jeremy','Hines','20-12-77',17,'01-03-79','pede.ac@blanditenimconsequat.edu',302972636,10,'despedido','29.89453, -149.05723');
INSERT INTO Tripulaciones (id_empleados,id_azafatas,nombres,apellidos,fecha_de_nacimiento,antiguedad,fecha_ultimo_entrenamiento_recibido,correo,celular,horas_descanso_ultimo_vuelo,estado,ubicacion_actual) VALUES (62,161,'Daryl','Copeland','12-07-58',7,'03-03-97','Vivamus.nisi.Mauris@euismod.co.uk',302629514,2,'en vuelo','-1.15028, -121.20922');
INSERT INTO Tripulaciones (id_empleados,id_azafatas,nombres,apellidos,fecha_de_nacimiento,antiguedad,fecha_ultimo_entrenamiento_recibido,correo,celular,horas_descanso_ultimo_vuelo,estado,ubicacion_actual) VALUES (63,162,'Caleb','Carson','14-08-80',18,'16-04-65','malesuada.fringilla.est@facilisisvitae.co.uk',315822761,12,'activo','-89.12094, -89.07558');
INSERT INTO Tripulaciones (id_empleados,id_azafatas,nombres,apellidos,fecha_de_nacimiento,antiguedad,fecha_ultimo_entrenamiento_recibido,correo,celular,horas_descanso_ultimo_vuelo,estado,ubicacion_actual) VALUES (64,163,'Virginia','Gregory','05-11-68',13,'20-06-70','pellentesque.tellus.sem@temporerat.org',309354015,15,'activo','1.60117, 73.18507');
INSERT INTO Tripulaciones (id_empleados,id_azafatas,nombres,apellidos,fecha_de_nacimiento,antiguedad,fecha_ultimo_entrenamiento_recibido,correo,celular,horas_descanso_ultimo_vuelo,estado,ubicacion_actual) VALUES (65,164,'Theodore','Vasquez','30-07-70',11,'13-11-69','nascetur@enimsitamet.org',311840391,6,'jubilado','41.86527, -71.30428');
INSERT INTO Tripulaciones (id_empleados,id_azafatas,nombres,apellidos,fecha_de_nacimiento,antiguedad,fecha_ultimo_entrenamiento_recibido,correo,celular,horas_descanso_ultimo_vuelo,estado,ubicacion_actual) VALUES (66,165,'Dexter','Patel','21-09-92',24,'02-09-83','aliquet.lobortis@dignissimMaecenasornare.com',300107926,2,'vacaciones','16.77464, -58.23413');
INSERT INTO Tripulaciones (id_empleados,id_azafatas,nombres,apellidos,fecha_de_nacimiento,antiguedad,fecha_ultimo_entrenamiento_recibido,correo,celular,horas_descanso_ultimo_vuelo,estado,ubicacion_actual) VALUES (67,166,'Dora','Hoffman','14-09-65',6,'25-01-66','eros@portaelit.com',311333800,5,'entrenamiento','-36.72296, -169.32511');
INSERT INTO Tripulaciones (id_empleados,id_azafatas,nombres,apellidos,fecha_de_nacimiento,antiguedad,fecha_ultimo_entrenamiento_recibido,correo,celular,horas_descanso_ultimo_vuelo,estado,ubicacion_actual) VALUES (68,167,'Graham','Vaughan','12-11-68',6,'01-04-81','massa.Mauris@egetmollis.ca',309917453,3,'suspendido','75.95065, -75.78565');
INSERT INTO Tripulaciones (id_empleados,id_azafatas,nombres,apellidos,fecha_de_nacimiento,antiguedad,fecha_ultimo_entrenamiento_recibido,correo,celular,horas_descanso_ultimo_vuelo,estado,ubicacion_actual) VALUES (69,168,'Clarke','Dickerson','18-01-82',19,'06-02-09','dictum.augue@euneque.edu',320710942,3,'suspendido','-25.96431, -47.86697');
INSERT INTO Tripulaciones (id_empleados,id_azafatas,nombres,apellidos,fecha_de_nacimiento,antiguedad,fecha_ultimo_entrenamiento_recibido,correo,celular,horas_descanso_ultimo_vuelo,estado,ubicacion_actual) VALUES (70,169,'Bevis','Bright','19-05-91',1,'02-09-70','auctor.ullamcorper.nisl@Inscelerisquescelerisque.com',312724855,20,'activo','-10.46007, 92.47571');
INSERT INTO Tripulaciones (id_empleados,id_azafatas,nombres,apellidos,fecha_de_nacimiento,antiguedad,fecha_ultimo_entrenamiento_recibido,correo,celular,horas_descanso_ultimo_vuelo,estado,ubicacion_actual) VALUES (71,170,'Jonah','Price','18-03-69',22,'09-01-07','erat.vel@ornare.org',312400667,18,'jubilado','-9.22085, -32.29759');
INSERT INTO Tripulaciones (id_empleados,id_azafatas,nombres,apellidos,fecha_de_nacimiento,antiguedad,fecha_ultimo_entrenamiento_recibido,correo,celular,horas_descanso_ultimo_vuelo,estado,ubicacion_actual) VALUES (72,171,'Tanisha','Cox','04-09-81',12,'21-07-93','Suspendisse.aliquet@arcu.org',317491887,11,'inactivo','-16.38341, -7.29882');
INSERT INTO Tripulaciones (id_empleados,id_azafatas,nombres,apellidos,fecha_de_nacimiento,antiguedad,fecha_ultimo_entrenamiento_recibido,correo,celular,horas_descanso_ultimo_vuelo,estado,ubicacion_actual) VALUES (73,172,'Silas','Gibson','08-08-75',6,'27-11-76','urna.Nullam.lobortis@NuncmaurisMorbi.org',314454103,7,'inactivo','32.28368, -179.69002');
INSERT INTO Tripulaciones (id_empleados,id_azafatas,nombres,apellidos,fecha_de_nacimiento,antiguedad,fecha_ultimo_entrenamiento_recibido,correo,celular,horas_descanso_ultimo_vuelo,estado,ubicacion_actual) VALUES (74,173,'Carter','White','30-03-80',1,'24-10-99','molestie@Cras.edu',307095818,3,'entrenamiento','27.2357, 20.22484');
INSERT INTO Tripulaciones (id_empleados,id_azafatas,nombres,apellidos,fecha_de_nacimiento,antiguedad,fecha_ultimo_entrenamiento_recibido,correo,celular,horas_descanso_ultimo_vuelo,estado,ubicacion_actual) VALUES (75,174,'Rooney','Park','21-02-83',2,'24-04-63','at.sem.molestie@loremvehicula.net',306663743,16,'vacaciones','-31.60668, 73.57454');
INSERT INTO Tripulaciones (id_empleados,id_azafatas,nombres,apellidos,fecha_de_nacimiento,antiguedad,fecha_ultimo_entrenamiento_recibido,correo,celular,horas_descanso_ultimo_vuelo,estado,ubicacion_actual) VALUES (76,175,'Caleb','Bentley','26-07-85',7,'02-09-62','et.libero@Aliquamornare.org',313598877,12,'activo','51.61494, -163.55334');
INSERT INTO Tripulaciones (id_empleados,id_azafatas,nombres,apellidos,fecha_de_nacimiento,antiguedad,fecha_ultimo_entrenamiento_recibido,correo,celular,horas_descanso_ultimo_vuelo,estado,ubicacion_actual) VALUES (77,176,'Rose','Wynn','14-10-60',14,'27-12-89','Quisque.fringilla@dignissim.edu',308225043,3,'despedido','-82.49596, 43.90618');
INSERT INTO Tripulaciones (id_empleados,id_azafatas,nombres,apellidos,fecha_de_nacimiento,antiguedad,fecha_ultimo_entrenamiento_recibido,correo,celular,horas_descanso_ultimo_vuelo,estado,ubicacion_actual) VALUES (78,177,'Josephine','Marsh','25-11-55',23,'25-12-82','eget.ipsum.Donec@vel.co.uk',309036983,17,'inactivo','-49.63438, 54.86633');
INSERT INTO Tripulaciones (id_empleados,id_azafatas,nombres,apellidos,fecha_de_nacimiento,antiguedad,fecha_ultimo_entrenamiento_recibido,correo,celular,horas_descanso_ultimo_vuelo,estado,ubicacion_actual) VALUES (79,178,'Orla','Barber','31-08-77',9,'15-11-76','eu@elementumategestas.com',302882164,10,'licencia','-45.39625, 114.99977');
INSERT INTO Tripulaciones (id_empleados,id_azafatas,nombres,apellidos,fecha_de_nacimiento,antiguedad,fecha_ultimo_entrenamiento_recibido,correo,celular,horas_descanso_ultimo_vuelo,estado,ubicacion_actual) VALUES (80,179,'Orlando','Vasquez','02-03-91',13,'10-01-91','pede.ac@temporestac.edu',318181967,19,'entrenamiento','-2.60732, 87.00194');
INSERT INTO Tripulaciones (id_empleados,id_azafatas,nombres,apellidos,fecha_de_nacimiento,antiguedad,fecha_ultimo_entrenamiento_recibido,correo,celular,horas_descanso_ultimo_vuelo,estado,ubicacion_actual) VALUES (81,180,'Raya','Rosales','30-12-72',12,'13-11-07','tempor@cursusNuncmauris.ca',315859468,16,'despedido','-85.26043, 73.32229');
INSERT INTO Tripulaciones (id_empleados,id_azafatas,nombres,apellidos,fecha_de_nacimiento,antiguedad,fecha_ultimo_entrenamiento_recibido,correo,celular,horas_descanso_ultimo_vuelo,estado,ubicacion_actual) VALUES (82,181,'Autumn','Cantrell','28-06-54',5,'17-08-96','mus.Donec.dignissim@utquam.co.uk',301082418,10,'jubilado','6.44745, -116.66843');
INSERT INTO Tripulaciones (id_empleados,id_azafatas,nombres,apellidos,fecha_de_nacimiento,antiguedad,fecha_ultimo_entrenamiento_recibido,correo,celular,horas_descanso_ultimo_vuelo,estado,ubicacion_actual) VALUES (83,182,'Jena','Gordon','06-05-76',17,'03-06-75','Mauris@diamdictum.net',321241005,20,'despedido','-9.12278, 50.60299');
INSERT INTO Tripulaciones (id_empleados,id_azafatas,nombres,apellidos,fecha_de_nacimiento,antiguedad,fecha_ultimo_entrenamiento_recibido,correo,celular,horas_descanso_ultimo_vuelo,estado,ubicacion_actual) VALUES (84,183,'Clarke','Noble','21-10-69',28,'14-11-66','ac@fermentummetus.org',301011808,17,'entrenamiento','-61.05468, -85.598');
INSERT INTO Tripulaciones (id_empleados,id_azafatas,nombres,apellidos,fecha_de_nacimiento,antiguedad,fecha_ultimo_entrenamiento_recibido,correo,celular,horas_descanso_ultimo_vuelo,estado,ubicacion_actual) VALUES (85,184,'Barrett','Trujillo','15-09-88',18,'05-11-61','velit.egestas@Mauris.edu',312882443,5,'activo','41.98013, 17.71695');
INSERT INTO Tripulaciones (id_empleados,id_azafatas,nombres,apellidos,fecha_de_nacimiento,antiguedad,fecha_ultimo_entrenamiento_recibido,correo,celular,horas_descanso_ultimo_vuelo,estado,ubicacion_actual) VALUES (86,185,'Regan','Short','14-03-68',11,'18-06-83','facilisis@eulacus.net',313095390,3,'jubilado','-85.94439, 53.17291');
INSERT INTO Tripulaciones (id_empleados,id_azafatas,nombres,apellidos,fecha_de_nacimiento,antiguedad,fecha_ultimo_entrenamiento_recibido,correo,celular,horas_descanso_ultimo_vuelo,estado,ubicacion_actual) VALUES (87,186,'Scott','Ratliff','08-03-89',6,'01-08-93','risus@metusInlorem.ca',303178918,1,'suspendido','-15.48491, 99.86865');
INSERT INTO Tripulaciones (id_empleados,id_azafatas,nombres,apellidos,fecha_de_nacimiento,antiguedad,fecha_ultimo_entrenamiento_recibido,correo,celular,horas_descanso_ultimo_vuelo,estado,ubicacion_actual) VALUES (88,187,'Drake','Foley','04-11-81',5,'27-06-75','ornare@tortorNunc.net',315838285,8,'licencia','68.79378, 171.22803');
INSERT INTO Tripulaciones (id_empleados,id_azafatas,nombres,apellidos,fecha_de_nacimiento,antiguedad,fecha_ultimo_entrenamiento_recibido,correo,celular,horas_descanso_ultimo_vuelo,estado,ubicacion_actual) VALUES (89,188,'Aquila','Cooper','25-09-54',24,'18-03-80','Duis.at.lacus@adipiscinglobortis.com',308696925,10,'despedido','-32.02541, -94.60128');
INSERT INTO Tripulaciones (id_empleados,id_azafatas,nombres,apellidos,fecha_de_nacimiento,antiguedad,fecha_ultimo_entrenamiento_recibido,correo,celular,horas_descanso_ultimo_vuelo,estado,ubicacion_actual) VALUES (90,189,'Bernard','Rowe','10-06-73',20,'06-10-06','erat.neque.non@dolorsit.net',300524400,18,'vacaciones','-12.19562, 39.78182');
INSERT INTO Tripulaciones (id_empleados,id_azafatas,nombres,apellidos,fecha_de_nacimiento,antiguedad,fecha_ultimo_entrenamiento_recibido,correo,celular,horas_descanso_ultimo_vuelo,estado,ubicacion_actual) VALUES (91,190,'Reece','Salazar','08-04-82',29,'10-06-89','Morbi@enim.com',306030274,11,'suspendido','-63.06135, 166.31849');
INSERT INTO Tripulaciones (id_empleados,id_azafatas,nombres,apellidos,fecha_de_nacimiento,antiguedad,fecha_ultimo_entrenamiento_recibido,correo,celular,horas_descanso_ultimo_vuelo,estado,ubicacion_actual) VALUES (92,191,'Brady','Underwood','02-12-50',20,'15-12-94','Nullam@arcuAliquam.ca',319047807,13,'activo','-47.56377, -109.82177');
INSERT INTO Tripulaciones (id_empleados,id_azafatas,nombres,apellidos,fecha_de_nacimiento,antiguedad,fecha_ultimo_entrenamiento_recibido,correo,celular,horas_descanso_ultimo_vuelo,estado,ubicacion_actual) VALUES (93,192,'Danielle','Compton','11-09-65',11,'15-01-66','augue.eu@risusDonecegestas.edu',309931783,13,'entrenamiento','35.88119, -69.20383');
INSERT INTO Tripulaciones (id_empleados,id_azafatas,nombres,apellidos,fecha_de_nacimiento,antiguedad,fecha_ultimo_entrenamiento_recibido,correo,celular,horas_descanso_ultimo_vuelo,estado,ubicacion_actual) VALUES (94,193,'Hoyt','Conrad','31-05-55',18,'22-08-89','ante.ipsum.primis@netusetmalesuada.ca',307523517,14,'suspendido','12.01684, 25.43724');
INSERT INTO Tripulaciones (id_empleados,id_azafatas,nombres,apellidos,fecha_de_nacimiento,antiguedad,fecha_ultimo_entrenamiento_recibido,correo,celular,horas_descanso_ultimo_vuelo,estado,ubicacion_actual) VALUES (95,194,'Jenna','Morrow','26-06-88',25,'05-04-64','arcu.Curabitur.ut@amet.co.uk',318467033,17,'en vuelo','-2.83978, 149.80989');
INSERT INTO Tripulaciones (id_empleados,id_azafatas,nombres,apellidos,fecha_de_nacimiento,antiguedad,fecha_ultimo_entrenamiento_recibido,correo,celular,horas_descanso_ultimo_vuelo,estado,ubicacion_actual) VALUES (96,195,'Portia','Carroll','04-08-62',1,'10-03-07','tincidunt.nibh@risus.org',319496566,8,'en vuelo','-75.50612, -86.23552');
INSERT INTO Tripulaciones (id_empleados,id_azafatas,nombres,apellidos,fecha_de_nacimiento,antiguedad,fecha_ultimo_entrenamiento_recibido,correo,celular,horas_descanso_ultimo_vuelo,estado,ubicacion_actual) VALUES (97,196,'Ursa','Beard','01-12-80',23,'24-05-93','euismod.urna.Nullam@auctor.net',303070696,3,'despedido','54.27902, -134.56902');
INSERT INTO Tripulaciones (id_empleados,id_azafatas,nombres,apellidos,fecha_de_nacimiento,antiguedad,fecha_ultimo_entrenamiento_recibido,correo,celular,horas_descanso_ultimo_vuelo,estado,ubicacion_actual) VALUES (98,197,'Kameko','Brock','24-05-85',7,'18-09-06','mi.Aliquam.gravida@sit.com',300429053,4,'inactivo','18.57818, 49.2892');
INSERT INTO Tripulaciones (id_empleados,id_azafatas,nombres,apellidos,fecha_de_nacimiento,antiguedad,fecha_ultimo_entrenamiento_recibido,correo,celular,horas_descanso_ultimo_vuelo,estado,ubicacion_actual) VALUES (99,198,'Zeph','Wells','10-08-91',2,'17-01-90','sodales.nisi@taciti.ca',309235656,14,'inactivo','-43.78828, 68.13295');
INSERT INTO Tripulaciones (id_empleados,id_azafatas,nombres,apellidos,fecha_de_nacimiento,antiguedad,fecha_ultimo_entrenamiento_recibido,correo,celular,horas_descanso_ultimo_vuelo,estado,ubicacion_actual) VALUES (100,199,'Kuame','Spence','07-06-87',26,'19-08-64','eu.nulla.at@sociisnatoque.org',319009976,2,'entrenamiento','-12.76245, -118.90491');

---insert Pilotos

INSERT INTO Pilotos (id_piloto,nivel_ingles,cantidad_horas_vuelo,tipo_licencia,cargo,id_empleado) VALUES (200,'1_pre-elementary',112,'CPL','comandante',27);
INSERT INTO Pilotos (id_piloto,nivel_ingles,cantidad_horas_vuelo,tipo_licencia,cargo,id_empleado) VALUES (201,'3_pre-operational',81,'ATPL','primer oficial',31);
INSERT INTO Pilotos (id_piloto,nivel_ingles,cantidad_horas_vuelo,tipo_licencia,cargo,id_empleado) VALUES (202,'6_expert',78,'ATPL','primer oficial',4);
INSERT INTO Pilotos (id_piloto,nivel_ingles,cantidad_horas_vuelo,tipo_licencia,cargo,id_empleado) VALUES (203,'4_operational',260,'CPL','comandante',55);
INSERT INTO Pilotos (id_piloto,nivel_ingles,cantidad_horas_vuelo,tipo_licencia,cargo,id_empleado) VALUES (204,'3_pre-operational',22,'ATPL','comandante',70);
INSERT INTO Pilotos (id_piloto,nivel_ingles,cantidad_horas_vuelo,tipo_licencia,cargo,id_empleado) VALUES (205,'3_pre-operational',2,'ATPL','comandante',28);
INSERT INTO Pilotos (id_piloto,nivel_ingles,cantidad_horas_vuelo,tipo_licencia,cargo,id_empleado) VALUES (206,'3_pre-operational',147,'IFR','primer oficial',41);
INSERT INTO Pilotos (id_piloto,nivel_ingles,cantidad_horas_vuelo,tipo_licencia,cargo,id_empleado) VALUES (207,'6_expert',97,'IFR','primer oficial',26);
INSERT INTO Pilotos (id_piloto,nivel_ingles,cantidad_horas_vuelo,tipo_licencia,cargo,id_empleado) VALUES (208,'5_extended',36,'IFR','comandante',42);
INSERT INTO Pilotos (id_piloto,nivel_ingles,cantidad_horas_vuelo,tipo_licencia,cargo,id_empleado) VALUES (209,'6_expert',199,'ATPL','primer oficial',55);
INSERT INTO Pilotos (id_piloto,nivel_ingles,cantidad_horas_vuelo,tipo_licencia,cargo,id_empleado) VALUES (210,'6_expert',94,'ME','primer oficial',57);
INSERT INTO Pilotos (id_piloto,nivel_ingles,cantidad_horas_vuelo,tipo_licencia,cargo,id_empleado) VALUES (211,'1_pre-elementary',265,'ATPL','comandante',52);
INSERT INTO Pilotos (id_piloto,nivel_ingles,cantidad_horas_vuelo,tipo_licencia,cargo,id_empleado) VALUES (212,'1_pre-elementary',184,'IFR','primer oficial',88);
INSERT INTO Pilotos (id_piloto,nivel_ingles,cantidad_horas_vuelo,tipo_licencia,cargo,id_empleado) VALUES (213,'1_pre-elementary',110,'ATPL','comandante',44);
INSERT INTO Pilotos (id_piloto,nivel_ingles,cantidad_horas_vuelo,tipo_licencia,cargo,id_empleado) VALUES (214,'1_pre-elementary',280,'ATPL','primer oficial',46);
INSERT INTO Pilotos (id_piloto,nivel_ingles,cantidad_horas_vuelo,tipo_licencia,cargo,id_empleado) VALUES (215,'2_elementary',208,'CPL','primer oficial',87);
INSERT INTO Pilotos (id_piloto,nivel_ingles,cantidad_horas_vuelo,tipo_licencia,cargo,id_empleado) VALUES (216,'5_extended',127,'IFR','primer oficial',34);
INSERT INTO Pilotos (id_piloto,nivel_ingles,cantidad_horas_vuelo,tipo_licencia,cargo,id_empleado) VALUES (217,'3_pre-operational',156,'IFR','primer oficial',18);
INSERT INTO Pilotos (id_piloto,nivel_ingles,cantidad_horas_vuelo,tipo_licencia,cargo,id_empleado) VALUES (218,'3_pre-operational',194,'CPL','primer oficial',86);
INSERT INTO Pilotos (id_piloto,nivel_ingles,cantidad_horas_vuelo,tipo_licencia,cargo,id_empleado) VALUES (219,'5_extended',39,'IFR','primer oficial',93);
INSERT INTO Pilotos (id_piloto,nivel_ingles,cantidad_horas_vuelo,tipo_licencia,cargo,id_empleado) VALUES (220,'4_operational',210,'ME','comandante',17);
INSERT INTO Pilotos (id_piloto,nivel_ingles,cantidad_horas_vuelo,tipo_licencia,cargo,id_empleado) VALUES (221,'6_expert',95,'ATPL','comandante',14);
INSERT INTO Pilotos (id_piloto,nivel_ingles,cantidad_horas_vuelo,tipo_licencia,cargo,id_empleado) VALUES (222,'4_operational',226,'CPL','comandante',53);
INSERT INTO Pilotos (id_piloto,nivel_ingles,cantidad_horas_vuelo,tipo_licencia,cargo,id_empleado) VALUES (223,'5_extended',57,'IFR','comandante',83);
INSERT INTO Pilotos (id_piloto,nivel_ingles,cantidad_horas_vuelo,tipo_licencia,cargo,id_empleado) VALUES (224,'2_elementary',280,'IFR','primer oficial',31);
INSERT INTO Pilotos (id_piloto,nivel_ingles,cantidad_horas_vuelo,tipo_licencia,cargo,id_empleado) VALUES (225,'6_expert',18,'CPL','comandante',38);
INSERT INTO Pilotos (id_piloto,nivel_ingles,cantidad_horas_vuelo,tipo_licencia,cargo,id_empleado) VALUES (226,'1_pre-elementary',151,'CPL','primer oficial',5);
INSERT INTO Pilotos (id_piloto,nivel_ingles,cantidad_horas_vuelo,tipo_licencia,cargo,id_empleado) VALUES (227,'6_expert',27,'CPL','comandante',16);
INSERT INTO Pilotos (id_piloto,nivel_ingles,cantidad_horas_vuelo,tipo_licencia,cargo,id_empleado) VALUES (228,'1_pre-elementary',289,'IFR','comandante',58);
INSERT INTO Pilotos (id_piloto,nivel_ingles,cantidad_horas_vuelo,tipo_licencia,cargo,id_empleado) VALUES (229,'4_operational',186,'ME','comandante',93);
INSERT INTO Pilotos (id_piloto,nivel_ingles,cantidad_horas_vuelo,tipo_licencia,cargo,id_empleado) VALUES (230,'1_pre-elementary',250,'ME','comandante',79);
INSERT INTO Pilotos (id_piloto,nivel_ingles,cantidad_horas_vuelo,tipo_licencia,cargo,id_empleado) VALUES (231,'4_operational',7,'ATPL','comandante',20);
INSERT INTO Pilotos (id_piloto,nivel_ingles,cantidad_horas_vuelo,tipo_licencia,cargo,id_empleado) VALUES (232,'6_expert',148,'ME','primer oficial',100);
INSERT INTO Pilotos (id_piloto,nivel_ingles,cantidad_horas_vuelo,tipo_licencia,cargo,id_empleado) VALUES (233,'1_pre-elementary',229,'ME','comandante',92);
INSERT INTO Pilotos (id_piloto,nivel_ingles,cantidad_horas_vuelo,tipo_licencia,cargo,id_empleado) VALUES (234,'6_expert',213,'ME','primer oficial',41);
INSERT INTO Pilotos (id_piloto,nivel_ingles,cantidad_horas_vuelo,tipo_licencia,cargo,id_empleado) VALUES (235,'4_operational',6,'CPL','primer oficial',64);
INSERT INTO Pilotos (id_piloto,nivel_ingles,cantidad_horas_vuelo,tipo_licencia,cargo,id_empleado) VALUES (236,'1_pre-elementary',42,'IFR','primer oficial',33);
INSERT INTO Pilotos (id_piloto,nivel_ingles,cantidad_horas_vuelo,tipo_licencia,cargo,id_empleado) VALUES (237,'1_pre-elementary',117,'ME','comandante',36);
INSERT INTO Pilotos (id_piloto,nivel_ingles,cantidad_horas_vuelo,tipo_licencia,cargo,id_empleado) VALUES (238,'4_operational',215,'ME','comandante',1);
INSERT INTO Pilotos (id_piloto,nivel_ingles,cantidad_horas_vuelo,tipo_licencia,cargo,id_empleado) VALUES (239,'2_elementary',49,'ME','primer oficial',72);
INSERT INTO Pilotos (id_piloto,nivel_ingles,cantidad_horas_vuelo,tipo_licencia,cargo,id_empleado) VALUES (240,'1_pre-elementary',5,'CPL','comandante',15);
INSERT INTO Pilotos (id_piloto,nivel_ingles,cantidad_horas_vuelo,tipo_licencia,cargo,id_empleado) VALUES (241,'6_expert',100,'ATPL','primer oficial',70);
INSERT INTO Pilotos (id_piloto,nivel_ingles,cantidad_horas_vuelo,tipo_licencia,cargo,id_empleado) VALUES (242,'3_pre-operational',163,'ATPL','comandante',11);
INSERT INTO Pilotos (id_piloto,nivel_ingles,cantidad_horas_vuelo,tipo_licencia,cargo,id_empleado) VALUES (243,'6_expert',223,'CPL','primer oficial',7);
INSERT INTO Pilotos (id_piloto,nivel_ingles,cantidad_horas_vuelo,tipo_licencia,cargo,id_empleado) VALUES (244,'1_pre-elementary',244,'CPL','primer oficial',62);
INSERT INTO Pilotos (id_piloto,nivel_ingles,cantidad_horas_vuelo,tipo_licencia,cargo,id_empleado) VALUES (245,'4_operational',287,'ATPL','comandante',29);
INSERT INTO Pilotos (id_piloto,nivel_ingles,cantidad_horas_vuelo,tipo_licencia,cargo,id_empleado) VALUES (246,'6_expert',26,'ATPL','comandante',22);
INSERT INTO Pilotos (id_piloto,nivel_ingles,cantidad_horas_vuelo,tipo_licencia,cargo,id_empleado) VALUES (247,'5_extended',282,'ATPL','comandante',95);
INSERT INTO Pilotos (id_piloto,nivel_ingles,cantidad_horas_vuelo,tipo_licencia,cargo,id_empleado) VALUES (248,'6_expert',22,'ME','comandante',69);
INSERT INTO Pilotos (id_piloto,nivel_ingles,cantidad_horas_vuelo,tipo_licencia,cargo,id_empleado) VALUES (249,'3_pre-operational',196,'IFR','comandante',34);
INSERT INTO Pilotos (id_piloto,nivel_ingles,cantidad_horas_vuelo,tipo_licencia,cargo,id_empleado) VALUES (250,'4_operational',80,'IFR','primer oficial',89);
INSERT INTO Pilotos (id_piloto,nivel_ingles,cantidad_horas_vuelo,tipo_licencia,cargo,id_empleado) VALUES (251,'5_extended',220,'IFR','comandante',70);
INSERT INTO Pilotos (id_piloto,nivel_ingles,cantidad_horas_vuelo,tipo_licencia,cargo,id_empleado) VALUES (252,'4_operational',169,'ME','primer oficial',12);
INSERT INTO Pilotos (id_piloto,nivel_ingles,cantidad_horas_vuelo,tipo_licencia,cargo,id_empleado) VALUES (253,'1_pre-elementary',221,'IFR','comandante',69);
INSERT INTO Pilotos (id_piloto,nivel_ingles,cantidad_horas_vuelo,tipo_licencia,cargo,id_empleado) VALUES (254,'6_expert',202,'CPL','primer oficial',26);
INSERT INTO Pilotos (id_piloto,nivel_ingles,cantidad_horas_vuelo,tipo_licencia,cargo,id_empleado) VALUES (255,'1_pre-elementary',214,'CPL','comandante',28);
INSERT INTO Pilotos (id_piloto,nivel_ingles,cantidad_horas_vuelo,tipo_licencia,cargo,id_empleado) VALUES (256,'3_pre-operational',207,'CPL','primer oficial',39);
INSERT INTO Pilotos (id_piloto,nivel_ingles,cantidad_horas_vuelo,tipo_licencia,cargo,id_empleado) VALUES (257,'5_extended',182,'ATPL','comandante',15);
INSERT INTO Pilotos (id_piloto,nivel_ingles,cantidad_horas_vuelo,tipo_licencia,cargo,id_empleado) VALUES (258,'3_pre-operational',81,'IFR','comandante',88);
INSERT INTO Pilotos (id_piloto,nivel_ingles,cantidad_horas_vuelo,tipo_licencia,cargo,id_empleado) VALUES (259,'5_extended',198,'ME','comandante',30);
INSERT INTO Pilotos (id_piloto,nivel_ingles,cantidad_horas_vuelo,tipo_licencia,cargo,id_empleado) VALUES (260,'3_pre-operational',253,'ME','primer oficial',87);
INSERT INTO Pilotos (id_piloto,nivel_ingles,cantidad_horas_vuelo,tipo_licencia,cargo,id_empleado) VALUES (261,'6_expert',248,'IFR','comandante',63);
INSERT INTO Pilotos (id_piloto,nivel_ingles,cantidad_horas_vuelo,tipo_licencia,cargo,id_empleado) VALUES (262,'4_operational',32,'IFR','primer oficial',75);
INSERT INTO Pilotos (id_piloto,nivel_ingles,cantidad_horas_vuelo,tipo_licencia,cargo,id_empleado) VALUES (263,'2_elementary',62,'ME','primer oficial',80);
INSERT INTO Pilotos (id_piloto,nivel_ingles,cantidad_horas_vuelo,tipo_licencia,cargo,id_empleado) VALUES (264,'4_operational',180,'IFR','primer oficial',68);
INSERT INTO Pilotos (id_piloto,nivel_ingles,cantidad_horas_vuelo,tipo_licencia,cargo,id_empleado) VALUES (265,'4_operational',196,'IFR','primer oficial',78);
INSERT INTO Pilotos (id_piloto,nivel_ingles,cantidad_horas_vuelo,tipo_licencia,cargo,id_empleado) VALUES (266,'4_operational',8,'CPL','primer oficial',64);
INSERT INTO Pilotos (id_piloto,nivel_ingles,cantidad_horas_vuelo,tipo_licencia,cargo,id_empleado) VALUES (267,'3_pre-operational',66,'ATPL','primer oficial',65);
INSERT INTO Pilotos (id_piloto,nivel_ingles,cantidad_horas_vuelo,tipo_licencia,cargo,id_empleado) VALUES (268,'1_pre-elementary',147,'IFR','comandante',75);
INSERT INTO Pilotos (id_piloto,nivel_ingles,cantidad_horas_vuelo,tipo_licencia,cargo,id_empleado) VALUES (269,'2_elementary',118,'ATPL','primer oficial',62);
INSERT INTO Pilotos (id_piloto,nivel_ingles,cantidad_horas_vuelo,tipo_licencia,cargo,id_empleado) VALUES (270,'1_pre-elementary',118,'CPL','primer oficial',64);
INSERT INTO Pilotos (id_piloto,nivel_ingles,cantidad_horas_vuelo,tipo_licencia,cargo,id_empleado) VALUES (271,'2_elementary',145,'ATPL','comandante',43);
INSERT INTO Pilotos (id_piloto,nivel_ingles,cantidad_horas_vuelo,tipo_licencia,cargo,id_empleado) VALUES (272,'3_pre-operational',178,'IFR','primer oficial',92);
INSERT INTO Pilotos (id_piloto,nivel_ingles,cantidad_horas_vuelo,tipo_licencia,cargo,id_empleado) VALUES (273,'6_expert',82,'ATPL','comandante',72);
INSERT INTO Pilotos (id_piloto,nivel_ingles,cantidad_horas_vuelo,tipo_licencia,cargo,id_empleado) VALUES (274,'1_pre-elementary',8,'CPL','comandante',54);
INSERT INTO Pilotos (id_piloto,nivel_ingles,cantidad_horas_vuelo,tipo_licencia,cargo,id_empleado) VALUES (275,'4_operational',6,'ATPL','primer oficial',55);
INSERT INTO Pilotos (id_piloto,nivel_ingles,cantidad_horas_vuelo,tipo_licencia,cargo,id_empleado) VALUES (276,'5_extended',84,'CPL','primer oficial',55);
INSERT INTO Pilotos (id_piloto,nivel_ingles,cantidad_horas_vuelo,tipo_licencia,cargo,id_empleado) VALUES (277,'3_pre-operational',226,'CPL','primer oficial',43);
INSERT INTO Pilotos (id_piloto,nivel_ingles,cantidad_horas_vuelo,tipo_licencia,cargo,id_empleado) VALUES (278,'2_elementary',89,'CPL','primer oficial',58);
INSERT INTO Pilotos (id_piloto,nivel_ingles,cantidad_horas_vuelo,tipo_licencia,cargo,id_empleado) VALUES (279,'2_elementary',141,'CPL','primer oficial',51);
INSERT INTO Pilotos (id_piloto,nivel_ingles,cantidad_horas_vuelo,tipo_licencia,cargo,id_empleado) VALUES (280,'3_pre-operational',22,'ATPL','primer oficial',31);
INSERT INTO Pilotos (id_piloto,nivel_ingles,cantidad_horas_vuelo,tipo_licencia,cargo,id_empleado) VALUES (281,'4_operational',292,'CPL','comandante',52);
INSERT INTO Pilotos (id_piloto,nivel_ingles,cantidad_horas_vuelo,tipo_licencia,cargo,id_empleado) VALUES (282,'5_extended',11,'ATPL','comandante',90);
INSERT INTO Pilotos (id_piloto,nivel_ingles,cantidad_horas_vuelo,tipo_licencia,cargo,id_empleado) VALUES (283,'1_pre-elementary',77,'CPL','comandante',46);
INSERT INTO Pilotos (id_piloto,nivel_ingles,cantidad_horas_vuelo,tipo_licencia,cargo,id_empleado) VALUES (284,'3_pre-operational',58,'ME','comandante',5);
INSERT INTO Pilotos (id_piloto,nivel_ingles,cantidad_horas_vuelo,tipo_licencia,cargo,id_empleado) VALUES (285,'4_operational',83,'IFR','primer oficial',10);
INSERT INTO Pilotos (id_piloto,nivel_ingles,cantidad_horas_vuelo,tipo_licencia,cargo,id_empleado) VALUES (286,'6_expert',178,'ME','primer oficial',26);
INSERT INTO Pilotos (id_piloto,nivel_ingles,cantidad_horas_vuelo,tipo_licencia,cargo,id_empleado) VALUES (287,'3_pre-operational',158,'CPL','comandante',28);
INSERT INTO Pilotos (id_piloto,nivel_ingles,cantidad_horas_vuelo,tipo_licencia,cargo,id_empleado) VALUES (288,'6_expert',167,'ATPL','primer oficial',27);
INSERT INTO Pilotos (id_piloto,nivel_ingles,cantidad_horas_vuelo,tipo_licencia,cargo,id_empleado) VALUES (289,'6_expert',66,'ATPL','primer oficial',11);
INSERT INTO Pilotos (id_piloto,nivel_ingles,cantidad_horas_vuelo,tipo_licencia,cargo,id_empleado) VALUES (290,'1_pre-elementary',140,'IFR','primer oficial',17);
INSERT INTO Pilotos (id_piloto,nivel_ingles,cantidad_horas_vuelo,tipo_licencia,cargo,id_empleado) VALUES (291,'4_operational',110,'IFR','primer oficial',74);
INSERT INTO Pilotos (id_piloto,nivel_ingles,cantidad_horas_vuelo,tipo_licencia,cargo,id_empleado) VALUES (292,'6_expert',96,'ME','primer oficial',47);
INSERT INTO Pilotos (id_piloto,nivel_ingles,cantidad_horas_vuelo,tipo_licencia,cargo,id_empleado) VALUES (293,'6_expert',18,'ATPL','comandante',51);
INSERT INTO Pilotos (id_piloto,nivel_ingles,cantidad_horas_vuelo,tipo_licencia,cargo,id_empleado) VALUES (294,'1_pre-elementary',173,'ME','primer oficial',100);
INSERT INTO Pilotos (id_piloto,nivel_ingles,cantidad_horas_vuelo,tipo_licencia,cargo,id_empleado) VALUES (295,'4_operational',249,'ATPL','comandante',39);
INSERT INTO Pilotos (id_piloto,nivel_ingles,cantidad_horas_vuelo,tipo_licencia,cargo,id_empleado) VALUES (296,'1_pre-elementary',92,'ATPL','comandante',13);
INSERT INTO Pilotos (id_piloto,nivel_ingles,cantidad_horas_vuelo,tipo_licencia,cargo,id_empleado) VALUES (297,'4_operational',163,'CPL','comandante',29);
INSERT INTO Pilotos (id_piloto,nivel_ingles,cantidad_horas_vuelo,tipo_licencia,cargo,id_empleado) VALUES (298,'6_expert',242,'ME','comandante',14);
INSERT INTO Pilotos (id_piloto,nivel_ingles,cantidad_horas_vuelo,tipo_licencia,cargo,id_empleado) VALUES (299,'2_elementary',177,'ATPL','primer oficial',31);

INSERT INTO Pilotos (id_piloto,nivel_ingles,cantidad_horas_vuelo,tipo_licencia,cargo,id_empleado) VALUES (300,'6_expert',178,'IFR','comandante',25);
INSERT INTO Pilotos (id_piloto,nivel_ingles,cantidad_horas_vuelo,tipo_licencia,cargo,id_empleado) VALUES (301,'5_extended',257,'ATPL','primer oficial',59);
INSERT INTO Pilotos (id_piloto,nivel_ingles,cantidad_horas_vuelo,tipo_licencia,cargo,id_empleado) VALUES (302,'1_pre-elementary',255,'ME','comandante',100);
INSERT INTO Pilotos (id_piloto,nivel_ingles,cantidad_horas_vuelo,tipo_licencia,cargo,id_empleado) VALUES (303,'1_pre-elementary',289,'ATPL','comandante',85);
INSERT INTO Pilotos (id_piloto,nivel_ingles,cantidad_horas_vuelo,tipo_licencia,cargo,id_empleado) VALUES (304,'4_operational',163,'IFR','comandante',26);
INSERT INTO Pilotos (id_piloto,nivel_ingles,cantidad_horas_vuelo,tipo_licencia,cargo,id_empleado) VALUES (305,'1_pre-elementary',194,'ATPL','primer oficial',38);
INSERT INTO Pilotos (id_piloto,nivel_ingles,cantidad_horas_vuelo,tipo_licencia,cargo,id_empleado) VALUES (306,'3_pre-operational',33,'ME','comandante',99);
INSERT INTO Pilotos (id_piloto,nivel_ingles,cantidad_horas_vuelo,tipo_licencia,cargo,id_empleado) VALUES (307,'6_expert',269,'CPL','comandante',51);
INSERT INTO Pilotos (id_piloto,nivel_ingles,cantidad_horas_vuelo,tipo_licencia,cargo,id_empleado) VALUES (308,'3_pre-operational',169,'ME','comandante',1);
INSERT INTO Pilotos (id_piloto,nivel_ingles,cantidad_horas_vuelo,tipo_licencia,cargo,id_empleado) VALUES (309,'3_pre-operational',222,'IFR','primer oficial',57);
INSERT INTO Pilotos (id_piloto,nivel_ingles,cantidad_horas_vuelo,tipo_licencia,cargo,id_empleado) VALUES (310,'6_expert',163,'CPL','primer oficial',34);
INSERT INTO Pilotos (id_piloto,nivel_ingles,cantidad_horas_vuelo,tipo_licencia,cargo,id_empleado) VALUES (311,'2_elementary',149,'ATPL','primer oficial',22);
INSERT INTO Pilotos (id_piloto,nivel_ingles,cantidad_horas_vuelo,tipo_licencia,cargo,id_empleado) VALUES (312,'1_pre-elementary',40,'CPL','primer oficial',50);
INSERT INTO Pilotos (id_piloto,nivel_ingles,cantidad_horas_vuelo,tipo_licencia,cargo,id_empleado) VALUES (313,'3_pre-operational',163,'ATPL','comandante',70);
INSERT INTO Pilotos (id_piloto,nivel_ingles,cantidad_horas_vuelo,tipo_licencia,cargo,id_empleado) VALUES (314,'1_pre-elementary',285,'ME','primer oficial',92);
INSERT INTO Pilotos (id_piloto,nivel_ingles,cantidad_horas_vuelo,tipo_licencia,cargo,id_empleado) VALUES (315,'2_elementary',12,'ATPL','primer oficial',40);
INSERT INTO Pilotos (id_piloto,nivel_ingles,cantidad_horas_vuelo,tipo_licencia,cargo,id_empleado) VALUES (316,'1_pre-elementary',106,'CPL','comandante',12);
INSERT INTO Pilotos (id_piloto,nivel_ingles,cantidad_horas_vuelo,tipo_licencia,cargo,id_empleado) VALUES (317,'3_pre-operational',148,'CPL','primer oficial',31);
INSERT INTO Pilotos (id_piloto,nivel_ingles,cantidad_horas_vuelo,tipo_licencia,cargo,id_empleado) VALUES (318,'4_operational',186,'IFR','primer oficial',29);
INSERT INTO Pilotos (id_piloto,nivel_ingles,cantidad_horas_vuelo,tipo_licencia,cargo,id_empleado) VALUES (319,'3_pre-operational',259,'IFR','primer oficial',87);
INSERT INTO Pilotos (id_piloto,nivel_ingles,cantidad_horas_vuelo,tipo_licencia,cargo,id_empleado) VALUES (320,'3_pre-operational',102,'ATPL','primer oficial',88);
INSERT INTO Pilotos (id_piloto,nivel_ingles,cantidad_horas_vuelo,tipo_licencia,cargo,id_empleado) VALUES (321,'2_elementary',292,'IFR','comandante',50);
INSERT INTO Pilotos (id_piloto,nivel_ingles,cantidad_horas_vuelo,tipo_licencia,cargo,id_empleado) VALUES (322,'2_elementary',131,'IFR','comandante',64);
INSERT INTO Pilotos (id_piloto,nivel_ingles,cantidad_horas_vuelo,tipo_licencia,cargo,id_empleado) VALUES (323,'2_elementary',274,'ATPL','comandante',44);
INSERT INTO Pilotos (id_piloto,nivel_ingles,cantidad_horas_vuelo,tipo_licencia,cargo,id_empleado) VALUES (324,'1_pre-elementary',68,'CPL','comandante',67);
INSERT INTO Pilotos (id_piloto,nivel_ingles,cantidad_horas_vuelo,tipo_licencia,cargo,id_empleado) VALUES (325,'1_pre-elementary',152,'CPL','primer oficial',7);
INSERT INTO Pilotos (id_piloto,nivel_ingles,cantidad_horas_vuelo,tipo_licencia,cargo,id_empleado) VALUES (326,'4_operational',129,'IFR','primer oficial',39);
INSERT INTO Pilotos (id_piloto,nivel_ingles,cantidad_horas_vuelo,tipo_licencia,cargo,id_empleado) VALUES (327,'6_expert',295,'IFR','comandante',68);
INSERT INTO Pilotos (id_piloto,nivel_ingles,cantidad_horas_vuelo,tipo_licencia,cargo,id_empleado) VALUES (328,'5_extended',57,'CPL','primer oficial',4);
INSERT INTO Pilotos (id_piloto,nivel_ingles,cantidad_horas_vuelo,tipo_licencia,cargo,id_empleado) VALUES (329,'1_pre-elementary',153,'ME','primer oficial',38);
INSERT INTO Pilotos (id_piloto,nivel_ingles,cantidad_horas_vuelo,tipo_licencia,cargo,id_empleado) VALUES (330,'6_expert',199,'CPL','primer oficial',87);
INSERT INTO Pilotos (id_piloto,nivel_ingles,cantidad_horas_vuelo,tipo_licencia,cargo,id_empleado) VALUES (331,'1_pre-elementary',280,'ATPL','primer oficial',23);
INSERT INTO Pilotos (id_piloto,nivel_ingles,cantidad_horas_vuelo,tipo_licencia,cargo,id_empleado) VALUES (332,'3_pre-operational',299,'CPL','primer oficial',2);
INSERT INTO Pilotos (id_piloto,nivel_ingles,cantidad_horas_vuelo,tipo_licencia,cargo,id_empleado) VALUES (333,'3_pre-operational',239,'ATPL','primer oficial',40);
INSERT INTO Pilotos (id_piloto,nivel_ingles,cantidad_horas_vuelo,tipo_licencia,cargo,id_empleado) VALUES (334,'3_pre-operational',240,'ME','primer oficial',23);
INSERT INTO Pilotos (id_piloto,nivel_ingles,cantidad_horas_vuelo,tipo_licencia,cargo,id_empleado) VALUES (335,'4_operational',225,'ATPL','comandante',9);
INSERT INTO Pilotos (id_piloto,nivel_ingles,cantidad_horas_vuelo,tipo_licencia,cargo,id_empleado) VALUES (336,'3_pre-operational',238,'CPL','primer oficial',55);
INSERT INTO Pilotos (id_piloto,nivel_ingles,cantidad_horas_vuelo,tipo_licencia,cargo,id_empleado) VALUES (337,'1_pre-elementary',294,'CPL','comandante',44);
INSERT INTO Pilotos (id_piloto,nivel_ingles,cantidad_horas_vuelo,tipo_licencia,cargo,id_empleado) VALUES (338,'2_elementary',40,'CPL','primer oficial',67);
INSERT INTO Pilotos (id_piloto,nivel_ingles,cantidad_horas_vuelo,tipo_licencia,cargo,id_empleado) VALUES (339,'4_operational',252,'CPL','primer oficial',31);
INSERT INTO Pilotos (id_piloto,nivel_ingles,cantidad_horas_vuelo,tipo_licencia,cargo,id_empleado) VALUES (340,'2_elementary',194,'CPL','comandante',95);
INSERT INTO Pilotos (id_piloto,nivel_ingles,cantidad_horas_vuelo,tipo_licencia,cargo,id_empleado) VALUES (341,'1_pre-elementary',283,'ME','comandante',35);
INSERT INTO Pilotos (id_piloto,nivel_ingles,cantidad_horas_vuelo,tipo_licencia,cargo,id_empleado) VALUES (342,'5_extended',88,'CPL','comandante',84);
INSERT INTO Pilotos (id_piloto,nivel_ingles,cantidad_horas_vuelo,tipo_licencia,cargo,id_empleado) VALUES (343,'5_extended',179,'CPL','comandante',5);
INSERT INTO Pilotos (id_piloto,nivel_ingles,cantidad_horas_vuelo,tipo_licencia,cargo,id_empleado) VALUES (344,'2_elementary',64,'CPL','primer oficial',65);
INSERT INTO Pilotos (id_piloto,nivel_ingles,cantidad_horas_vuelo,tipo_licencia,cargo,id_empleado) VALUES (345,'4_operational',126,'ATPL','primer oficial',37);
INSERT INTO Pilotos (id_piloto,nivel_ingles,cantidad_horas_vuelo,tipo_licencia,cargo,id_empleado) VALUES (346,'5_extended',25,'CPL','comandante',98);
INSERT INTO Pilotos (id_piloto,nivel_ingles,cantidad_horas_vuelo,tipo_licencia,cargo,id_empleado) VALUES (347,'5_extended',292,'IFR','primer oficial',74);
INSERT INTO Pilotos (id_piloto,nivel_ingles,cantidad_horas_vuelo,tipo_licencia,cargo,id_empleado) VALUES (348,'3_pre-operational',227,'CPL','comandante',97);
INSERT INTO Pilotos (id_piloto,nivel_ingles,cantidad_horas_vuelo,tipo_licencia,cargo,id_empleado) VALUES (349,'6_expert',106,'CPL','primer oficial',71);
INSERT INTO Pilotos (id_piloto,nivel_ingles,cantidad_horas_vuelo,tipo_licencia,cargo,id_empleado) VALUES (350,'5_extended',229,'IFR','comandante',25);
INSERT INTO Pilotos (id_piloto,nivel_ingles,cantidad_horas_vuelo,tipo_licencia,cargo,id_empleado) VALUES (351,'2_elementary',6,'CPL','comandante',12);
INSERT INTO Pilotos (id_piloto,nivel_ingles,cantidad_horas_vuelo,tipo_licencia,cargo,id_empleado) VALUES (352,'6_expert',62,'ATPL','primer oficial',73);
INSERT INTO Pilotos (id_piloto,nivel_ingles,cantidad_horas_vuelo,tipo_licencia,cargo,id_empleado) VALUES (353,'3_pre-operational',52,'ATPL','primer oficial',77);
INSERT INTO Pilotos (id_piloto,nivel_ingles,cantidad_horas_vuelo,tipo_licencia,cargo,id_empleado) VALUES (354,'2_elementary',104,'IFR','comandante',30);
INSERT INTO Pilotos (id_piloto,nivel_ingles,cantidad_horas_vuelo,tipo_licencia,cargo,id_empleado) VALUES (355,'1_pre-elementary',263,'ATPL','comandante',18);
INSERT INTO Pilotos (id_piloto,nivel_ingles,cantidad_horas_vuelo,tipo_licencia,cargo,id_empleado) VALUES (356,'2_elementary',137,'ME','primer oficial',81);
INSERT INTO Pilotos (id_piloto,nivel_ingles,cantidad_horas_vuelo,tipo_licencia,cargo,id_empleado) VALUES (357,'2_elementary',272,'IFR','comandante',70);
INSERT INTO Pilotos (id_piloto,nivel_ingles,cantidad_horas_vuelo,tipo_licencia,cargo,id_empleado) VALUES (358,'4_operational',22,'IFR','primer oficial',94);
INSERT INTO Pilotos (id_piloto,nivel_ingles,cantidad_horas_vuelo,tipo_licencia,cargo,id_empleado) VALUES (359,'6_expert',248,'ME','primer oficial',37);
INSERT INTO Pilotos (id_piloto,nivel_ingles,cantidad_horas_vuelo,tipo_licencia,cargo,id_empleado) VALUES (360,'4_operational',5,'IFR','primer oficial',4);
INSERT INTO Pilotos (id_piloto,nivel_ingles,cantidad_horas_vuelo,tipo_licencia,cargo,id_empleado) VALUES (361,'6_expert',297,'CPL','primer oficial',43);
INSERT INTO Pilotos (id_piloto,nivel_ingles,cantidad_horas_vuelo,tipo_licencia,cargo,id_empleado) VALUES (362,'4_operational',118,'ME','primer oficial',34);
INSERT INTO Pilotos (id_piloto,nivel_ingles,cantidad_horas_vuelo,tipo_licencia,cargo,id_empleado) VALUES (363,'6_expert',143,'IFR','comandante',22);
INSERT INTO Pilotos (id_piloto,nivel_ingles,cantidad_horas_vuelo,tipo_licencia,cargo,id_empleado) VALUES (364,'3_pre-operational',198,'CPL','comandante',47);
INSERT INTO Pilotos (id_piloto,nivel_ingles,cantidad_horas_vuelo,tipo_licencia,cargo,id_empleado) VALUES (365,'4_operational',216,'IFR','comandante',26);
INSERT INTO Pilotos (id_piloto,nivel_ingles,cantidad_horas_vuelo,tipo_licencia,cargo,id_empleado) VALUES (366,'4_operational',113,'ME','primer oficial',43);
INSERT INTO Pilotos (id_piloto,nivel_ingles,cantidad_horas_vuelo,tipo_licencia,cargo,id_empleado) VALUES (367,'1_pre-elementary',128,'ATPL','comandante',50);
INSERT INTO Pilotos (id_piloto,nivel_ingles,cantidad_horas_vuelo,tipo_licencia,cargo,id_empleado) VALUES (368,'6_expert',282,'CPL','comandante',98);
INSERT INTO Pilotos (id_piloto,nivel_ingles,cantidad_horas_vuelo,tipo_licencia,cargo,id_empleado) VALUES (369,'1_pre-elementary',4,'ME','primer oficial',10);
INSERT INTO Pilotos (id_piloto,nivel_ingles,cantidad_horas_vuelo,tipo_licencia,cargo,id_empleado) VALUES (370,'5_extended',177,'CPL','comandante',60);
INSERT INTO Pilotos (id_piloto,nivel_ingles,cantidad_horas_vuelo,tipo_licencia,cargo,id_empleado) VALUES (371,'6_expert',250,'CPL','primer oficial',25);
INSERT INTO Pilotos (id_piloto,nivel_ingles,cantidad_horas_vuelo,tipo_licencia,cargo,id_empleado) VALUES (372,'3_pre-operational',166,'ATPL','comandante',45);
INSERT INTO Pilotos (id_piloto,nivel_ingles,cantidad_horas_vuelo,tipo_licencia,cargo,id_empleado) VALUES (373,'4_operational',87,'IFR','comandante',97);
INSERT INTO Pilotos (id_piloto,nivel_ingles,cantidad_horas_vuelo,tipo_licencia,cargo,id_empleado) VALUES (374,'1_pre-elementary',260,'ME','comandante',51);
INSERT INTO Pilotos (id_piloto,nivel_ingles,cantidad_horas_vuelo,tipo_licencia,cargo,id_empleado) VALUES (375,'1_pre-elementary',145,'IFR','comandante',40);
INSERT INTO Pilotos (id_piloto,nivel_ingles,cantidad_horas_vuelo,tipo_licencia,cargo,id_empleado) VALUES (376,'4_operational',208,'CPL','primer oficial',30);
INSERT INTO Pilotos (id_piloto,nivel_ingles,cantidad_horas_vuelo,tipo_licencia,cargo,id_empleado) VALUES (377,'1_pre-elementary',40,'IFR','comandante',63);
INSERT INTO Pilotos (id_piloto,nivel_ingles,cantidad_horas_vuelo,tipo_licencia,cargo,id_empleado) VALUES (378,'1_pre-elementary',3,'IFR','primer oficial',59);
INSERT INTO Pilotos (id_piloto,nivel_ingles,cantidad_horas_vuelo,tipo_licencia,cargo,id_empleado) VALUES (379,'1_pre-elementary',34,'IFR','comandante',39);
INSERT INTO Pilotos (id_piloto,nivel_ingles,cantidad_horas_vuelo,tipo_licencia,cargo,id_empleado) VALUES (380,'2_elementary',83,'CPL','comandante',37);
INSERT INTO Pilotos (id_piloto,nivel_ingles,cantidad_horas_vuelo,tipo_licencia,cargo,id_empleado) VALUES (381,'2_elementary',58,'ME','primer oficial',10);
INSERT INTO Pilotos (id_piloto,nivel_ingles,cantidad_horas_vuelo,tipo_licencia,cargo,id_empleado) VALUES (382,'4_operational',86,'CPL','comandante',93);
INSERT INTO Pilotos (id_piloto,nivel_ingles,cantidad_horas_vuelo,tipo_licencia,cargo,id_empleado) VALUES (383,'5_extended',119,'ME','comandante',37);
INSERT INTO Pilotos (id_piloto,nivel_ingles,cantidad_horas_vuelo,tipo_licencia,cargo,id_empleado) VALUES (384,'1_pre-elementary',256,'ME','comandante',23);
INSERT INTO Pilotos (id_piloto,nivel_ingles,cantidad_horas_vuelo,tipo_licencia,cargo,id_empleado) VALUES (385,'5_extended',258,'ATPL','comandante',18);
INSERT INTO Pilotos (id_piloto,nivel_ingles,cantidad_horas_vuelo,tipo_licencia,cargo,id_empleado) VALUES (386,'3_pre-operational',23,'IFR','primer oficial',11);
INSERT INTO Pilotos (id_piloto,nivel_ingles,cantidad_horas_vuelo,tipo_licencia,cargo,id_empleado) VALUES (387,'1_pre-elementary',278,'ATPL','primer oficial',67);
INSERT INTO Pilotos (id_piloto,nivel_ingles,cantidad_horas_vuelo,tipo_licencia,cargo,id_empleado) VALUES (388,'4_operational',29,'CPL','comandante',30);
INSERT INTO Pilotos (id_piloto,nivel_ingles,cantidad_horas_vuelo,tipo_licencia,cargo,id_empleado) VALUES (389,'6_expert',47,'CPL','primer oficial',91);
INSERT INTO Pilotos (id_piloto,nivel_ingles,cantidad_horas_vuelo,tipo_licencia,cargo,id_empleado) VALUES (390,'6_expert',249,'ATPL','primer oficial',8);
INSERT INTO Pilotos (id_piloto,nivel_ingles,cantidad_horas_vuelo,tipo_licencia,cargo,id_empleado) VALUES (391,'3_pre-operational',277,'CPL','comandante',42);
INSERT INTO Pilotos (id_piloto,nivel_ingles,cantidad_horas_vuelo,tipo_licencia,cargo,id_empleado) VALUES (392,'2_elementary',71,'CPL','primer oficial',87);
INSERT INTO Pilotos (id_piloto,nivel_ingles,cantidad_horas_vuelo,tipo_licencia,cargo,id_empleado) VALUES (393,'6_expert',22,'IFR','primer oficial',9);
INSERT INTO Pilotos (id_piloto,nivel_ingles,cantidad_horas_vuelo,tipo_licencia,cargo,id_empleado) VALUES (394,'2_elementary',139,'ME','comandante',57);
INSERT INTO Pilotos (id_piloto,nivel_ingles,cantidad_horas_vuelo,tipo_licencia,cargo,id_empleado) VALUES (395,'3_pre-operational',216,'ATPL','primer oficial',43);
INSERT INTO Pilotos (id_piloto,nivel_ingles,cantidad_horas_vuelo,tipo_licencia,cargo,id_empleado) VALUES (396,'1_pre-elementary',240,'CPL','primer oficial',28);
INSERT INTO Pilotos (id_piloto,nivel_ingles,cantidad_horas_vuelo,tipo_licencia,cargo,id_empleado) VALUES (397,'1_pre-elementary',171,'ATPL','comandante',59);
INSERT INTO Pilotos (id_piloto,nivel_ingles,cantidad_horas_vuelo,tipo_licencia,cargo,id_empleado) VALUES (398,'3_pre-operational',85,'IFR','comandante',65);
INSERT INTO Pilotos (id_piloto,nivel_ingles,cantidad_horas_vuelo,tipo_licencia,cargo,id_empleado) VALUES (399,'2_elementary',101,'ATPL','comandante',51);

INSERT INTO Pilotos (id_piloto,nivel_ingles,cantidad_horas_vuelo,tipo_licencia,cargo,id_empleado) VALUES (400,'2_elementary',251,'CPL','comandante',2);
INSERT INTO Pilotos (id_piloto,nivel_ingles,cantidad_horas_vuelo,tipo_licencia,cargo,id_empleado) VALUES (401,'3_pre-operational',219,'IFR','primer oficial',50);
INSERT INTO Pilotos (id_piloto,nivel_ingles,cantidad_horas_vuelo,tipo_licencia,cargo,id_empleado) VALUES (402,'4_operational',294,'CPL','comandante',2);
INSERT INTO Pilotos (id_piloto,nivel_ingles,cantidad_horas_vuelo,tipo_licencia,cargo,id_empleado) VALUES (403,'2_elementary',141,'ATPL','comandante',42);
INSERT INTO Pilotos (id_piloto,nivel_ingles,cantidad_horas_vuelo,tipo_licencia,cargo,id_empleado) VALUES (404,'6_expert',290,'CPL','comandante',37);
INSERT INTO Pilotos (id_piloto,nivel_ingles,cantidad_horas_vuelo,tipo_licencia,cargo,id_empleado) VALUES (405,'6_expert',142,'ME','comandante',42);
INSERT INTO Pilotos (id_piloto,nivel_ingles,cantidad_horas_vuelo,tipo_licencia,cargo,id_empleado) VALUES (406,'1_pre-elementary',186,'ME','primer oficial',9);
INSERT INTO Pilotos (id_piloto,nivel_ingles,cantidad_horas_vuelo,tipo_licencia,cargo,id_empleado) VALUES (407,'1_pre-elementary',51,'ATPL','comandante',81);
INSERT INTO Pilotos (id_piloto,nivel_ingles,cantidad_horas_vuelo,tipo_licencia,cargo,id_empleado) VALUES (408,'5_extended',70,'IFR','comandante',59);
INSERT INTO Pilotos (id_piloto,nivel_ingles,cantidad_horas_vuelo,tipo_licencia,cargo,id_empleado) VALUES (409,'5_extended',243,'ATPL','comandante',35);
INSERT INTO Pilotos (id_piloto,nivel_ingles,cantidad_horas_vuelo,tipo_licencia,cargo,id_empleado) VALUES (410,'2_elementary',172,'ATPL','comandante',36);
INSERT INTO Pilotos (id_piloto,nivel_ingles,cantidad_horas_vuelo,tipo_licencia,cargo,id_empleado) VALUES (411,'1_pre-elementary',3,'CPL','primer oficial',13);
INSERT INTO Pilotos (id_piloto,nivel_ingles,cantidad_horas_vuelo,tipo_licencia,cargo,id_empleado) VALUES (412,'2_elementary',47,'CPL','primer oficial',46);
INSERT INTO Pilotos (id_piloto,nivel_ingles,cantidad_horas_vuelo,tipo_licencia,cargo,id_empleado) VALUES (413,'4_operational',191,'ATPL','primer oficial',7);
INSERT INTO Pilotos (id_piloto,nivel_ingles,cantidad_horas_vuelo,tipo_licencia,cargo,id_empleado) VALUES (414,'2_elementary',97,'CPL','comandante',78);
INSERT INTO Pilotos (id_piloto,nivel_ingles,cantidad_horas_vuelo,tipo_licencia,cargo,id_empleado) VALUES (415,'1_pre-elementary',124,'ME','primer oficial',90);
INSERT INTO Pilotos (id_piloto,nivel_ingles,cantidad_horas_vuelo,tipo_licencia,cargo,id_empleado) VALUES (416,'3_pre-operational',16,'IFR','primer oficial',73);
INSERT INTO Pilotos (id_piloto,nivel_ingles,cantidad_horas_vuelo,tipo_licencia,cargo,id_empleado) VALUES (417,'6_expert',179,'ME','primer oficial',1);
INSERT INTO Pilotos (id_piloto,nivel_ingles,cantidad_horas_vuelo,tipo_licencia,cargo,id_empleado) VALUES (418,'6_expert',11,'ATPL','comandante',85);
INSERT INTO Pilotos (id_piloto,nivel_ingles,cantidad_horas_vuelo,tipo_licencia,cargo,id_empleado) VALUES (419,'3_pre-operational',234,'CPL','primer oficial',12);
INSERT INTO Pilotos (id_piloto,nivel_ingles,cantidad_horas_vuelo,tipo_licencia,cargo,id_empleado) VALUES (420,'1_pre-elementary',111,'ME','comandante',8);
INSERT INTO Pilotos (id_piloto,nivel_ingles,cantidad_horas_vuelo,tipo_licencia,cargo,id_empleado) VALUES (421,'5_extended',97,'ATPL','comandante',57);
INSERT INTO Pilotos (id_piloto,nivel_ingles,cantidad_horas_vuelo,tipo_licencia,cargo,id_empleado) VALUES (422,'6_expert',103,'ME','primer oficial',79);
INSERT INTO Pilotos (id_piloto,nivel_ingles,cantidad_horas_vuelo,tipo_licencia,cargo,id_empleado) VALUES (423,'5_extended',8,'IFR','primer oficial',95);
INSERT INTO Pilotos (id_piloto,nivel_ingles,cantidad_horas_vuelo,tipo_licencia,cargo,id_empleado) VALUES (424,'3_pre-operational',110,'ATPL','primer oficial',97);
INSERT INTO Pilotos (id_piloto,nivel_ingles,cantidad_horas_vuelo,tipo_licencia,cargo,id_empleado) VALUES (425,'6_expert',179,'IFR','primer oficial',55);
INSERT INTO Pilotos (id_piloto,nivel_ingles,cantidad_horas_vuelo,tipo_licencia,cargo,id_empleado) VALUES (426,'5_extended',95,'IFR','primer oficial',8);
INSERT INTO Pilotos (id_piloto,nivel_ingles,cantidad_horas_vuelo,tipo_licencia,cargo,id_empleado) VALUES (427,'5_extended',115,'IFR','primer oficial',33);
INSERT INTO Pilotos (id_piloto,nivel_ingles,cantidad_horas_vuelo,tipo_licencia,cargo,id_empleado) VALUES (428,'1_pre-elementary',1,'ATPL','primer oficial',13);
INSERT INTO Pilotos (id_piloto,nivel_ingles,cantidad_horas_vuelo,tipo_licencia,cargo,id_empleado) VALUES (429,'4_operational',199,'ATPL','comandante',12);
INSERT INTO Pilotos (id_piloto,nivel_ingles,cantidad_horas_vuelo,tipo_licencia,cargo,id_empleado) VALUES (430,'1_pre-elementary',217,'ATPL','comandante',59);
INSERT INTO Pilotos (id_piloto,nivel_ingles,cantidad_horas_vuelo,tipo_licencia,cargo,id_empleado) VALUES (431,'5_extended',67,'ATPL','primer oficial',95);
INSERT INTO Pilotos (id_piloto,nivel_ingles,cantidad_horas_vuelo,tipo_licencia,cargo,id_empleado) VALUES (432,'1_pre-elementary',45,'CPL','comandante',3);
INSERT INTO Pilotos (id_piloto,nivel_ingles,cantidad_horas_vuelo,tipo_licencia,cargo,id_empleado) VALUES (433,'2_elementary',234,'ATPL','primer oficial',14);
INSERT INTO Pilotos (id_piloto,nivel_ingles,cantidad_horas_vuelo,tipo_licencia,cargo,id_empleado) VALUES (434,'5_extended',2,'IFR','comandante',98);
INSERT INTO Pilotos (id_piloto,nivel_ingles,cantidad_horas_vuelo,tipo_licencia,cargo,id_empleado) VALUES (435,'6_expert',240,'CPL','primer oficial',66);
INSERT INTO Pilotos (id_piloto,nivel_ingles,cantidad_horas_vuelo,tipo_licencia,cargo,id_empleado) VALUES (436,'2_elementary',108,'IFR','primer oficial',37);
INSERT INTO Pilotos (id_piloto,nivel_ingles,cantidad_horas_vuelo,tipo_licencia,cargo,id_empleado) VALUES (437,'2_elementary',157,'ATPL','primer oficial',42);
INSERT INTO Pilotos (id_piloto,nivel_ingles,cantidad_horas_vuelo,tipo_licencia,cargo,id_empleado) VALUES (438,'2_elementary',84,'IFR','comandante',53);
INSERT INTO Pilotos (id_piloto,nivel_ingles,cantidad_horas_vuelo,tipo_licencia,cargo,id_empleado) VALUES (439,'5_extended',130,'ME','comandante',14);
INSERT INTO Pilotos (id_piloto,nivel_ingles,cantidad_horas_vuelo,tipo_licencia,cargo,id_empleado) VALUES (440,'2_elementary',272,'ATPL','primer oficial',94);
INSERT INTO Pilotos (id_piloto,nivel_ingles,cantidad_horas_vuelo,tipo_licencia,cargo,id_empleado) VALUES (441,'4_operational',267,'IFR','primer oficial',43);
INSERT INTO Pilotos (id_piloto,nivel_ingles,cantidad_horas_vuelo,tipo_licencia,cargo,id_empleado) VALUES (442,'4_operational',27,'CPL','primer oficial',95);
INSERT INTO Pilotos (id_piloto,nivel_ingles,cantidad_horas_vuelo,tipo_licencia,cargo,id_empleado) VALUES (443,'1_pre-elementary',263,'ME','comandante',58);
INSERT INTO Pilotos (id_piloto,nivel_ingles,cantidad_horas_vuelo,tipo_licencia,cargo,id_empleado) VALUES (444,'6_expert',80,'CPL','comandante',47);
INSERT INTO Pilotos (id_piloto,nivel_ingles,cantidad_horas_vuelo,tipo_licencia,cargo,id_empleado) VALUES (445,'2_elementary',4,'ATPL','comandante',60);
INSERT INTO Pilotos (id_piloto,nivel_ingles,cantidad_horas_vuelo,tipo_licencia,cargo,id_empleado) VALUES (446,'6_expert',112,'ATPL','comandante',65);
INSERT INTO Pilotos (id_piloto,nivel_ingles,cantidad_horas_vuelo,tipo_licencia,cargo,id_empleado) VALUES (447,'4_operational',291,'ME','comandante',44);
INSERT INTO Pilotos (id_piloto,nivel_ingles,cantidad_horas_vuelo,tipo_licencia,cargo,id_empleado) VALUES (448,'6_expert',87,'CPL','comandante',93);
INSERT INTO Pilotos (id_piloto,nivel_ingles,cantidad_horas_vuelo,tipo_licencia,cargo,id_empleado) VALUES (449,'5_extended',17,'IFR','comandante',29);
INSERT INTO Pilotos (id_piloto,nivel_ingles,cantidad_horas_vuelo,tipo_licencia,cargo,id_empleado) VALUES (450,'1_pre-elementary',210,'CPL','comandante',1);
INSERT INTO Pilotos (id_piloto,nivel_ingles,cantidad_horas_vuelo,tipo_licencia,cargo,id_empleado) VALUES (451,'2_elementary',117,'ME','primer oficial',18);
INSERT INTO Pilotos (id_piloto,nivel_ingles,cantidad_horas_vuelo,tipo_licencia,cargo,id_empleado) VALUES (452,'6_expert',126,'CPL','comandante',60);
INSERT INTO Pilotos (id_piloto,nivel_ingles,cantidad_horas_vuelo,tipo_licencia,cargo,id_empleado) VALUES (453,'2_elementary',150,'CPL','primer oficial',81);
INSERT INTO Pilotos (id_piloto,nivel_ingles,cantidad_horas_vuelo,tipo_licencia,cargo,id_empleado) VALUES (454,'5_extended',200,'IFR','primer oficial',91);
INSERT INTO Pilotos (id_piloto,nivel_ingles,cantidad_horas_vuelo,tipo_licencia,cargo,id_empleado) VALUES (455,'5_extended',176,'IFR','primer oficial',11);
INSERT INTO Pilotos (id_piloto,nivel_ingles,cantidad_horas_vuelo,tipo_licencia,cargo,id_empleado) VALUES (456,'3_pre-operational',46,'ATPL','comandante',51);
INSERT INTO Pilotos (id_piloto,nivel_ingles,cantidad_horas_vuelo,tipo_licencia,cargo,id_empleado) VALUES (457,'4_operational',39,'IFR','comandante',36);
INSERT INTO Pilotos (id_piloto,nivel_ingles,cantidad_horas_vuelo,tipo_licencia,cargo,id_empleado) VALUES (458,'1_pre-elementary',198,'IFR','comandante',81);
INSERT INTO Pilotos (id_piloto,nivel_ingles,cantidad_horas_vuelo,tipo_licencia,cargo,id_empleado) VALUES (459,'3_pre-operational',36,'IFR','primer oficial',43);
INSERT INTO Pilotos (id_piloto,nivel_ingles,cantidad_horas_vuelo,tipo_licencia,cargo,id_empleado) VALUES (460,'6_expert',107,'ATPL','primer oficial',54);
INSERT INTO Pilotos (id_piloto,nivel_ingles,cantidad_horas_vuelo,tipo_licencia,cargo,id_empleado) VALUES (461,'1_pre-elementary',263,'ATPL','primer oficial',2);
INSERT INTO Pilotos (id_piloto,nivel_ingles,cantidad_horas_vuelo,tipo_licencia,cargo,id_empleado) VALUES (462,'4_operational',139,'ATPL','comandante',26);
INSERT INTO Pilotos (id_piloto,nivel_ingles,cantidad_horas_vuelo,tipo_licencia,cargo,id_empleado) VALUES (463,'6_expert',69,'ATPL','comandante',63);
INSERT INTO Pilotos (id_piloto,nivel_ingles,cantidad_horas_vuelo,tipo_licencia,cargo,id_empleado) VALUES (464,'3_pre-operational',291,'IFR','comandante',35);
INSERT INTO Pilotos (id_piloto,nivel_ingles,cantidad_horas_vuelo,tipo_licencia,cargo,id_empleado) VALUES (465,'3_pre-operational',126,'CPL','primer oficial',65);
INSERT INTO Pilotos (id_piloto,nivel_ingles,cantidad_horas_vuelo,tipo_licencia,cargo,id_empleado) VALUES (466,'6_expert',223,'ATPL','comandante',25);
INSERT INTO Pilotos (id_piloto,nivel_ingles,cantidad_horas_vuelo,tipo_licencia,cargo,id_empleado) VALUES (467,'6_expert',238,'CPL','comandante',11);
INSERT INTO Pilotos (id_piloto,nivel_ingles,cantidad_horas_vuelo,tipo_licencia,cargo,id_empleado) VALUES (468,'1_pre-elementary',269,'CPL','primer oficial',19);
INSERT INTO Pilotos (id_piloto,nivel_ingles,cantidad_horas_vuelo,tipo_licencia,cargo,id_empleado) VALUES (469,'2_elementary',104,'CPL','comandante',7);
INSERT INTO Pilotos (id_piloto,nivel_ingles,cantidad_horas_vuelo,tipo_licencia,cargo,id_empleado) VALUES (470,'6_expert',169,'ATPL','primer oficial',66);
INSERT INTO Pilotos (id_piloto,nivel_ingles,cantidad_horas_vuelo,tipo_licencia,cargo,id_empleado) VALUES (471,'5_extended',228,'ATPL','primer oficial',81);
INSERT INTO Pilotos (id_piloto,nivel_ingles,cantidad_horas_vuelo,tipo_licencia,cargo,id_empleado) VALUES (472,'4_operational',33,'CPL','comandante',92);
INSERT INTO Pilotos (id_piloto,nivel_ingles,cantidad_horas_vuelo,tipo_licencia,cargo,id_empleado) VALUES (473,'6_expert',78,'ME','comandante',62);
INSERT INTO Pilotos (id_piloto,nivel_ingles,cantidad_horas_vuelo,tipo_licencia,cargo,id_empleado) VALUES (474,'2_elementary',133,'ATPL','primer oficial',94);
INSERT INTO Pilotos (id_piloto,nivel_ingles,cantidad_horas_vuelo,tipo_licencia,cargo,id_empleado) VALUES (475,'6_expert',156,'ATPL','primer oficial',74);
INSERT INTO Pilotos (id_piloto,nivel_ingles,cantidad_horas_vuelo,tipo_licencia,cargo,id_empleado) VALUES (476,'6_expert',8,'ATPL','comandante',48);
INSERT INTO Pilotos (id_piloto,nivel_ingles,cantidad_horas_vuelo,tipo_licencia,cargo,id_empleado) VALUES (477,'5_extended',150,'IFR','primer oficial',47);
INSERT INTO Pilotos (id_piloto,nivel_ingles,cantidad_horas_vuelo,tipo_licencia,cargo,id_empleado) VALUES (478,'5_extended',157,'IFR','comandante',14);
INSERT INTO Pilotos (id_piloto,nivel_ingles,cantidad_horas_vuelo,tipo_licencia,cargo,id_empleado) VALUES (479,'6_expert',261,'ME','comandante',84);
INSERT INTO Pilotos (id_piloto,nivel_ingles,cantidad_horas_vuelo,tipo_licencia,cargo,id_empleado) VALUES (480,'3_pre-operational',145,'ATPL','comandante',87);
INSERT INTO Pilotos (id_piloto,nivel_ingles,cantidad_horas_vuelo,tipo_licencia,cargo,id_empleado) VALUES (481,'3_pre-operational',282,'ATPL','primer oficial',14);
INSERT INTO Pilotos (id_piloto,nivel_ingles,cantidad_horas_vuelo,tipo_licencia,cargo,id_empleado) VALUES (482,'4_operational',90,'IFR','comandante',57);
INSERT INTO Pilotos (id_piloto,nivel_ingles,cantidad_horas_vuelo,tipo_licencia,cargo,id_empleado) VALUES (483,'3_pre-operational',91,'ATPL','comandante',3);
INSERT INTO Pilotos (id_piloto,nivel_ingles,cantidad_horas_vuelo,tipo_licencia,cargo,id_empleado) VALUES (484,'3_pre-operational',83,'ME','primer oficial',86);
INSERT INTO Pilotos (id_piloto,nivel_ingles,cantidad_horas_vuelo,tipo_licencia,cargo,id_empleado) VALUES (485,'5_extended',167,'ME','primer oficial',44);
INSERT INTO Pilotos (id_piloto,nivel_ingles,cantidad_horas_vuelo,tipo_licencia,cargo,id_empleado) VALUES (486,'2_elementary',128,'ME','comandante',24);
INSERT INTO Pilotos (id_piloto,nivel_ingles,cantidad_horas_vuelo,tipo_licencia,cargo,id_empleado) VALUES (487,'1_pre-elementary',98,'IFR','primer oficial',78);
INSERT INTO Pilotos (id_piloto,nivel_ingles,cantidad_horas_vuelo,tipo_licencia,cargo,id_empleado) VALUES (488,'1_pre-elementary',72,'ATPL','comandante',17);
INSERT INTO Pilotos (id_piloto,nivel_ingles,cantidad_horas_vuelo,tipo_licencia,cargo,id_empleado) VALUES (489,'3_pre-operational',127,'IFR','comandante',80);
INSERT INTO Pilotos (id_piloto,nivel_ingles,cantidad_horas_vuelo,tipo_licencia,cargo,id_empleado) VALUES (490,'3_pre-operational',149,'ATPL','primer oficial',52);
INSERT INTO Pilotos (id_piloto,nivel_ingles,cantidad_horas_vuelo,tipo_licencia,cargo,id_empleado) VALUES (491,'4_operational',58,'ME','comandante',80);
INSERT INTO Pilotos (id_piloto,nivel_ingles,cantidad_horas_vuelo,tipo_licencia,cargo,id_empleado) VALUES (492,'3_pre-operational',7,'ATPL','comandante',10);
INSERT INTO Pilotos (id_piloto,nivel_ingles,cantidad_horas_vuelo,tipo_licencia,cargo,id_empleado) VALUES (493,'2_elementary',298,'CPL','primer oficial',40);
INSERT INTO Pilotos (id_piloto,nivel_ingles,cantidad_horas_vuelo,tipo_licencia,cargo,id_empleado) VALUES (494,'5_extended',250,'CPL','primer oficial',85);
INSERT INTO Pilotos (id_piloto,nivel_ingles,cantidad_horas_vuelo,tipo_licencia,cargo,id_empleado) VALUES (495,'3_pre-operational',24,'CPL','comandante',35);
INSERT INTO Pilotos (id_piloto,nivel_ingles,cantidad_horas_vuelo,tipo_licencia,cargo,id_empleado) VALUES (496,'3_pre-operational',16,'ATPL','comandante',93);
INSERT INTO Pilotos (id_piloto,nivel_ingles,cantidad_horas_vuelo,tipo_licencia,cargo,id_empleado) VALUES (497,'1_pre-elementary',122,'ME','comandante',78);
INSERT INTO Pilotos (id_piloto,nivel_ingles,cantidad_horas_vuelo,tipo_licencia,cargo,id_empleado) VALUES (498,'4_operational',154,'ME','comandante',6);
INSERT INTO Pilotos (id_piloto,nivel_ingles,cantidad_horas_vuelo,tipo_licencia,cargo,id_empleado) VALUES (499,'1_pre-elementary',107,'IFR','comandante',4);

INSERT INTO Pilotos (id_piloto,nivel_ingles,cantidad_horas_vuelo,tipo_licencia,cargo,id_empleado) VALUES (500,'6_expert',52,'ATPL','comandante',13);
INSERT INTO Pilotos (id_piloto,nivel_ingles,cantidad_horas_vuelo,tipo_licencia,cargo,id_empleado) VALUES (501,'1_pre-elementary',95,'CPL','primer oficial',99);
INSERT INTO Pilotos (id_piloto,nivel_ingles,cantidad_horas_vuelo,tipo_licencia,cargo,id_empleado) VALUES (502,'2_elementary',78,'CPL','primer oficial',32);
INSERT INTO Pilotos (id_piloto,nivel_ingles,cantidad_horas_vuelo,tipo_licencia,cargo,id_empleado) VALUES (503,'6_expert',43,'ATPL','primer oficial',97);
INSERT INTO Pilotos (id_piloto,nivel_ingles,cantidad_horas_vuelo,tipo_licencia,cargo,id_empleado) VALUES (504,'3_pre-operational',101,'ATPL','comandante',55);
INSERT INTO Pilotos (id_piloto,nivel_ingles,cantidad_horas_vuelo,tipo_licencia,cargo,id_empleado) VALUES (505,'5_extended',118,'ME','primer oficial',35);
INSERT INTO Pilotos (id_piloto,nivel_ingles,cantidad_horas_vuelo,tipo_licencia,cargo,id_empleado) VALUES (506,'2_elementary',87,'IFR','comandante',46);
INSERT INTO Pilotos (id_piloto,nivel_ingles,cantidad_horas_vuelo,tipo_licencia,cargo,id_empleado) VALUES (507,'3_pre-operational',246,'ME','comandante',65);
INSERT INTO Pilotos (id_piloto,nivel_ingles,cantidad_horas_vuelo,tipo_licencia,cargo,id_empleado) VALUES (508,'4_operational',48,'ME','primer oficial',75);
INSERT INTO Pilotos (id_piloto,nivel_ingles,cantidad_horas_vuelo,tipo_licencia,cargo,id_empleado) VALUES (509,'5_extended',235,'ME','primer oficial',32);
INSERT INTO Pilotos (id_piloto,nivel_ingles,cantidad_horas_vuelo,tipo_licencia,cargo,id_empleado) VALUES (510,'6_expert',119,'ME','primer oficial',66);
INSERT INTO Pilotos (id_piloto,nivel_ingles,cantidad_horas_vuelo,tipo_licencia,cargo,id_empleado) VALUES (511,'2_elementary',284,'CPL','primer oficial',96);
INSERT INTO Pilotos (id_piloto,nivel_ingles,cantidad_horas_vuelo,tipo_licencia,cargo,id_empleado) VALUES (512,'2_elementary',282,'IFR','comandante',1);
INSERT INTO Pilotos (id_piloto,nivel_ingles,cantidad_horas_vuelo,tipo_licencia,cargo,id_empleado) VALUES (513,'2_elementary',141,'IFR','primer oficial',45);
INSERT INTO Pilotos (id_piloto,nivel_ingles,cantidad_horas_vuelo,tipo_licencia,cargo,id_empleado) VALUES (514,'3_pre-operational',47,'ATPL','comandante',18);
INSERT INTO Pilotos (id_piloto,nivel_ingles,cantidad_horas_vuelo,tipo_licencia,cargo,id_empleado) VALUES (515,'2_elementary',66,'ATPL','comandante',75);
INSERT INTO Pilotos (id_piloto,nivel_ingles,cantidad_horas_vuelo,tipo_licencia,cargo,id_empleado) VALUES (516,'5_extended',196,'CPL','primer oficial',37);
INSERT INTO Pilotos (id_piloto,nivel_ingles,cantidad_horas_vuelo,tipo_licencia,cargo,id_empleado) VALUES (517,'2_elementary',37,'ME','primer oficial',73);
INSERT INTO Pilotos (id_piloto,nivel_ingles,cantidad_horas_vuelo,tipo_licencia,cargo,id_empleado) VALUES (518,'1_pre-elementary',172,'ATPL','primer oficial',25);
INSERT INTO Pilotos (id_piloto,nivel_ingles,cantidad_horas_vuelo,tipo_licencia,cargo,id_empleado) VALUES (519,'6_expert',242,'IFR','comandante',23);
INSERT INTO Pilotos (id_piloto,nivel_ingles,cantidad_horas_vuelo,tipo_licencia,cargo,id_empleado) VALUES (520,'5_extended',236,'ME','comandante',54);
INSERT INTO Pilotos (id_piloto,nivel_ingles,cantidad_horas_vuelo,tipo_licencia,cargo,id_empleado) VALUES (521,'6_expert',67,'ME','comandante',61);
INSERT INTO Pilotos (id_piloto,nivel_ingles,cantidad_horas_vuelo,tipo_licencia,cargo,id_empleado) VALUES (522,'3_pre-operational',101,'IFR','primer oficial',43);
INSERT INTO Pilotos (id_piloto,nivel_ingles,cantidad_horas_vuelo,tipo_licencia,cargo,id_empleado) VALUES (523,'3_pre-operational',260,'CPL','comandante',41);
INSERT INTO Pilotos (id_piloto,nivel_ingles,cantidad_horas_vuelo,tipo_licencia,cargo,id_empleado) VALUES (524,'3_pre-operational',23,'ATPL','primer oficial',100);
INSERT INTO Pilotos (id_piloto,nivel_ingles,cantidad_horas_vuelo,tipo_licencia,cargo,id_empleado) VALUES (525,'3_pre-operational',68,'ATPL','comandante',5);
INSERT INTO Pilotos (id_piloto,nivel_ingles,cantidad_horas_vuelo,tipo_licencia,cargo,id_empleado) VALUES (526,'5_extended',74,'IFR','primer oficial',69);
INSERT INTO Pilotos (id_piloto,nivel_ingles,cantidad_horas_vuelo,tipo_licencia,cargo,id_empleado) VALUES (527,'1_pre-elementary',265,'IFR','primer oficial',79);
INSERT INTO Pilotos (id_piloto,nivel_ingles,cantidad_horas_vuelo,tipo_licencia,cargo,id_empleado) VALUES (528,'5_extended',224,'ATPL','primer oficial',17);
INSERT INTO Pilotos (id_piloto,nivel_ingles,cantidad_horas_vuelo,tipo_licencia,cargo,id_empleado) VALUES (529,'3_pre-operational',292,'ME','primer oficial',100);
INSERT INTO Pilotos (id_piloto,nivel_ingles,cantidad_horas_vuelo,tipo_licencia,cargo,id_empleado) VALUES (530,'2_elementary',284,'CPL','primer oficial',30);
INSERT INTO Pilotos (id_piloto,nivel_ingles,cantidad_horas_vuelo,tipo_licencia,cargo,id_empleado) VALUES (531,'2_elementary',3,'CPL','primer oficial',33);
INSERT INTO Pilotos (id_piloto,nivel_ingles,cantidad_horas_vuelo,tipo_licencia,cargo,id_empleado) VALUES (532,'1_pre-elementary',283,'ATPL','comandante',33);
INSERT INTO Pilotos (id_piloto,nivel_ingles,cantidad_horas_vuelo,tipo_licencia,cargo,id_empleado) VALUES (533,'5_extended',147,'IFR','comandante',65);
INSERT INTO Pilotos (id_piloto,nivel_ingles,cantidad_horas_vuelo,tipo_licencia,cargo,id_empleado) VALUES (534,'1_pre-elementary',235,'ME','comandante',34);
INSERT INTO Pilotos (id_piloto,nivel_ingles,cantidad_horas_vuelo,tipo_licencia,cargo,id_empleado) VALUES (535,'3_pre-operational',143,'ATPL','comandante',49);
INSERT INTO Pilotos (id_piloto,nivel_ingles,cantidad_horas_vuelo,tipo_licencia,cargo,id_empleado) VALUES (536,'6_expert',54,'ME','comandante',5);
INSERT INTO Pilotos (id_piloto,nivel_ingles,cantidad_horas_vuelo,tipo_licencia,cargo,id_empleado) VALUES (537,'3_pre-operational',51,'ME','primer oficial',4);
INSERT INTO Pilotos (id_piloto,nivel_ingles,cantidad_horas_vuelo,tipo_licencia,cargo,id_empleado) VALUES (538,'4_operational',41,'ATPL','primer oficial',50);
INSERT INTO Pilotos (id_piloto,nivel_ingles,cantidad_horas_vuelo,tipo_licencia,cargo,id_empleado) VALUES (539,'5_extended',74,'ME','comandante',71);
INSERT INTO Pilotos (id_piloto,nivel_ingles,cantidad_horas_vuelo,tipo_licencia,cargo,id_empleado) VALUES (540,'2_elementary',206,'CPL','primer oficial',8);
INSERT INTO Pilotos (id_piloto,nivel_ingles,cantidad_horas_vuelo,tipo_licencia,cargo,id_empleado) VALUES (541,'2_elementary',215,'IFR','primer oficial',56);
INSERT INTO Pilotos (id_piloto,nivel_ingles,cantidad_horas_vuelo,tipo_licencia,cargo,id_empleado) VALUES (542,'6_expert',147,'IFR','comandante',30);
INSERT INTO Pilotos (id_piloto,nivel_ingles,cantidad_horas_vuelo,tipo_licencia,cargo,id_empleado) VALUES (543,'6_expert',111,'IFR','comandante',52);
INSERT INTO Pilotos (id_piloto,nivel_ingles,cantidad_horas_vuelo,tipo_licencia,cargo,id_empleado) VALUES (544,'3_pre-operational',267,'ATPL','comandante',4);
INSERT INTO Pilotos (id_piloto,nivel_ingles,cantidad_horas_vuelo,tipo_licencia,cargo,id_empleado) VALUES (545,'3_pre-operational',3,'ME','primer oficial',55);
INSERT INTO Pilotos (id_piloto,nivel_ingles,cantidad_horas_vuelo,tipo_licencia,cargo,id_empleado) VALUES (546,'2_elementary',6,'ME','comandante',1);
INSERT INTO Pilotos (id_piloto,nivel_ingles,cantidad_horas_vuelo,tipo_licencia,cargo,id_empleado) VALUES (547,'5_extended',299,'ME','comandante',32);
INSERT INTO Pilotos (id_piloto,nivel_ingles,cantidad_horas_vuelo,tipo_licencia,cargo,id_empleado) VALUES (548,'4_operational',102,'ATPL','primer oficial',55);
INSERT INTO Pilotos (id_piloto,nivel_ingles,cantidad_horas_vuelo,tipo_licencia,cargo,id_empleado) VALUES (549,'2_elementary',180,'IFR','primer oficial',13);
INSERT INTO Pilotos (id_piloto,nivel_ingles,cantidad_horas_vuelo,tipo_licencia,cargo,id_empleado) VALUES (550,'5_extended',80,'IFR','primer oficial',12);
INSERT INTO Pilotos (id_piloto,nivel_ingles,cantidad_horas_vuelo,tipo_licencia,cargo,id_empleado) VALUES (551,'2_elementary',13,'ATPL','comandante',53);
INSERT INTO Pilotos (id_piloto,nivel_ingles,cantidad_horas_vuelo,tipo_licencia,cargo,id_empleado) VALUES (552,'3_pre-operational',147,'ME','primer oficial',86);
INSERT INTO Pilotos (id_piloto,nivel_ingles,cantidad_horas_vuelo,tipo_licencia,cargo,id_empleado) VALUES (553,'5_extended',91,'CPL','primer oficial',17);
INSERT INTO Pilotos (id_piloto,nivel_ingles,cantidad_horas_vuelo,tipo_licencia,cargo,id_empleado) VALUES (554,'1_pre-elementary',179,'ME','primer oficial',49);
INSERT INTO Pilotos (id_piloto,nivel_ingles,cantidad_horas_vuelo,tipo_licencia,cargo,id_empleado) VALUES (555,'4_operational',107,'CPL','primer oficial',5);
INSERT INTO Pilotos (id_piloto,nivel_ingles,cantidad_horas_vuelo,tipo_licencia,cargo,id_empleado) VALUES (556,'2_elementary',231,'CPL','comandante',39);
INSERT INTO Pilotos (id_piloto,nivel_ingles,cantidad_horas_vuelo,tipo_licencia,cargo,id_empleado) VALUES (557,'3_pre-operational',129,'ATPL','comandante',33);
INSERT INTO Pilotos (id_piloto,nivel_ingles,cantidad_horas_vuelo,tipo_licencia,cargo,id_empleado) VALUES (558,'1_pre-elementary',69,'ME','comandante',64);
INSERT INTO Pilotos (id_piloto,nivel_ingles,cantidad_horas_vuelo,tipo_licencia,cargo,id_empleado) VALUES (559,'3_pre-operational',145,'CPL','primer oficial',12);
INSERT INTO Pilotos (id_piloto,nivel_ingles,cantidad_horas_vuelo,tipo_licencia,cargo,id_empleado) VALUES (560,'2_elementary',63,'ATPL','primer oficial',23);
INSERT INTO Pilotos (id_piloto,nivel_ingles,cantidad_horas_vuelo,tipo_licencia,cargo,id_empleado) VALUES (561,'5_extended',182,'ME','comandante',24);
INSERT INTO Pilotos (id_piloto,nivel_ingles,cantidad_horas_vuelo,tipo_licencia,cargo,id_empleado) VALUES (562,'2_elementary',258,'IFR','comandante',89);
INSERT INTO Pilotos (id_piloto,nivel_ingles,cantidad_horas_vuelo,tipo_licencia,cargo,id_empleado) VALUES (563,'4_operational',25,'ATPL','primer oficial',52);
INSERT INTO Pilotos (id_piloto,nivel_ingles,cantidad_horas_vuelo,tipo_licencia,cargo,id_empleado) VALUES (564,'4_operational',167,'IFR','primer oficial',15);
INSERT INTO Pilotos (id_piloto,nivel_ingles,cantidad_horas_vuelo,tipo_licencia,cargo,id_empleado) VALUES (565,'2_elementary',68,'ME','primer oficial',47);
INSERT INTO Pilotos (id_piloto,nivel_ingles,cantidad_horas_vuelo,tipo_licencia,cargo,id_empleado) VALUES (566,'6_expert',47,'ATPL','primer oficial',67);
INSERT INTO Pilotos (id_piloto,nivel_ingles,cantidad_horas_vuelo,tipo_licencia,cargo,id_empleado) VALUES (567,'3_pre-operational',101,'ME','primer oficial',24);
INSERT INTO Pilotos (id_piloto,nivel_ingles,cantidad_horas_vuelo,tipo_licencia,cargo,id_empleado) VALUES (568,'5_extended',20,'CPL','comandante',89);
INSERT INTO Pilotos (id_piloto,nivel_ingles,cantidad_horas_vuelo,tipo_licencia,cargo,id_empleado) VALUES (569,'6_expert',149,'CPL','primer oficial',14);
INSERT INTO Pilotos (id_piloto,nivel_ingles,cantidad_horas_vuelo,tipo_licencia,cargo,id_empleado) VALUES (570,'4_operational',39,'ME','comandante',24);
INSERT INTO Pilotos (id_piloto,nivel_ingles,cantidad_horas_vuelo,tipo_licencia,cargo,id_empleado) VALUES (571,'5_extended',121,'IFR','comandante',91);
INSERT INTO Pilotos (id_piloto,nivel_ingles,cantidad_horas_vuelo,tipo_licencia,cargo,id_empleado) VALUES (572,'4_operational',41,'ATPL','primer oficial',69);
INSERT INTO Pilotos (id_piloto,nivel_ingles,cantidad_horas_vuelo,tipo_licencia,cargo,id_empleado) VALUES (573,'1_pre-elementary',225,'IFR','primer oficial',15);
INSERT INTO Pilotos (id_piloto,nivel_ingles,cantidad_horas_vuelo,tipo_licencia,cargo,id_empleado) VALUES (574,'5_extended',248,'IFR','comandante',45);
INSERT INTO Pilotos (id_piloto,nivel_ingles,cantidad_horas_vuelo,tipo_licencia,cargo,id_empleado) VALUES (575,'1_pre-elementary',21,'ME','comandante',28);
INSERT INTO Pilotos (id_piloto,nivel_ingles,cantidad_horas_vuelo,tipo_licencia,cargo,id_empleado) VALUES (576,'5_extended',21,'IFR','comandante',50);
INSERT INTO Pilotos (id_piloto,nivel_ingles,cantidad_horas_vuelo,tipo_licencia,cargo,id_empleado) VALUES (577,'2_elementary',118,'CPL','comandante',55);
INSERT INTO Pilotos (id_piloto,nivel_ingles,cantidad_horas_vuelo,tipo_licencia,cargo,id_empleado) VALUES (578,'4_operational',44,'CPL','primer oficial',17);
INSERT INTO Pilotos (id_piloto,nivel_ingles,cantidad_horas_vuelo,tipo_licencia,cargo,id_empleado) VALUES (579,'5_extended',242,'ATPL','comandante',98);
INSERT INTO Pilotos (id_piloto,nivel_ingles,cantidad_horas_vuelo,tipo_licencia,cargo,id_empleado) VALUES (580,'2_elementary',226,'IFR','comandante',16);
INSERT INTO Pilotos (id_piloto,nivel_ingles,cantidad_horas_vuelo,tipo_licencia,cargo,id_empleado) VALUES (581,'5_extended',58,'ATPL','comandante',37);
INSERT INTO Pilotos (id_piloto,nivel_ingles,cantidad_horas_vuelo,tipo_licencia,cargo,id_empleado) VALUES (582,'1_pre-elementary',96,'CPL','comandante',55);
INSERT INTO Pilotos (id_piloto,nivel_ingles,cantidad_horas_vuelo,tipo_licencia,cargo,id_empleado) VALUES (583,'4_operational',24,'ME','primer oficial',29);
INSERT INTO Pilotos (id_piloto,nivel_ingles,cantidad_horas_vuelo,tipo_licencia,cargo,id_empleado) VALUES (584,'1_pre-elementary',118,'ME','primer oficial',22);
INSERT INTO Pilotos (id_piloto,nivel_ingles,cantidad_horas_vuelo,tipo_licencia,cargo,id_empleado) VALUES (585,'3_pre-operational',213,'IFR','primer oficial',73);
INSERT INTO Pilotos (id_piloto,nivel_ingles,cantidad_horas_vuelo,tipo_licencia,cargo,id_empleado) VALUES (586,'6_expert',241,'IFR','comandante',72);
INSERT INTO Pilotos (id_piloto,nivel_ingles,cantidad_horas_vuelo,tipo_licencia,cargo,id_empleado) VALUES (587,'3_pre-operational',275,'IFR','primer oficial',36);
INSERT INTO Pilotos (id_piloto,nivel_ingles,cantidad_horas_vuelo,tipo_licencia,cargo,id_empleado) VALUES (588,'4_operational',51,'ATPL','comandante',91);
INSERT INTO Pilotos (id_piloto,nivel_ingles,cantidad_horas_vuelo,tipo_licencia,cargo,id_empleado) VALUES (589,'6_expert',18,'IFR','comandante',50);
INSERT INTO Pilotos (id_piloto,nivel_ingles,cantidad_horas_vuelo,tipo_licencia,cargo,id_empleado) VALUES (590,'6_expert',280,'IFR','primer oficial',90);
INSERT INTO Pilotos (id_piloto,nivel_ingles,cantidad_horas_vuelo,tipo_licencia,cargo,id_empleado) VALUES (591,'4_operational',92,'IFR','primer oficial',86);
INSERT INTO Pilotos (id_piloto,nivel_ingles,cantidad_horas_vuelo,tipo_licencia,cargo,id_empleado) VALUES (592,'1_pre-elementary',287,'ATPL','comandante',67);
INSERT INTO Pilotos (id_piloto,nivel_ingles,cantidad_horas_vuelo,tipo_licencia,cargo,id_empleado) VALUES (593,'4_operational',223,'ME','comandante',64);
INSERT INTO Pilotos (id_piloto,nivel_ingles,cantidad_horas_vuelo,tipo_licencia,cargo,id_empleado) VALUES (594,'5_extended',208,'CPL','comandante',67);
INSERT INTO Pilotos (id_piloto,nivel_ingles,cantidad_horas_vuelo,tipo_licencia,cargo,id_empleado) VALUES (595,'4_operational',151,'ATPL','primer oficial',26);
INSERT INTO Pilotos (id_piloto,nivel_ingles,cantidad_horas_vuelo,tipo_licencia,cargo,id_empleado) VALUES (596,'3_pre-operational',259,'CPL','comandante',18);
INSERT INTO Pilotos (id_piloto,nivel_ingles,cantidad_horas_vuelo,tipo_licencia,cargo,id_empleado) VALUES (597,'3_pre-operational',190,'ME','comandante',5);
INSERT INTO Pilotos (id_piloto,nivel_ingles,cantidad_horas_vuelo,tipo_licencia,cargo,id_empleado) VALUES (598,'5_extended',157,'CPL','comandante',88);
INSERT INTO Pilotos (id_piloto,nivel_ingles,cantidad_horas_vuelo,tipo_licencia,cargo,id_empleado) VALUES (599,'6_expert',183,'ME','primer oficial',51);

INSERT INTO Pilotos (id_piloto,nivel_ingles,cantidad_horas_vuelo,tipo_licencia,cargo,id_empleado) VALUES (600,'2_elementary',237,'CPL','primer oficial',33);
INSERT INTO Pilotos (id_piloto,nivel_ingles,cantidad_horas_vuelo,tipo_licencia,cargo,id_empleado) VALUES (601,'5_extended',295,'ATPL','primer oficial',74);
INSERT INTO Pilotos (id_piloto,nivel_ingles,cantidad_horas_vuelo,tipo_licencia,cargo,id_empleado) VALUES (602,'5_extended',68,'IFR','comandante',79);
INSERT INTO Pilotos (id_piloto,nivel_ingles,cantidad_horas_vuelo,tipo_licencia,cargo,id_empleado) VALUES (603,'5_extended',221,'IFR','comandante',42);
INSERT INTO Pilotos (id_piloto,nivel_ingles,cantidad_horas_vuelo,tipo_licencia,cargo,id_empleado) VALUES (604,'2_elementary',92,'ATPL','comandante',68);
INSERT INTO Pilotos (id_piloto,nivel_ingles,cantidad_horas_vuelo,tipo_licencia,cargo,id_empleado) VALUES (605,'6_expert',11,'IFR','comandante',61);
INSERT INTO Pilotos (id_piloto,nivel_ingles,cantidad_horas_vuelo,tipo_licencia,cargo,id_empleado) VALUES (606,'6_expert',94,'ATPL','comandante',61);
INSERT INTO Pilotos (id_piloto,nivel_ingles,cantidad_horas_vuelo,tipo_licencia,cargo,id_empleado) VALUES (607,'2_elementary',203,'ME','comandante',76);
INSERT INTO Pilotos (id_piloto,nivel_ingles,cantidad_horas_vuelo,tipo_licencia,cargo,id_empleado) VALUES (608,'2_elementary',38,'ME','primer oficial',52);
INSERT INTO Pilotos (id_piloto,nivel_ingles,cantidad_horas_vuelo,tipo_licencia,cargo,id_empleado) VALUES (609,'2_elementary',100,'ME','comandante',65);
INSERT INTO Pilotos (id_piloto,nivel_ingles,cantidad_horas_vuelo,tipo_licencia,cargo,id_empleado) VALUES (610,'5_extended',26,'ATPL','primer oficial',2);
INSERT INTO Pilotos (id_piloto,nivel_ingles,cantidad_horas_vuelo,tipo_licencia,cargo,id_empleado) VALUES (611,'3_pre-operational',199,'ME','comandante',23);
INSERT INTO Pilotos (id_piloto,nivel_ingles,cantidad_horas_vuelo,tipo_licencia,cargo,id_empleado) VALUES (612,'3_pre-operational',287,'IFR','primer oficial',3);
INSERT INTO Pilotos (id_piloto,nivel_ingles,cantidad_horas_vuelo,tipo_licencia,cargo,id_empleado) VALUES (613,'6_expert',187,'ME','comandante',21);
INSERT INTO Pilotos (id_piloto,nivel_ingles,cantidad_horas_vuelo,tipo_licencia,cargo,id_empleado) VALUES (614,'2_elementary',87,'ME','primer oficial',14);
INSERT INTO Pilotos (id_piloto,nivel_ingles,cantidad_horas_vuelo,tipo_licencia,cargo,id_empleado) VALUES (615,'2_elementary',134,'CPL','primer oficial',90);
INSERT INTO Pilotos (id_piloto,nivel_ingles,cantidad_horas_vuelo,tipo_licencia,cargo,id_empleado) VALUES (616,'1_pre-elementary',183,'CPL','comandante',15);
INSERT INTO Pilotos (id_piloto,nivel_ingles,cantidad_horas_vuelo,tipo_licencia,cargo,id_empleado) VALUES (617,'6_expert',161,'IFR','primer oficial',65);
INSERT INTO Pilotos (id_piloto,nivel_ingles,cantidad_horas_vuelo,tipo_licencia,cargo,id_empleado) VALUES (618,'3_pre-operational',152,'ATPL','primer oficial',53);
INSERT INTO Pilotos (id_piloto,nivel_ingles,cantidad_horas_vuelo,tipo_licencia,cargo,id_empleado) VALUES (619,'6_expert',284,'ATPL','primer oficial',89);
INSERT INTO Pilotos (id_piloto,nivel_ingles,cantidad_horas_vuelo,tipo_licencia,cargo,id_empleado) VALUES (620,'1_pre-elementary',191,'ME','primer oficial',38);
INSERT INTO Pilotos (id_piloto,nivel_ingles,cantidad_horas_vuelo,tipo_licencia,cargo,id_empleado) VALUES (621,'5_extended',128,'ATPL','primer oficial',91);
INSERT INTO Pilotos (id_piloto,nivel_ingles,cantidad_horas_vuelo,tipo_licencia,cargo,id_empleado) VALUES (622,'5_extended',200,'ME','primer oficial',34);
INSERT INTO Pilotos (id_piloto,nivel_ingles,cantidad_horas_vuelo,tipo_licencia,cargo,id_empleado) VALUES (623,'5_extended',54,'ME','primer oficial',65);
INSERT INTO Pilotos (id_piloto,nivel_ingles,cantidad_horas_vuelo,tipo_licencia,cargo,id_empleado) VALUES (624,'1_pre-elementary',226,'IFR','primer oficial',86);
INSERT INTO Pilotos (id_piloto,nivel_ingles,cantidad_horas_vuelo,tipo_licencia,cargo,id_empleado) VALUES (625,'6_expert',196,'CPL','primer oficial',97);
INSERT INTO Pilotos (id_piloto,nivel_ingles,cantidad_horas_vuelo,tipo_licencia,cargo,id_empleado) VALUES (626,'2_elementary',231,'CPL','comandante',76);
INSERT INTO Pilotos (id_piloto,nivel_ingles,cantidad_horas_vuelo,tipo_licencia,cargo,id_empleado) VALUES (627,'4_operational',261,'CPL','primer oficial',30);
INSERT INTO Pilotos (id_piloto,nivel_ingles,cantidad_horas_vuelo,tipo_licencia,cargo,id_empleado) VALUES (628,'6_expert',29,'ME','primer oficial',76);
INSERT INTO Pilotos (id_piloto,nivel_ingles,cantidad_horas_vuelo,tipo_licencia,cargo,id_empleado) VALUES (629,'2_elementary',82,'IFR','primer oficial',32);
INSERT INTO Pilotos (id_piloto,nivel_ingles,cantidad_horas_vuelo,tipo_licencia,cargo,id_empleado) VALUES (630,'6_expert',295,'ATPL','primer oficial',84);
INSERT INTO Pilotos (id_piloto,nivel_ingles,cantidad_horas_vuelo,tipo_licencia,cargo,id_empleado) VALUES (631,'5_extended',149,'ATPL','primer oficial',53);
INSERT INTO Pilotos (id_piloto,nivel_ingles,cantidad_horas_vuelo,tipo_licencia,cargo,id_empleado) VALUES (632,'3_pre-operational',113,'ATPL','comandante',41);
INSERT INTO Pilotos (id_piloto,nivel_ingles,cantidad_horas_vuelo,tipo_licencia,cargo,id_empleado) VALUES (633,'3_pre-operational',255,'IFR','primer oficial',75);
INSERT INTO Pilotos (id_piloto,nivel_ingles,cantidad_horas_vuelo,tipo_licencia,cargo,id_empleado) VALUES (634,'6_expert',297,'CPL','primer oficial',36);
INSERT INTO Pilotos (id_piloto,nivel_ingles,cantidad_horas_vuelo,tipo_licencia,cargo,id_empleado) VALUES (635,'3_pre-operational',159,'ATPL','comandante',66);
INSERT INTO Pilotos (id_piloto,nivel_ingles,cantidad_horas_vuelo,tipo_licencia,cargo,id_empleado) VALUES (636,'6_expert',89,'CPL','primer oficial',84);
INSERT INTO Pilotos (id_piloto,nivel_ingles,cantidad_horas_vuelo,tipo_licencia,cargo,id_empleado) VALUES (637,'2_elementary',217,'CPL','primer oficial',60);
INSERT INTO Pilotos (id_piloto,nivel_ingles,cantidad_horas_vuelo,tipo_licencia,cargo,id_empleado) VALUES (638,'1_pre-elementary',287,'CPL','comandante',4);
INSERT INTO Pilotos (id_piloto,nivel_ingles,cantidad_horas_vuelo,tipo_licencia,cargo,id_empleado) VALUES (639,'3_pre-operational',45,'ME','primer oficial',8);
INSERT INTO Pilotos (id_piloto,nivel_ingles,cantidad_horas_vuelo,tipo_licencia,cargo,id_empleado) VALUES (640,'3_pre-operational',122,'ATPL','primer oficial',69);
INSERT INTO Pilotos (id_piloto,nivel_ingles,cantidad_horas_vuelo,tipo_licencia,cargo,id_empleado) VALUES (641,'1_pre-elementary',140,'ATPL','comandante',67);
INSERT INTO Pilotos (id_piloto,nivel_ingles,cantidad_horas_vuelo,tipo_licencia,cargo,id_empleado) VALUES (642,'1_pre-elementary',242,'ATPL','comandante',46);
INSERT INTO Pilotos (id_piloto,nivel_ingles,cantidad_horas_vuelo,tipo_licencia,cargo,id_empleado) VALUES (643,'3_pre-operational',288,'ME','comandante',7);
INSERT INTO Pilotos (id_piloto,nivel_ingles,cantidad_horas_vuelo,tipo_licencia,cargo,id_empleado) VALUES (644,'3_pre-operational',236,'IFR','primer oficial',15);
INSERT INTO Pilotos (id_piloto,nivel_ingles,cantidad_horas_vuelo,tipo_licencia,cargo,id_empleado) VALUES (645,'5_extended',281,'ATPL','primer oficial',8);
INSERT INTO Pilotos (id_piloto,nivel_ingles,cantidad_horas_vuelo,tipo_licencia,cargo,id_empleado) VALUES (646,'2_elementary',20,'CPL','primer oficial',77);
INSERT INTO Pilotos (id_piloto,nivel_ingles,cantidad_horas_vuelo,tipo_licencia,cargo,id_empleado) VALUES (647,'2_elementary',193,'IFR','primer oficial',96);
INSERT INTO Pilotos (id_piloto,nivel_ingles,cantidad_horas_vuelo,tipo_licencia,cargo,id_empleado) VALUES (648,'2_elementary',60,'ME','comandante',70);
INSERT INTO Pilotos (id_piloto,nivel_ingles,cantidad_horas_vuelo,tipo_licencia,cargo,id_empleado) VALUES (649,'4_operational',112,'IFR','primer oficial',1);
INSERT INTO Pilotos (id_piloto,nivel_ingles,cantidad_horas_vuelo,tipo_licencia,cargo,id_empleado) VALUES (650,'3_pre-operational',280,'ME','primer oficial',61);
INSERT INTO Pilotos (id_piloto,nivel_ingles,cantidad_horas_vuelo,tipo_licencia,cargo,id_empleado) VALUES (651,'2_elementary',166,'ATPL','comandante',68);
INSERT INTO Pilotos (id_piloto,nivel_ingles,cantidad_horas_vuelo,tipo_licencia,cargo,id_empleado) VALUES (652,'5_extended',82,'IFR','primer oficial',11);
INSERT INTO Pilotos (id_piloto,nivel_ingles,cantidad_horas_vuelo,tipo_licencia,cargo,id_empleado) VALUES (653,'2_elementary',46,'ME','comandante',19);
INSERT INTO Pilotos (id_piloto,nivel_ingles,cantidad_horas_vuelo,tipo_licencia,cargo,id_empleado) VALUES (654,'6_expert',16,'ME','primer oficial',32);
INSERT INTO Pilotos (id_piloto,nivel_ingles,cantidad_horas_vuelo,tipo_licencia,cargo,id_empleado) VALUES (655,'5_extended',201,'IFR','primer oficial',99);
INSERT INTO Pilotos (id_piloto,nivel_ingles,cantidad_horas_vuelo,tipo_licencia,cargo,id_empleado) VALUES (656,'6_expert',154,'ATPL','primer oficial',29);
INSERT INTO Pilotos (id_piloto,nivel_ingles,cantidad_horas_vuelo,tipo_licencia,cargo,id_empleado) VALUES (657,'2_elementary',36,'CPL','comandante',40);
INSERT INTO Pilotos (id_piloto,nivel_ingles,cantidad_horas_vuelo,tipo_licencia,cargo,id_empleado) VALUES (658,'2_elementary',147,'ME','primer oficial',12);
INSERT INTO Pilotos (id_piloto,nivel_ingles,cantidad_horas_vuelo,tipo_licencia,cargo,id_empleado) VALUES (659,'4_operational',13,'ATPL','primer oficial',73);
INSERT INTO Pilotos (id_piloto,nivel_ingles,cantidad_horas_vuelo,tipo_licencia,cargo,id_empleado) VALUES (660,'5_extended',265,'CPL','comandante',45);
INSERT INTO Pilotos (id_piloto,nivel_ingles,cantidad_horas_vuelo,tipo_licencia,cargo,id_empleado) VALUES (661,'4_operational',3,'CPL','comandante',33);
INSERT INTO Pilotos (id_piloto,nivel_ingles,cantidad_horas_vuelo,tipo_licencia,cargo,id_empleado) VALUES (662,'2_elementary',272,'CPL','primer oficial',13);
INSERT INTO Pilotos (id_piloto,nivel_ingles,cantidad_horas_vuelo,tipo_licencia,cargo,id_empleado) VALUES (663,'1_pre-elementary',295,'ME','comandante',25);
INSERT INTO Pilotos (id_piloto,nivel_ingles,cantidad_horas_vuelo,tipo_licencia,cargo,id_empleado) VALUES (664,'5_extended',176,'ME','primer oficial',12);
INSERT INTO Pilotos (id_piloto,nivel_ingles,cantidad_horas_vuelo,tipo_licencia,cargo,id_empleado) VALUES (665,'5_extended',20,'ATPL','comandante',90);
INSERT INTO Pilotos (id_piloto,nivel_ingles,cantidad_horas_vuelo,tipo_licencia,cargo,id_empleado) VALUES (666,'4_operational',267,'IFR','comandante',57);
INSERT INTO Pilotos (id_piloto,nivel_ingles,cantidad_horas_vuelo,tipo_licencia,cargo,id_empleado) VALUES (667,'4_operational',261,'ATPL','primer oficial',67);
INSERT INTO Pilotos (id_piloto,nivel_ingles,cantidad_horas_vuelo,tipo_licencia,cargo,id_empleado) VALUES (668,'5_extended',24,'IFR','primer oficial',29);
INSERT INTO Pilotos (id_piloto,nivel_ingles,cantidad_horas_vuelo,tipo_licencia,cargo,id_empleado) VALUES (669,'6_expert',128,'ME','primer oficial',56);
INSERT INTO Pilotos (id_piloto,nivel_ingles,cantidad_horas_vuelo,tipo_licencia,cargo,id_empleado) VALUES (670,'6_expert',187,'CPL','comandante',42);
INSERT INTO Pilotos (id_piloto,nivel_ingles,cantidad_horas_vuelo,tipo_licencia,cargo,id_empleado) VALUES (671,'4_operational',267,'ME','primer oficial',87);
INSERT INTO Pilotos (id_piloto,nivel_ingles,cantidad_horas_vuelo,tipo_licencia,cargo,id_empleado) VALUES (672,'3_pre-operational',99,'ATPL','primer oficial',62);
INSERT INTO Pilotos (id_piloto,nivel_ingles,cantidad_horas_vuelo,tipo_licencia,cargo,id_empleado) VALUES (673,'6_expert',102,'ME','primer oficial',69);
INSERT INTO Pilotos (id_piloto,nivel_ingles,cantidad_horas_vuelo,tipo_licencia,cargo,id_empleado) VALUES (674,'4_operational',83,'ME','primer oficial',38);
INSERT INTO Pilotos (id_piloto,nivel_ingles,cantidad_horas_vuelo,tipo_licencia,cargo,id_empleado) VALUES (675,'1_pre-elementary',196,'IFR','primer oficial',51);
INSERT INTO Pilotos (id_piloto,nivel_ingles,cantidad_horas_vuelo,tipo_licencia,cargo,id_empleado) VALUES (676,'3_pre-operational',201,'IFR','primer oficial',43);
INSERT INTO Pilotos (id_piloto,nivel_ingles,cantidad_horas_vuelo,tipo_licencia,cargo,id_empleado) VALUES (677,'1_pre-elementary',13,'IFR','comandante',99);
INSERT INTO Pilotos (id_piloto,nivel_ingles,cantidad_horas_vuelo,tipo_licencia,cargo,id_empleado) VALUES (678,'3_pre-operational',67,'CPL','comandante',3);
INSERT INTO Pilotos (id_piloto,nivel_ingles,cantidad_horas_vuelo,tipo_licencia,cargo,id_empleado) VALUES (679,'2_elementary',66,'ATPL','primer oficial',51);
INSERT INTO Pilotos (id_piloto,nivel_ingles,cantidad_horas_vuelo,tipo_licencia,cargo,id_empleado) VALUES (680,'1_pre-elementary',264,'CPL','comandante',23);
INSERT INTO Pilotos (id_piloto,nivel_ingles,cantidad_horas_vuelo,tipo_licencia,cargo,id_empleado) VALUES (681,'6_expert',122,'ATPL','comandante',68);
INSERT INTO Pilotos (id_piloto,nivel_ingles,cantidad_horas_vuelo,tipo_licencia,cargo,id_empleado) VALUES (682,'6_expert',24,'ATPL','primer oficial',100);
INSERT INTO Pilotos (id_piloto,nivel_ingles,cantidad_horas_vuelo,tipo_licencia,cargo,id_empleado) VALUES (683,'2_elementary',80,'ATPL','primer oficial',18);
INSERT INTO Pilotos (id_piloto,nivel_ingles,cantidad_horas_vuelo,tipo_licencia,cargo,id_empleado) VALUES (684,'6_expert',118,'ME','primer oficial',31);
INSERT INTO Pilotos (id_piloto,nivel_ingles,cantidad_horas_vuelo,tipo_licencia,cargo,id_empleado) VALUES (685,'4_operational',258,'ATPL','comandante',71);
INSERT INTO Pilotos (id_piloto,nivel_ingles,cantidad_horas_vuelo,tipo_licencia,cargo,id_empleado) VALUES (686,'5_extended',80,'IFR','comandante',61);
INSERT INTO Pilotos (id_piloto,nivel_ingles,cantidad_horas_vuelo,tipo_licencia,cargo,id_empleado) VALUES (687,'5_extended',281,'CPL','primer oficial',52);
INSERT INTO Pilotos (id_piloto,nivel_ingles,cantidad_horas_vuelo,tipo_licencia,cargo,id_empleado) VALUES (688,'6_expert',194,'ME','primer oficial',99);
INSERT INTO Pilotos (id_piloto,nivel_ingles,cantidad_horas_vuelo,tipo_licencia,cargo,id_empleado) VALUES (689,'2_elementary',235,'CPL','comandante',68);
INSERT INTO Pilotos (id_piloto,nivel_ingles,cantidad_horas_vuelo,tipo_licencia,cargo,id_empleado) VALUES (690,'1_pre-elementary',243,'ATPL','primer oficial',70);
INSERT INTO Pilotos (id_piloto,nivel_ingles,cantidad_horas_vuelo,tipo_licencia,cargo,id_empleado) VALUES (691,'5_extended',136,'ME','primer oficial',51);
INSERT INTO Pilotos (id_piloto,nivel_ingles,cantidad_horas_vuelo,tipo_licencia,cargo,id_empleado) VALUES (692,'5_extended',111,'ME','comandante',54);
INSERT INTO Pilotos (id_piloto,nivel_ingles,cantidad_horas_vuelo,tipo_licencia,cargo,id_empleado) VALUES (693,'5_extended',67,'IFR','primer oficial',84);
INSERT INTO Pilotos (id_piloto,nivel_ingles,cantidad_horas_vuelo,tipo_licencia,cargo,id_empleado) VALUES (694,'2_elementary',115,'CPL','primer oficial',71);
INSERT INTO Pilotos (id_piloto,nivel_ingles,cantidad_horas_vuelo,tipo_licencia,cargo,id_empleado) VALUES (695,'6_expert',138,'ME','primer oficial',99);
INSERT INTO Pilotos (id_piloto,nivel_ingles,cantidad_horas_vuelo,tipo_licencia,cargo,id_empleado) VALUES (696,'3_pre-operational',169,'CPL','comandante',53);
INSERT INTO Pilotos (id_piloto,nivel_ingles,cantidad_horas_vuelo,tipo_licencia,cargo,id_empleado) VALUES (697,'4_operational',289,'ME','comandante',58);
INSERT INTO Pilotos (id_piloto,nivel_ingles,cantidad_horas_vuelo,tipo_licencia,cargo,id_empleado) VALUES (698,'1_pre-elementary',212,'ME','comandante',12);
INSERT INTO Pilotos (id_piloto,nivel_ingles,cantidad_horas_vuelo,tipo_licencia,cargo,id_empleado) VALUES (699,'4_operational',4,'ATPL','comandante',44);

--INSERT AEROPUERTOS

INSERT INTO Aeropuertos (id_aeropuerto,nombre,ciudad,pais,longitud,latitud,abreviatura_aeropuerto) VALUES (1,'Bogota El Dorado International
Airport','BOGOTA','COLOMBIA','89.36074','3.72194','BOG / SKBO');
INSERT INTO Aeropuertos (id_aeropuerto,nombre,ciudad,pais,longitud,latitud,abreviatura_aeropuerto) VALUES (2,'Medellin Jose Maria Cordova International Airport','MEDELLIN','COLOMBIA','89.36074','3.72194','MDE/SKRG');
INSERT INTO Aeropuertos (id_aeropuerto,nombre,ciudad,pais,longitud,latitud,abreviatura_aeropuerto) VALUES (3,'Cali Alfonso Bonilla Aragon
International Airport','CALI','COLOMBIA','-73.33696','-23.22709','CLO / SKCL');
INSERT INTO Aeropuertos (id_aeropuerto,nombre,ciudad,pais,longitud,latitud,abreviatura_aeropuerto) VALUES (4,'Cartagena Rafael Nunez
International Airport','CARTAGENA','COLOMBIA','-157.13658','24.65761','CTG / SKCG');
INSERT INTO Aeropuertos (id_aeropuerto,nombre,ciudad,pais,longitud,latitud,abreviatura_aeropuerto) VALUES (5,'Lima Jorge Chavez International Airport','LIMA','PERU','59.22591','-17.11493','LIM / SPJC');
INSERT INTO Aeropuertos (id_aeropuerto,nombre,ciudad,pais,longitud,latitud,abreviatura_aeropuerto) VALUES (6,'San Salvador International
Airport','San luis de tipal','EL SALVADOR','29.84196','9.61549','SAL / MSLP');
INSERT INTO Aeropuertos (id_aeropuerto,nombre,ciudad,pais,longitud,latitud,abreviatura_aeropuerto) VALUES (7,'Madrid Barajas Airport','MADRID','ESPAÑA','5.97211','85.31284','MAD / LEMD');
INSERT INTO Aeropuertos (id_aeropuerto,nombre,ciudad,pais,longitud,latitud,abreviatura_aeropuerto) VALUES (8,'Miami International Airport','MIAMI','ESTADOS UNIDOS','145.03556','-55.15572','MIA / KMIA');
INSERT INTO Aeropuertos (id_aeropuerto,nombre,ciudad,pais,longitud,latitud,abreviatura_aeropuerto) VALUES (9,'New York John F. Kennedy
International Airport','NUEVA YORK','ESTADOS UNIDOS','36.71771','28.83056','JFK / KJFK');

--insert RUTAS

INSERT INTO Rutas (id_ruta,id_aeropuerto_origen,id_aeropuerto_destino,distancia_kilometro,numero_vuelo,frecuencia_semanal,aeronave_requerida,cantidad_promedio,tripulante_requerido) VALUES (300,6,9,21738,53,5,'AV452',298,12);
INSERT INTO Rutas (id_ruta,id_aeropuerto_origen,id_aeropuerto_destino,distancia_kilometro,numero_vuelo,frecuencia_semanal,aeronave_requerida,cantidad_promedio,tripulante_requerido) VALUES (301,2,3,2836,73,2,'AV943',184,98);
INSERT INTO Rutas (id_ruta,id_aeropuerto_origen,id_aeropuerto_destino,distancia_kilometro,numero_vuelo,frecuencia_semanal,aeronave_requerida,cantidad_promedio,tripulante_requerido) VALUES (302,9,7,26023,68,5,'AV745',215,6);
INSERT INTO Rutas (id_ruta,id_aeropuerto_origen,id_aeropuerto_destino,distancia_kilometro,numero_vuelo,frecuencia_semanal,aeronave_requerida,cantidad_promedio,tripulante_requerido) VALUES (303,9,8,18481,100,4,'AV550',67,42);
INSERT INTO Rutas (id_ruta,id_aeropuerto_origen,id_aeropuerto_destino,distancia_kilometro,numero_vuelo,frecuencia_semanal,aeronave_requerida,cantidad_promedio,tripulante_requerido) VALUES (304,4,6,26090,45,2,'AV888',82,16);
INSERT INTO Rutas (id_ruta,id_aeropuerto_origen,id_aeropuerto_destino,distancia_kilometro,numero_vuelo,frecuencia_semanal,aeronave_requerida,cantidad_promedio,tripulante_requerido) VALUES (305,3,7,12653,51,7,'AV065',194,97);
INSERT INTO Rutas (id_ruta,id_aeropuerto_origen,id_aeropuerto_destino,distancia_kilometro,numero_vuelo,frecuencia_semanal,aeronave_requerida,cantidad_promedio,tripulante_requerido) VALUES (306,4,6,10677,43,2,'AV923',54,30);
INSERT INTO Rutas (id_ruta,id_aeropuerto_origen,id_aeropuerto_destino,distancia_kilometro,numero_vuelo,frecuencia_semanal,aeronave_requerida,cantidad_promedio,tripulante_requerido) VALUES (307,6,1,6494,42,5,'AV831',228,25);
INSERT INTO Rutas (id_ruta,id_aeropuerto_origen,id_aeropuerto_destino,distancia_kilometro,numero_vuelo,frecuencia_semanal,aeronave_requerida,cantidad_promedio,tripulante_requerido) VALUES (308,6,8,9461,59,8,'AV196',244,78);
INSERT INTO Rutas (id_ruta,id_aeropuerto_origen,id_aeropuerto_destino,distancia_kilometro,numero_vuelo,frecuencia_semanal,aeronave_requerida,cantidad_promedio,tripulante_requerido) VALUES (309,6,3,7397,8,1,'AV320',155,100);
INSERT INTO Rutas (id_ruta,id_aeropuerto_origen,id_aeropuerto_destino,distancia_kilometro,numero_vuelo,frecuencia_semanal,aeronave_requerida,cantidad_promedio,tripulante_requerido) VALUES (310,6,2,10348,76,1,'AV265',87,49);
INSERT INTO Rutas (id_ruta,id_aeropuerto_origen,id_aeropuerto_destino,distancia_kilometro,numero_vuelo,frecuencia_semanal,aeronave_requerida,cantidad_promedio,tripulante_requerido) VALUES (311,1,7,24589,64,2,'AV421',94,70);
INSERT INTO Rutas (id_ruta,id_aeropuerto_origen,id_aeropuerto_destino,distancia_kilometro,numero_vuelo,frecuencia_semanal,aeronave_requerida,cantidad_promedio,tripulante_requerido) VALUES (312,2,7,3453,5,5,'AV888',288,39);
INSERT INTO Rutas (id_ruta,id_aeropuerto_origen,id_aeropuerto_destino,distancia_kilometro,numero_vuelo,frecuencia_semanal,aeronave_requerida,cantidad_promedio,tripulante_requerido) VALUES (313,4,3,2854,82,5,'AV469',110,79);
INSERT INTO Rutas (id_ruta,id_aeropuerto_origen,id_aeropuerto_destino,distancia_kilometro,numero_vuelo,frecuencia_semanal,aeronave_requerida,cantidad_promedio,tripulante_requerido) VALUES (314,6,1,22949,42,7,'AV844',202,33);
INSERT INTO Rutas (id_ruta,id_aeropuerto_origen,id_aeropuerto_destino,distancia_kilometro,numero_vuelo,frecuencia_semanal,aeronave_requerida,cantidad_promedio,tripulante_requerido) VALUES (315,3,4,3173,53,7,'AV085',194,9);
INSERT INTO Rutas (id_ruta,id_aeropuerto_origen,id_aeropuerto_destino,distancia_kilometro,numero_vuelo,frecuencia_semanal,aeronave_requerida,cantidad_promedio,tripulante_requerido) VALUES (316,8,4,17035,1,7,'AV026',70,70);
INSERT INTO Rutas (id_ruta,id_aeropuerto_origen,id_aeropuerto_destino,distancia_kilometro,numero_vuelo,frecuencia_semanal,aeronave_requerida,cantidad_promedio,tripulante_requerido) VALUES (317,9,7,9366,91,7,'AV432',232,4);
INSERT INTO Rutas (id_ruta,id_aeropuerto_origen,id_aeropuerto_destino,distancia_kilometro,numero_vuelo,frecuencia_semanal,aeronave_requerida,cantidad_promedio,tripulante_requerido) VALUES (318,4,6,6934,28,7,'AV375',286,23);
INSERT INTO Rutas (id_ruta,id_aeropuerto_origen,id_aeropuerto_destino,distancia_kilometro,numero_vuelo,frecuencia_semanal,aeronave_requerida,cantidad_promedio,tripulante_requerido) VALUES (319,7,8,7168,8,3,'AV918',144,12);
INSERT INTO Rutas (id_ruta,id_aeropuerto_origen,id_aeropuerto_destino,distancia_kilometro,numero_vuelo,frecuencia_semanal,aeronave_requerida,cantidad_promedio,tripulante_requerido) VALUES (320,5,5,8295,38,7,'AV740',147,100);
INSERT INTO Rutas (id_ruta,id_aeropuerto_origen,id_aeropuerto_destino,distancia_kilometro,numero_vuelo,frecuencia_semanal,aeronave_requerida,cantidad_promedio,tripulante_requerido) VALUES (321,4,2,24339,20,5,'AV735',196,54);
INSERT INTO Rutas (id_ruta,id_aeropuerto_origen,id_aeropuerto_destino,distancia_kilometro,numero_vuelo,frecuencia_semanal,aeronave_requerida,cantidad_promedio,tripulante_requerido) VALUES (322,4,2,21644,10,5,'AV552',248,44);
INSERT INTO Rutas (id_ruta,id_aeropuerto_origen,id_aeropuerto_destino,distancia_kilometro,numero_vuelo,frecuencia_semanal,aeronave_requerida,cantidad_promedio,tripulante_requerido) VALUES (323,8,9,13900,87,2,'AV415',181,61);
INSERT INTO Rutas (id_ruta,id_aeropuerto_origen,id_aeropuerto_destino,distancia_kilometro,numero_vuelo,frecuencia_semanal,aeronave_requerida,cantidad_promedio,tripulante_requerido) VALUES (324,8,7,10164,42,8,'AV904',263,58);
INSERT INTO Rutas (id_ruta,id_aeropuerto_origen,id_aeropuerto_destino,distancia_kilometro,numero_vuelo,frecuencia_semanal,aeronave_requerida,cantidad_promedio,tripulante_requerido) VALUES (325,7,7,27988,16,5,'AV362',230,7);
INSERT INTO Rutas (id_ruta,id_aeropuerto_origen,id_aeropuerto_destino,distancia_kilometro,numero_vuelo,frecuencia_semanal,aeronave_requerida,cantidad_promedio,tripulante_requerido) VALUES (326,3,5,10556,50,6,'AV310',297,41);
INSERT INTO Rutas (id_ruta,id_aeropuerto_origen,id_aeropuerto_destino,distancia_kilometro,numero_vuelo,frecuencia_semanal,aeronave_requerida,cantidad_promedio,tripulante_requerido) VALUES (327,6,4,12941,4,2,'AV840',80,66);
INSERT INTO Rutas (id_ruta,id_aeropuerto_origen,id_aeropuerto_destino,distancia_kilometro,numero_vuelo,frecuencia_semanal,aeronave_requerida,cantidad_promedio,tripulante_requerido) VALUES (328,6,1,26614,2,7,'AV994',249,20);
INSERT INTO Rutas (id_ruta,id_aeropuerto_origen,id_aeropuerto_destino,distancia_kilometro,numero_vuelo,frecuencia_semanal,aeronave_requerida,cantidad_promedio,tripulante_requerido) VALUES (329,2,7,29523,88,3,'AV568',82,100);
INSERT INTO Rutas (id_ruta,id_aeropuerto_origen,id_aeropuerto_destino,distancia_kilometro,numero_vuelo,frecuencia_semanal,aeronave_requerida,cantidad_promedio,tripulante_requerido) VALUES (330,5,6,219,62,7,'AV475',153,99);
INSERT INTO Rutas (id_ruta,id_aeropuerto_origen,id_aeropuerto_destino,distancia_kilometro,numero_vuelo,frecuencia_semanal,aeronave_requerida,cantidad_promedio,tripulante_requerido) VALUES (331,8,9,21109,83,3,'AV821',205,29);
INSERT INTO Rutas (id_ruta,id_aeropuerto_origen,id_aeropuerto_destino,distancia_kilometro,numero_vuelo,frecuencia_semanal,aeronave_requerida,cantidad_promedio,tripulante_requerido) VALUES (332,6,9,12771,61,4,'AV257',164,22);
INSERT INTO Rutas (id_ruta,id_aeropuerto_origen,id_aeropuerto_destino,distancia_kilometro,numero_vuelo,frecuencia_semanal,aeronave_requerida,cantidad_promedio,tripulante_requerido) VALUES (333,2,9,13016,20,5,'AV040',72,42);
INSERT INTO Rutas (id_ruta,id_aeropuerto_origen,id_aeropuerto_destino,distancia_kilometro,numero_vuelo,frecuencia_semanal,aeronave_requerida,cantidad_promedio,tripulante_requerido) VALUES (334,8,2,16587,58,1,'AV969',94,29);
INSERT INTO Rutas (id_ruta,id_aeropuerto_origen,id_aeropuerto_destino,distancia_kilometro,numero_vuelo,frecuencia_semanal,aeronave_requerida,cantidad_promedio,tripulante_requerido) VALUES (335,2,5,1603,12,2,'AV240',252,88);
INSERT INTO Rutas (id_ruta,id_aeropuerto_origen,id_aeropuerto_destino,distancia_kilometro,numero_vuelo,frecuencia_semanal,aeronave_requerida,cantidad_promedio,tripulante_requerido) VALUES (336,7,5,16761,9,4,'AV828',164,51);
INSERT INTO Rutas (id_ruta,id_aeropuerto_origen,id_aeropuerto_destino,distancia_kilometro,numero_vuelo,frecuencia_semanal,aeronave_requerida,cantidad_promedio,tripulante_requerido) VALUES (337,4,9,16467,10,6,'AV123',136,14);
INSERT INTO Rutas (id_ruta,id_aeropuerto_origen,id_aeropuerto_destino,distancia_kilometro,numero_vuelo,frecuencia_semanal,aeronave_requerida,cantidad_promedio,tripulante_requerido) VALUES (338,7,3,26800,20,7,'AV095',153,51);
INSERT INTO Rutas (id_ruta,id_aeropuerto_origen,id_aeropuerto_destino,distancia_kilometro,numero_vuelo,frecuencia_semanal,aeronave_requerida,cantidad_promedio,tripulante_requerido) VALUES (339,5,1,14427,9,1,'AV226',105,69);
INSERT INTO Rutas (id_ruta,id_aeropuerto_origen,id_aeropuerto_destino,distancia_kilometro,numero_vuelo,frecuencia_semanal,aeronave_requerida,cantidad_promedio,tripulante_requerido) VALUES (340,7,9,1251,21,2,'AV391',142,40);
INSERT INTO Rutas (id_ruta,id_aeropuerto_origen,id_aeropuerto_destino,distancia_kilometro,numero_vuelo,frecuencia_semanal,aeronave_requerida,cantidad_promedio,tripulante_requerido) VALUES (341,3,3,2330,79,8,'AV133',108,95);
INSERT INTO Rutas (id_ruta,id_aeropuerto_origen,id_aeropuerto_destino,distancia_kilometro,numero_vuelo,frecuencia_semanal,aeronave_requerida,cantidad_promedio,tripulante_requerido) VALUES (342,5,9,19556,98,1,'AV797',78,89);
INSERT INTO Rutas (id_ruta,id_aeropuerto_origen,id_aeropuerto_destino,distancia_kilometro,numero_vuelo,frecuencia_semanal,aeronave_requerida,cantidad_promedio,tripulante_requerido) VALUES (343,3,5,11741,84,1,'AV558',181,61);
INSERT INTO Rutas (id_ruta,id_aeropuerto_origen,id_aeropuerto_destino,distancia_kilometro,numero_vuelo,frecuencia_semanal,aeronave_requerida,cantidad_promedio,tripulante_requerido) VALUES (344,1,4,361,13,1,'AV394',181,34);
INSERT INTO Rutas (id_ruta,id_aeropuerto_origen,id_aeropuerto_destino,distancia_kilometro,numero_vuelo,frecuencia_semanal,aeronave_requerida,cantidad_promedio,tripulante_requerido) VALUES (345,9,1,893,40,3,'AV968',274,42);
INSERT INTO Rutas (id_ruta,id_aeropuerto_origen,id_aeropuerto_destino,distancia_kilometro,numero_vuelo,frecuencia_semanal,aeronave_requerida,cantidad_promedio,tripulante_requerido) VALUES (346,3,6,28086,40,8,'AV190',263,64);
INSERT INTO Rutas (id_ruta,id_aeropuerto_origen,id_aeropuerto_destino,distancia_kilometro,numero_vuelo,frecuencia_semanal,aeronave_requerida,cantidad_promedio,tripulante_requerido) VALUES (347,4,5,9929,81,3,'AV329',90,67);
INSERT INTO Rutas (id_ruta,id_aeropuerto_origen,id_aeropuerto_destino,distancia_kilometro,numero_vuelo,frecuencia_semanal,aeronave_requerida,cantidad_promedio,tripulante_requerido) VALUES (348,6,2,22998,25,3,'AV781',218,29);
INSERT INTO Rutas (id_ruta,id_aeropuerto_origen,id_aeropuerto_destino,distancia_kilometro,numero_vuelo,frecuencia_semanal,aeronave_requerida,cantidad_promedio,tripulante_requerido) VALUES (349,8,1,21347,75,2,'AV860',174,91);
INSERT INTO Rutas (id_ruta,id_aeropuerto_origen,id_aeropuerto_destino,distancia_kilometro,numero_vuelo,frecuencia_semanal,aeronave_requerida,cantidad_promedio,tripulante_requerido) VALUES (350,6,6,29908,12,4,'AV648',106,48);
INSERT INTO Rutas (id_ruta,id_aeropuerto_origen,id_aeropuerto_destino,distancia_kilometro,numero_vuelo,frecuencia_semanal,aeronave_requerida,cantidad_promedio,tripulante_requerido) VALUES (351,4,9,5790,96,5,'AV820',98,99);
INSERT INTO Rutas (id_ruta,id_aeropuerto_origen,id_aeropuerto_destino,distancia_kilometro,numero_vuelo,frecuencia_semanal,aeronave_requerida,cantidad_promedio,tripulante_requerido) VALUES (352,3,5,24868,22,5,'AV975',108,75);
INSERT INTO Rutas (id_ruta,id_aeropuerto_origen,id_aeropuerto_destino,distancia_kilometro,numero_vuelo,frecuencia_semanal,aeronave_requerida,cantidad_promedio,tripulante_requerido) VALUES (353,4,6,18899,68,1,'AV899',299,4);
INSERT INTO Rutas (id_ruta,id_aeropuerto_origen,id_aeropuerto_destino,distancia_kilometro,numero_vuelo,frecuencia_semanal,aeronave_requerida,cantidad_promedio,tripulante_requerido) VALUES (354,8,1,5377,76,2,'AV910',142,35);
INSERT INTO Rutas (id_ruta,id_aeropuerto_origen,id_aeropuerto_destino,distancia_kilometro,numero_vuelo,frecuencia_semanal,aeronave_requerida,cantidad_promedio,tripulante_requerido) VALUES (355,2,6,20375,54,6,'AV091',171,4);
INSERT INTO Rutas (id_ruta,id_aeropuerto_origen,id_aeropuerto_destino,distancia_kilometro,numero_vuelo,frecuencia_semanal,aeronave_requerida,cantidad_promedio,tripulante_requerido) VALUES (356,8,3,29651,68,2,'AV349',141,35);
INSERT INTO Rutas (id_ruta,id_aeropuerto_origen,id_aeropuerto_destino,distancia_kilometro,numero_vuelo,frecuencia_semanal,aeronave_requerida,cantidad_promedio,tripulante_requerido) VALUES (357,9,1,10323,56,2,'AV736',264,39);
INSERT INTO Rutas (id_ruta,id_aeropuerto_origen,id_aeropuerto_destino,distancia_kilometro,numero_vuelo,frecuencia_semanal,aeronave_requerida,cantidad_promedio,tripulante_requerido) VALUES (358,8,9,20139,38,1,'AV945',194,51);
INSERT INTO Rutas (id_ruta,id_aeropuerto_origen,id_aeropuerto_destino,distancia_kilometro,numero_vuelo,frecuencia_semanal,aeronave_requerida,cantidad_promedio,tripulante_requerido) VALUES (359,1,5,15957,70,1,'AV857',77,65);
INSERT INTO Rutas (id_ruta,id_aeropuerto_origen,id_aeropuerto_destino,distancia_kilometro,numero_vuelo,frecuencia_semanal,aeronave_requerida,cantidad_promedio,tripulante_requerido) VALUES (360,6,9,849,81,1,'AV901',110,21);
INSERT INTO Rutas (id_ruta,id_aeropuerto_origen,id_aeropuerto_destino,distancia_kilometro,numero_vuelo,frecuencia_semanal,aeronave_requerida,cantidad_promedio,tripulante_requerido) VALUES (361,1,4,15036,26,4,'AV426',177,12);
INSERT INTO Rutas (id_ruta,id_aeropuerto_origen,id_aeropuerto_destino,distancia_kilometro,numero_vuelo,frecuencia_semanal,aeronave_requerida,cantidad_promedio,tripulante_requerido) VALUES (362,8,2,23887,23,7,'AV914',236,95);
INSERT INTO Rutas (id_ruta,id_aeropuerto_origen,id_aeropuerto_destino,distancia_kilometro,numero_vuelo,frecuencia_semanal,aeronave_requerida,cantidad_promedio,tripulante_requerido) VALUES (363,3,2,22670,68,8,'AV726',248,42);
INSERT INTO Rutas (id_ruta,id_aeropuerto_origen,id_aeropuerto_destino,distancia_kilometro,numero_vuelo,frecuencia_semanal,aeronave_requerida,cantidad_promedio,tripulante_requerido) VALUES (364,6,9,21537,58,7,'AV303',66,57);
INSERT INTO Rutas (id_ruta,id_aeropuerto_origen,id_aeropuerto_destino,distancia_kilometro,numero_vuelo,frecuencia_semanal,aeronave_requerida,cantidad_promedio,tripulante_requerido) VALUES (365,3,3,11088,82,3,'AV550',229,23);
INSERT INTO Rutas (id_ruta,id_aeropuerto_origen,id_aeropuerto_destino,distancia_kilometro,numero_vuelo,frecuencia_semanal,aeronave_requerida,cantidad_promedio,tripulante_requerido) VALUES (366,6,4,16018,96,1,'AV292',282,73);
INSERT INTO Rutas (id_ruta,id_aeropuerto_origen,id_aeropuerto_destino,distancia_kilometro,numero_vuelo,frecuencia_semanal,aeronave_requerida,cantidad_promedio,tripulante_requerido) VALUES (367,8,3,9137,20,8,'AV602',117,51);
INSERT INTO Rutas (id_ruta,id_aeropuerto_origen,id_aeropuerto_destino,distancia_kilometro,numero_vuelo,frecuencia_semanal,aeronave_requerida,cantidad_promedio,tripulante_requerido) VALUES (368,7,6,29193,24,6,'AV493',226,87);
INSERT INTO Rutas (id_ruta,id_aeropuerto_origen,id_aeropuerto_destino,distancia_kilometro,numero_vuelo,frecuencia_semanal,aeronave_requerida,cantidad_promedio,tripulante_requerido) VALUES (369,8,6,7858,1,1,'AV057',76,49);
INSERT INTO Rutas (id_ruta,id_aeropuerto_origen,id_aeropuerto_destino,distancia_kilometro,numero_vuelo,frecuencia_semanal,aeronave_requerida,cantidad_promedio,tripulante_requerido) VALUES (370,9,8,4380,59,3,'AV062',235,64);
INSERT INTO Rutas (id_ruta,id_aeropuerto_origen,id_aeropuerto_destino,distancia_kilometro,numero_vuelo,frecuencia_semanal,aeronave_requerida,cantidad_promedio,tripulante_requerido) VALUES (371,7,5,27668,72,2,'AV452',72,3);
INSERT INTO Rutas (id_ruta,id_aeropuerto_origen,id_aeropuerto_destino,distancia_kilometro,numero_vuelo,frecuencia_semanal,aeronave_requerida,cantidad_promedio,tripulante_requerido) VALUES (372,1,7,28006,100,1,'AV173',90,88);
INSERT INTO Rutas (id_ruta,id_aeropuerto_origen,id_aeropuerto_destino,distancia_kilometro,numero_vuelo,frecuencia_semanal,aeronave_requerida,cantidad_promedio,tripulante_requerido) VALUES (373,1,1,27657,73,3,'AV001',77,64);
INSERT INTO Rutas (id_ruta,id_aeropuerto_origen,id_aeropuerto_destino,distancia_kilometro,numero_vuelo,frecuencia_semanal,aeronave_requerida,cantidad_promedio,tripulante_requerido) VALUES (374,2,9,20568,14,2,'AV109',127,18);
INSERT INTO Rutas (id_ruta,id_aeropuerto_origen,id_aeropuerto_destino,distancia_kilometro,numero_vuelo,frecuencia_semanal,aeronave_requerida,cantidad_promedio,tripulante_requerido) VALUES (375,7,9,18614,85,1,'AV929',126,9);
INSERT INTO Rutas (id_ruta,id_aeropuerto_origen,id_aeropuerto_destino,distancia_kilometro,numero_vuelo,frecuencia_semanal,aeronave_requerida,cantidad_promedio,tripulante_requerido) VALUES (376,1,4,21045,93,8,'AV662',276,67);
INSERT INTO Rutas (id_ruta,id_aeropuerto_origen,id_aeropuerto_destino,distancia_kilometro,numero_vuelo,frecuencia_semanal,aeronave_requerida,cantidad_promedio,tripulante_requerido) VALUES (377,7,2,27520,66,5,'AV878',188,38);
INSERT INTO Rutas (id_ruta,id_aeropuerto_origen,id_aeropuerto_destino,distancia_kilometro,numero_vuelo,frecuencia_semanal,aeronave_requerida,cantidad_promedio,tripulante_requerido) VALUES (378,9,8,13942,35,1,'AV502',233,6);
INSERT INTO Rutas (id_ruta,id_aeropuerto_origen,id_aeropuerto_destino,distancia_kilometro,numero_vuelo,frecuencia_semanal,aeronave_requerida,cantidad_promedio,tripulante_requerido) VALUES (379,4,7,17939,22,1,'AV205',60,80);
INSERT INTO Rutas (id_ruta,id_aeropuerto_origen,id_aeropuerto_destino,distancia_kilometro,numero_vuelo,frecuencia_semanal,aeronave_requerida,cantidad_promedio,tripulante_requerido) VALUES (380,6,7,29517,11,4,'AV024',263,38);
INSERT INTO Rutas (id_ruta,id_aeropuerto_origen,id_aeropuerto_destino,distancia_kilometro,numero_vuelo,frecuencia_semanal,aeronave_requerida,cantidad_promedio,tripulante_requerido) VALUES (381,6,2,11198,50,7,'AV808',288,1);
INSERT INTO Rutas (id_ruta,id_aeropuerto_origen,id_aeropuerto_destino,distancia_kilometro,numero_vuelo,frecuencia_semanal,aeronave_requerida,cantidad_promedio,tripulante_requerido) VALUES (382,7,1,17392,91,8,'AV157',289,97);
INSERT INTO Rutas (id_ruta,id_aeropuerto_origen,id_aeropuerto_destino,distancia_kilometro,numero_vuelo,frecuencia_semanal,aeronave_requerida,cantidad_promedio,tripulante_requerido) VALUES (383,9,4,15990,81,7,'AV755',247,64);
INSERT INTO Rutas (id_ruta,id_aeropuerto_origen,id_aeropuerto_destino,distancia_kilometro,numero_vuelo,frecuencia_semanal,aeronave_requerida,cantidad_promedio,tripulante_requerido) VALUES (384,1,6,825,74,7,'AV810',258,73);
INSERT INTO Rutas (id_ruta,id_aeropuerto_origen,id_aeropuerto_destino,distancia_kilometro,numero_vuelo,frecuencia_semanal,aeronave_requerida,cantidad_promedio,tripulante_requerido) VALUES (385,8,1,6143,2,2,'AV019',224,49);
INSERT INTO Rutas (id_ruta,id_aeropuerto_origen,id_aeropuerto_destino,distancia_kilometro,numero_vuelo,frecuencia_semanal,aeronave_requerida,cantidad_promedio,tripulante_requerido) VALUES (386,7,6,17754,67,8,'AV194',222,82);
INSERT INTO Rutas (id_ruta,id_aeropuerto_origen,id_aeropuerto_destino,distancia_kilometro,numero_vuelo,frecuencia_semanal,aeronave_requerida,cantidad_promedio,tripulante_requerido) VALUES (387,8,3,23991,84,4,'AV340',113,63);
INSERT INTO Rutas (id_ruta,id_aeropuerto_origen,id_aeropuerto_destino,distancia_kilometro,numero_vuelo,frecuencia_semanal,aeronave_requerida,cantidad_promedio,tripulante_requerido) VALUES (388,4,4,29384,84,4,'AV380',274,97);
INSERT INTO Rutas (id_ruta,id_aeropuerto_origen,id_aeropuerto_destino,distancia_kilometro,numero_vuelo,frecuencia_semanal,aeronave_requerida,cantidad_promedio,tripulante_requerido) VALUES (389,9,6,18704,83,6,'AV683',216,62);
INSERT INTO Rutas (id_ruta,id_aeropuerto_origen,id_aeropuerto_destino,distancia_kilometro,numero_vuelo,frecuencia_semanal,aeronave_requerida,cantidad_promedio,tripulante_requerido) VALUES (390,8,9,5035,88,7,'AV557',177,83);
INSERT INTO Rutas (id_ruta,id_aeropuerto_origen,id_aeropuerto_destino,distancia_kilometro,numero_vuelo,frecuencia_semanal,aeronave_requerida,cantidad_promedio,tripulante_requerido) VALUES (391,2,3,25283,79,7,'AV944',68,82);
INSERT INTO Rutas (id_ruta,id_aeropuerto_origen,id_aeropuerto_destino,distancia_kilometro,numero_vuelo,frecuencia_semanal,aeronave_requerida,cantidad_promedio,tripulante_requerido) VALUES (392,3,1,1338,27,8,'AV095',65,19);
INSERT INTO Rutas (id_ruta,id_aeropuerto_origen,id_aeropuerto_destino,distancia_kilometro,numero_vuelo,frecuencia_semanal,aeronave_requerida,cantidad_promedio,tripulante_requerido) VALUES (393,4,6,8447,24,5,'AV498',88,61);
INSERT INTO Rutas (id_ruta,id_aeropuerto_origen,id_aeropuerto_destino,distancia_kilometro,numero_vuelo,frecuencia_semanal,aeronave_requerida,cantidad_promedio,tripulante_requerido) VALUES (394,2,6,23848,32,1,'AV078',269,70);
INSERT INTO Rutas (id_ruta,id_aeropuerto_origen,id_aeropuerto_destino,distancia_kilometro,numero_vuelo,frecuencia_semanal,aeronave_requerida,cantidad_promedio,tripulante_requerido) VALUES (395,8,9,21744,63,7,'AV571',103,67);
INSERT INTO Rutas (id_ruta,id_aeropuerto_origen,id_aeropuerto_destino,distancia_kilometro,numero_vuelo,frecuencia_semanal,aeronave_requerida,cantidad_promedio,tripulante_requerido) VALUES (396,6,2,17400,27,2,'AV432',118,56);
INSERT INTO Rutas (id_ruta,id_aeropuerto_origen,id_aeropuerto_destino,distancia_kilometro,numero_vuelo,frecuencia_semanal,aeronave_requerida,cantidad_promedio,tripulante_requerido) VALUES (397,4,9,600,87,2,'AV285',104,2);
INSERT INTO Rutas (id_ruta,id_aeropuerto_origen,id_aeropuerto_destino,distancia_kilometro,numero_vuelo,frecuencia_semanal,aeronave_requerida,cantidad_promedio,tripulante_requerido) VALUES (398,2,5,23413,10,8,'AV852',280,79);
INSERT INTO Rutas (id_ruta,id_aeropuerto_origen,id_aeropuerto_destino,distancia_kilometro,numero_vuelo,frecuencia_semanal,aeronave_requerida,cantidad_promedio,tripulante_requerido) VALUES (399,5,7,8595,50,7,'AV475',172,54);

--- insert aviones

INSERT INTO aviones (id_avion,registration,serial_number,age,aircraft_type,bussiness_seats,economy_seats) VALUES (inc_id3.NextVal,'N764AV','7887','Airbus A320-251N','Brand new',12,138);
INSERT INTO aviones (id_avion,registration,serial_number,age,aircraft_type,bussiness_seats,economy_seats) VALUES (inc_id3.NextVal,'N765AV','7928','Airbus A320-251N','Brand new',12,138);
INSERT INTO aviones (id_avion,registration,serial_number,age,aircraft_type,bussiness_seats,economy_seats) VALUES (inc_id3.NextVal,'N766AV','8096','Airbus A320-251N','Brand new',12,138);
INSERT INTO aviones (id_avion,registration,serial_number,age,aircraft_type,bussiness_seats,economy_seats) VALUES (inc_id3.NextVal,'PR-OBD','7175','Airbus A320-251N','1 year',12,138);
INSERT INTO aviones (id_avion,registration,serial_number,age,aircraft_type,bussiness_seats,economy_seats) VALUES (inc_id3.NextVal,'PR-OBF','7323','Airbus A320-251N','1 year',12,138);
INSERT INTO aviones (id_avion,registration,serial_number,age,aircraft_type,bussiness_seats,economy_seats) VALUES (inc_id3.NextVal,'PR-OBH','7484','Airbus A320-251N','1 year',12,138);
INSERT INTO aviones (id_avion,registration,serial_number,age,aircraft_type,bussiness_seats,economy_seats) VALUES (inc_id3.NextVal,'PR-OBI','7514','Airbus A320-251N','1 year',12,138);
INSERT INTO aviones (id_avion,registration,serial_number,age,aircraft_type,bussiness_seats,economy_seats) VALUES (inc_id3.NextVal,'PR-OBJ','7698','Airbus A320-251N','Brand new',12,138);
INSERT INTO aviones (id_avion,registration,serial_number,age,aircraft_type,bussiness_seats,economy_seats) VALUES (inc_id3.NextVal,'PR-OBK','7799','Airbus A320-251N','Brand new',12,138);
INSERT INTO aviones (id_avion,registration,serial_number,age,aircraft_type,bussiness_seats,economy_seats) VALUES (inc_id3.NextVal,'PR-OBL','7854','Airbus A320-251N','Brand new',12,138);
INSERT INTO aviones (id_avion,registration,serial_number,age,aircraft_type,bussiness_seats,economy_seats) VALUES (inc_id3.NextVal,'PR-OBM','7856','Airbus A320-251N','Brand new',12,138);
INSERT INTO aviones (id_avion,registration,serial_number,age,aircraft_type,bussiness_seats,economy_seats) VALUES (inc_id3.NextVal,'PR-OBO','7995','Airbus A320-251N','Brand new',12,138);
INSERT INTO aviones (id_avion,registration,serial_number,age,aircraft_type,bussiness_seats,economy_seats) VALUES (inc_id3.NextVal,'N759AV','7770','Airbus A321-253N','Brand new',12,182);
INSERT INTO aviones (id_avion,registration,serial_number,age,aircraft_type,bussiness_seats,economy_seats) VALUES (inc_id3.NextVal,'N761AV','7847','Airbus A321-253N','Brand new',12,182);
INSERT INTO aviones (id_avion,registration,serial_number,age,aircraft_type,bussiness_seats,economy_seats) VALUES (inc_id3.NextVal,'N589AV','2575','12 years','Airbus A318-111',12,88);
INSERT INTO aviones (id_avion,registration,serial_number,age,aircraft_type,bussiness_seats,economy_seats) VALUES (inc_id3.NextVal,'N590EL','2328','13 years','Airbus A318-111',12,88);
INSERT INTO aviones (id_avion,registration,serial_number,age,aircraft_type,bussiness_seats,economy_seats) VALUES (inc_id3.NextVal,'N591EL','2333','13 years','Airbus A318-111',12,88);
INSERT INTO aviones (id_avion,registration,serial_number,age,aircraft_type,bussiness_seats,economy_seats) VALUES (inc_id3.NextVal,'N592EL','2358','13 years','Airbus A318-111',12,88);
INSERT INTO aviones (id_avion,registration,serial_number,age,aircraft_type,bussiness_seats,economy_seats) VALUES (inc_id3.NextVal,'N593EL','2367','13 years','Airbus A318-111',12,88);
INSERT INTO aviones (id_avion,registration,serial_number,age,aircraft_type,bussiness_seats,economy_seats) VALUES (inc_id3.NextVal,'N594EL','2377','13 years','Airbus A318-111',12,88);
INSERT INTO aviones (id_avion,registration,serial_number,age,aircraft_type,bussiness_seats,economy_seats) VALUES (inc_id3.NextVal,'N595EL','2394','13 years','Airbus A318-111',12,88);
INSERT INTO aviones (id_avion,registration,serial_number,age,aircraft_type,bussiness_seats,economy_seats) VALUES (inc_id3.NextVal,'N596EL','2523','12 years','Airbus A318-111',12,88);
INSERT INTO aviones (id_avion,registration,serial_number,age,aircraft_type,bussiness_seats,economy_seats) VALUES (inc_id3.NextVal,'N597EL','2544','12 years','Airbus A318-111',12,88);
INSERT INTO aviones (id_avion,registration,serial_number,age,aircraft_type,bussiness_seats,economy_seats) VALUES (inc_id3.NextVal,'N598EL','2552','12 years','Airbus A318-111',12,88);
INSERT INTO aviones (id_avion,registration,serial_number,age,aircraft_type,bussiness_seats,economy_seats) VALUES (inc_id3.NextVal,'PR-AVJ','3030','10 years','Airbus A318-122',12,88);
INSERT INTO aviones (id_avion,registration,serial_number,age,aircraft_type,bussiness_seats,economy_seats) VALUES (inc_id3.NextVal,'PR-AVL','3214','10 years','Airbus A318-122',12,88);
INSERT INTO aviones (id_avion,registration,serial_number,age,aircraft_type,bussiness_seats,economy_seats) VALUES (inc_id3.NextVal,'PR-ONC','3371','10 years','Airbus A318-122',12,88);
INSERT INTO aviones (id_avion,registration,serial_number,age,aircraft_type,bussiness_seats,economy_seats) VALUES (inc_id3.NextVal,'PR-OND','3390','10 years','Airbus A318-122',12,88);
INSERT INTO aviones (id_avion,registration,serial_number,age,aircraft_type,bussiness_seats,economy_seats) VALUES (inc_id3.NextVal,'PR-ONI','3509','9 years','Airbus A318-122',12,88);
INSERT INTO aviones (id_avion,registration,serial_number,age,aircraft_type,bussiness_seats,economy_seats) VALUES (inc_id3.NextVal,'PR-ONO','3602','9 years','Airbus A318-122',12,88);
INSERT INTO aviones (id_avion,registration,serial_number,age,aircraft_type,bussiness_seats,economy_seats) VALUES (inc_id3.NextVal,'PR-ONR','3642','9 years','Airbus A318-122',12,88);
INSERT INTO aviones (id_avion,registration,serial_number,age,aircraft_type,bussiness_seats,economy_seats) VALUES (inc_id3.NextVal,'HC-CKN','1882','15 years','Airbus A319-112',12,108);
INSERT INTO aviones (id_avion,registration,serial_number,age,aircraft_type,bussiness_seats,economy_seats) VALUES (inc_id3.NextVal,'HC-CLF','2078','14 years','Airbus A319-112',12,108);
INSERT INTO aviones (id_avion,registration,serial_number,age,aircraft_type,bussiness_seats,economy_seats) VALUES (inc_id3.NextVal,'HC-CSA','3518','9 years','Airbus A319-115',12,108);
INSERT INTO aviones (id_avion,registration,serial_number,age,aircraft_type,bussiness_seats,economy_seats) VALUES (inc_id3.NextVal,'HC-CSB','3467','9 years','Airbus A319-115',12,108);
INSERT INTO aviones (id_avion,registration,serial_number,age,aircraft_type,bussiness_seats,economy_seats) VALUES (inc_id3.NextVal,'N422AV','4200','8 years','Airbus A319-115',12,108);
INSERT INTO aviones (id_avion,registration,serial_number,age,aircraft_type,bussiness_seats,economy_seats) VALUES (inc_id3.NextVal,'N478TA','2339','13 years','Airbus A319-132',12,108);
INSERT INTO aviones (id_avion,registration,serial_number,age,aircraft_type,bussiness_seats,economy_seats) VALUES (inc_id3.NextVal,'N479TA','2444','12 years','Airbus A319-132',12,108);
INSERT INTO aviones (id_avion,registration,serial_number,age,aircraft_type,bussiness_seats,economy_seats) VALUES (inc_id3.NextVal,'N480TA','3057','11 years','Airbus A319-132',12,108);
INSERT INTO aviones (id_avion,registration,serial_number,age,aircraft_type,bussiness_seats,economy_seats) VALUES (inc_id3.NextVal,'N519AV','5119','5 years','Airbus A319-115',12,108);
INSERT INTO aviones (id_avion,registration,serial_number,age,aircraft_type,bussiness_seats,economy_seats) VALUES (inc_id3.NextVal,'N520TA','3248','10 years','Airbus A319-132',12,108);
INSERT INTO aviones (id_avion,registration,serial_number,age,aircraft_type,bussiness_seats,economy_seats) VALUES (inc_id3.NextVal,'N521TA','3276','10 years','Airbus A319-132',12,108);
INSERT INTO aviones (id_avion,registration,serial_number,age,aircraft_type,bussiness_seats,economy_seats) VALUES (inc_id3.NextVal,'N522TA','5219','5 years','Airbus A319-132',12,108);
INSERT INTO aviones (id_avion,registration,serial_number,age,aircraft_type,bussiness_seats,economy_seats) VALUES (inc_id3.NextVal,'N524TA','5280','5 years','Airbus A319-112',12,108);
INSERT INTO aviones (id_avion,registration,serial_number,age,aircraft_type,bussiness_seats,economy_seats) VALUES (inc_id3.NextVal,'N557AV','5057','6 years','Airbus A319-115',12,108);
INSERT INTO aviones (id_avion,registration,serial_number,age,aircraft_type,bussiness_seats,economy_seats) VALUES (inc_id3.NextVal,'N647AV','3647','9 years','Airbus A319-115',12,108);
INSERT INTO aviones (id_avion,registration,serial_number,age,aircraft_type,bussiness_seats,economy_seats) VALUES (inc_id3.NextVal,'N690AV','5944','4 years','Airbus A319-132',12,108);
INSERT INTO aviones (id_avion,registration,serial_number,age,aircraft_type,bussiness_seats,economy_seats) VALUES (inc_id3.NextVal,'N691AV','3691','9 years','Airbus A319-115',12,108);
INSERT INTO aviones (id_avion,registration,serial_number,age,aircraft_type,bussiness_seats,economy_seats) VALUES (inc_id3.NextVal,'N694AV','6068','3 years','Airbus A319-132',12,108);
INSERT INTO aviones (id_avion,registration,serial_number,age,aircraft_type,bussiness_seats,economy_seats) VALUES (inc_id3.NextVal,'N695AV','6099','3 years','Airbus A319-132',12,108);
INSERT INTO aviones (id_avion,registration,serial_number,age,aircraft_type,bussiness_seats,economy_seats) VALUES (inc_id3.NextVal,'N703AV','5406','5 years','Airbus A319-132',12,108);
INSERT INTO aviones (id_avion,registration,serial_number,age,aircraft_type,bussiness_seats,economy_seats) VALUES (inc_id3.NextVal,'N723AV','6167','3 years','Airbus A319-115',12,108);
INSERT INTO aviones (id_avion,registration,serial_number,age,aircraft_type,bussiness_seats,economy_seats) VALUES (inc_id3.NextVal,'N726AV','6174','3 years','Airbus A319-115',12,108);
INSERT INTO aviones (id_avion,registration,serial_number,age,aircraft_type,bussiness_seats,economy_seats) VALUES (inc_id3.NextVal,'N730AV','6132','3 years','Airbus A319-132',12,108);
INSERT INTO aviones (id_avion,registration,serial_number,age,aircraft_type,bussiness_seats,economy_seats) VALUES (inc_id3.NextVal,'N741AV','6617','2 years','Airbus A319-115',12,108);
INSERT INTO aviones (id_avion,registration,serial_number,age,aircraft_type,bussiness_seats,economy_seats) VALUES (inc_id3.NextVal,'N751AV','7284','1 year','Airbus A319-115',12,108);
INSERT INTO aviones (id_avion,registration,serial_number,age,aircraft_type,bussiness_seats,economy_seats) VALUES (inc_id3.NextVal,'N753AV','7318','1 year','Airbus A319-115',12,108);
INSERT INTO aviones (id_avion,registration,serial_number,age,aircraft_type,bussiness_seats,economy_seats) VALUES (inc_id3.NextVal,'PR-AVB','4222','8 years','Airbus A319-115',12,108);
INSERT INTO aviones (id_avion,registration,serial_number,age,aircraft_type,bussiness_seats,economy_seats) VALUES (inc_id3.NextVal,'PR-AVC','4287','7 years','Airbus A319-115',12,108);
INSERT INTO aviones (id_avion,registration,serial_number,age,aircraft_type,bussiness_seats,economy_seats) VALUES (inc_id3.NextVal,'PR-AVD','4336','7 years','Airbus A319-115',12,108);
INSERT INTO aviones (id_avion,registration,serial_number,age,aircraft_type,bussiness_seats,economy_seats) VALUES (inc_id3.NextVal,'PR-ONJ','5193','5 years','Airbus A319-115',12,108);
INSERT INTO aviones (id_avion,registration,serial_number,age,aircraft_type,bussiness_seats,economy_seats) VALUES (inc_id3.NextVal,'HC-CJM','4379','7 years','Airbus A320-214',12,138);
INSERT INTO aviones (id_avion,registration,serial_number,age,aircraft_type,bussiness_seats,economy_seats) VALUES (inc_id3.NextVal,'HC-CJV','4547','7 years','Airbus A320-214',12,138);
INSERT INTO aviones (id_avion,registration,serial_number,age,aircraft_type,bussiness_seats,economy_seats) VALUES (inc_id3.NextVal,'HC-CJW','4487','7 years','Airbus A320-214',12,138);
INSERT INTO aviones (id_avion,registration,serial_number,age,aircraft_type,bussiness_seats,economy_seats) VALUES (inc_id3.NextVal,'HC-CRU','3408','10 years','Airbus A320-214',12,138);
INSERT INTO aviones (id_avion,registration,serial_number,age,aircraft_type,bussiness_seats,economy_seats) VALUES (inc_id3.NextVal,'HC-CSF','4100','8 years','Airbus A320-214',12,138);
INSERT INTO aviones (id_avion,registration,serial_number,age,aircraft_type,bussiness_seats,economy_seats) VALUES (inc_id3.NextVal,'HC-CTR','4599','7 years','Airbus A320-214',12,138);
INSERT INTO aviones (id_avion,registration,serial_number,age,aircraft_type,bussiness_seats,economy_seats) VALUES (inc_id3.NextVal,'N195AV','5195','5 years','Airbus A320-214',12,138);
INSERT INTO aviones (id_avion,registration,serial_number,age,aircraft_type,bussiness_seats,economy_seats) VALUES (inc_id3.NextVal,'N281AV','4281','7 years','Airbus A320-214',12,138);
INSERT INTO aviones (id_avion,registration,serial_number,age,aircraft_type,bussiness_seats,economy_seats) VALUES (inc_id3.NextVal,'N284AV','4284','7 years','Airbus A320-214',12,138);
INSERT INTO aviones (id_avion,registration,serial_number,age,aircraft_type,bussiness_seats,economy_seats) VALUES (inc_id3.NextVal,'N345AV','4345','7 years','Airbus A320-214',12,138);
INSERT INTO aviones (id_avion,registration,serial_number,age,aircraft_type,bussiness_seats,economy_seats) VALUES (inc_id3.NextVal,'N398AV','3988','8 years','Airbus A320-214',12,138);
INSERT INTO aviones (id_avion,registration,serial_number,age,aircraft_type,bussiness_seats,economy_seats) VALUES (inc_id3.NextVal,'N401AV','4001','8 years','Airbus A320-214',12,138);
INSERT INTO aviones (id_avion,registration,serial_number,age,aircraft_type,bussiness_seats,economy_seats) VALUES (inc_id3.NextVal,'N411AV','4011','8 years','Airbus A320-214',12,138);
INSERT INTO aviones (id_avion,registration,serial_number,age,aircraft_type,bussiness_seats,economy_seats) VALUES (inc_id3.NextVal,'N416AV','4167','8 years','Airbus A320-214',12,138);
INSERT INTO aviones (id_avion,registration,serial_number,age,aircraft_type,bussiness_seats,economy_seats) VALUES (inc_id3.NextVal,'N426AV','4026','8 years','Airbus A320-214',12,138);
INSERT INTO aviones (id_avion,registration,serial_number,age,aircraft_type,bussiness_seats,economy_seats) VALUES (inc_id3.NextVal,'N446AV','4046','8 years','Airbus A320-214',12,138);
INSERT INTO aviones (id_avion,registration,serial_number,age,aircraft_type,bussiness_seats,economy_seats) VALUES (inc_id3.NextVal,'N451AV','4051','8 years','Airbus A320-214',12,138);
INSERT INTO aviones (id_avion,registration,serial_number,age,aircraft_type,bussiness_seats,economy_seats) VALUES (inc_id3.NextVal,'N454AV','5454','5 years','Airbus A320-214',12,138);
INSERT INTO aviones (id_avion,registration,serial_number,age,aircraft_type,bussiness_seats,economy_seats) VALUES (inc_id3.NextVal,'N477AV','5477','5 years','Airbus A320-214',12,138);
INSERT INTO aviones (id_avion,registration,serial_number,age,aircraft_type,bussiness_seats,economy_seats) VALUES (inc_id3.NextVal,'N481AV','4381','7 years','Airbus A320-214',12,138);
INSERT INTO aviones (id_avion,registration,serial_number,age,aircraft_type,bussiness_seats,economy_seats) VALUES (inc_id3.NextVal,'N490TA','2282','13 years','Airbus A320-233',12,138);
INSERT INTO aviones (id_avion,registration,serial_number,age,aircraft_type,bussiness_seats,economy_seats) VALUES (inc_id3.NextVal,'N491TA','2301','13 years','Airbus A320-233',12,138);
INSERT INTO aviones (id_avion,registration,serial_number,age,aircraft_type,bussiness_seats,economy_seats) VALUES (inc_id3.NextVal,'N492TA','2434','12 years','Airbus A320-233',12,138);
INSERT INTO aviones (id_avion,registration,serial_number,age,aircraft_type,bussiness_seats,economy_seats) VALUES (inc_id3.NextVal,'N493TA','2917','11 years','Airbus A320-233',12,138);
INSERT INTO aviones (id_avion,registration,serial_number,age,aircraft_type,bussiness_seats,economy_seats) VALUES (inc_id3.NextVal,'N494TA','3042','11 years','Airbus A320-233',12,138);
INSERT INTO aviones (id_avion,registration,serial_number,age,aircraft_type,bussiness_seats,economy_seats) VALUES (inc_id3.NextVal,'N495TA','3103','10 years','Airbus A320-233',12,138);
INSERT INTO aviones (id_avion,registration,serial_number,age,aircraft_type,bussiness_seats,economy_seats) VALUES (inc_id3.NextVal,'N496TA','3113','10 years','Airbus A320-233',12,138);
INSERT INTO aviones (id_avion,registration,serial_number,age,aircraft_type,bussiness_seats,economy_seats) VALUES (inc_id3.NextVal,'N497TA','3378','10 years','Airbus A320-233',12,138);
INSERT INTO aviones (id_avion,registration,serial_number,age,aircraft_type,bussiness_seats,economy_seats) VALUES (inc_id3.NextVal,'N498TA','3418','10 years','Airbus A320-233',12,138);
INSERT INTO aviones (id_avion,registration,serial_number,age,aircraft_type,bussiness_seats,economy_seats) VALUES (inc_id3.NextVal,'N499TA','3510','9 years','Airbus A320-233',12,138);
INSERT INTO aviones (id_avion,registration,serial_number,age,aircraft_type,bussiness_seats,economy_seats) VALUES (inc_id3.NextVal,'N536AV','5360','5 years','Airbus A320-214',12,138);
INSERT INTO aviones (id_avion,registration,serial_number,age,aircraft_type,bussiness_seats,economy_seats) VALUES (inc_id3.NextVal,'N538AV','5398','5 years','Airbus A320-214',12,138);
INSERT INTO aviones (id_avion,registration,serial_number,age,aircraft_type,bussiness_seats,economy_seats) VALUES (inc_id3.NextVal,'N562AV','5622','4 years','Airbus A320-214',12,138);
INSERT INTO aviones (id_avion,registration,serial_number,age,aircraft_type,bussiness_seats,economy_seats) VALUES (inc_id3.NextVal,'N567AV','4567','7 years','Airbus A320-214',12,138);
INSERT INTO aviones (id_avion,registration,serial_number,age,aircraft_type,bussiness_seats,economy_seats) VALUES (inc_id3.NextVal,'N603AV','5840','4 years','Airbus A320-233',12,138);
INSERT INTO aviones (id_avion,registration,serial_number,age,aircraft_type,bussiness_seats,economy_seats) VALUES (inc_id3.NextVal,'N632AV','5632','4 years','Airbus A320-214',12,138);
INSERT INTO aviones (id_avion,registration,serial_number,age,aircraft_type,bussiness_seats,economy_seats) VALUES (inc_id3.NextVal,'N664AV','3664','9 years','Airbus A320-214',12,138);
INSERT INTO aviones (id_avion,registration,serial_number,age,aircraft_type,bussiness_seats,economy_seats) VALUES (inc_id3.NextVal,'N680TA','3538','9 years','Airbus A320-233',12,138);
INSERT INTO aviones (id_avion,registration,serial_number,age,aircraft_type,bussiness_seats,economy_seats) VALUES (inc_id3.NextVal,'N683TA','4906','6 years','Airbus A320-233',12,138);
INSERT INTO aviones (id_avion,registration,serial_number,age,aircraft_type,bussiness_seats,economy_seats) VALUES (inc_id3.NextVal,'N684TA','4944','6 years','Airbus A320-233',12,138);
INSERT INTO aviones (id_avion,registration,serial_number,age,aircraft_type,bussiness_seats,economy_seats) VALUES (inc_id3.NextVal,'N685TA','5068','6 years','Airbus A320-233',12,138);
INSERT INTO aviones (id_avion,registration,serial_number,age,aircraft_type,bussiness_seats,economy_seats) VALUES (inc_id3.NextVal,'N686TA','5238','5 years','Airbus A320-214',12,138);
INSERT INTO aviones (id_avion,registration,serial_number,age,aircraft_type,bussiness_seats,economy_seats) VALUES (inc_id3.NextVal,'N687TA','1334','17 years','Airbus A320-233',12,138);
INSERT INTO aviones (id_avion,registration,serial_number,age,aircraft_type,bussiness_seats,economy_seats) VALUES (inc_id3.NextVal,'N688TA','5243','5 years','Airbus A320-214',12,138);
INSERT INTO aviones (id_avion,registration,serial_number,age,aircraft_type,bussiness_seats,economy_seats) VALUES (inc_id3.NextVal,'N689TA','5333','5 years','Airbus A320-214',12,138);
INSERT INTO aviones (id_avion,registration,serial_number,age,aircraft_type,bussiness_seats,economy_seats) VALUES (inc_id3.NextVal,'N724AV','6153','3 years','Airbus A320-214',12,138);
INSERT INTO aviones (id_avion,registration,serial_number,age,aircraft_type,bussiness_seats,economy_seats) VALUES (inc_id3.NextVal,'N728AV','6209','3 years','Airbus A320-214',12,138);
INSERT INTO aviones (id_avion,registration,serial_number,age,aircraft_type,bussiness_seats,economy_seats) VALUES (inc_id3.NextVal,'N740AV','6411','3 years','Airbus A320-214',12,138);
INSERT INTO aviones (id_avion,registration,serial_number,age,aircraft_type,bussiness_seats,economy_seats) VALUES (inc_id3.NextVal,'N742AV','6692','2 years','Airbus A320-214',12,138);
INSERT INTO aviones (id_avion,registration,serial_number,age,aircraft_type,bussiness_seats,economy_seats) VALUES (inc_id3.NextVal,'N743AV','6739','2 years','Airbus A320-214',12,138);
INSERT INTO aviones (id_avion,registration,serial_number,age,aircraft_type,bussiness_seats,economy_seats) VALUES (inc_id3.NextVal,'N745AV','6746','2 years','Airbus A320-214',12,138);
INSERT INTO aviones (id_avion,registration,serial_number,age,aircraft_type,bussiness_seats,economy_seats) VALUES (inc_id3.NextVal,'N748AV','6862','2 years','Airbus A320-214',12,138);
INSERT INTO aviones (id_avion,registration,serial_number,age,aircraft_type,bussiness_seats,economy_seats) VALUES (inc_id3.NextVal,'N750AV','7120','1 year','Airbus A320-214',12,138);
INSERT INTO aviones (id_avion,registration,serial_number,age,aircraft_type,bussiness_seats,economy_seats) VALUES (inc_id3.NextVal,'N755AV','7437','1 year','Airbus A320-214',12,138);
INSERT INTO aviones (id_avion,registration,serial_number,age,aircraft_type,bussiness_seats,economy_seats) VALUES (inc_id3.NextVal,'N763AV','4763','6 years','Airbus A320-214',12,138);
INSERT INTO aviones (id_avion,registration,serial_number,age,aircraft_type,bussiness_seats,economy_seats) VALUES (inc_id3.NextVal,'N789AV','4789','6 years','Airbus A320-214',12,138);
INSERT INTO aviones (id_avion,registration,serial_number,age,aircraft_type,bussiness_seats,economy_seats) VALUES (inc_id3.NextVal,'N821AV','4821','6 years','Airbus A320-214',12,138);
INSERT INTO aviones (id_avion,registration,serial_number,age,aircraft_type,bussiness_seats,economy_seats) VALUES (inc_id3.NextVal,'N862AV','4862','6 years','Airbus A320-214',12,138);
INSERT INTO aviones (id_avion,registration,serial_number,age,aircraft_type,bussiness_seats,economy_seats) VALUES (inc_id3.NextVal,'N939AV','4939','6 years','Airbus A320-214',12,138);
INSERT INTO aviones (id_avion,registration,serial_number,age,aircraft_type,bussiness_seats,economy_seats) VALUES (inc_id3.NextVal,'N961AV','3961','8 years','Airbus A320-214',12,138);
INSERT INTO aviones (id_avion,registration,serial_number,age,aircraft_type,bussiness_seats,economy_seats) VALUES (inc_id3.NextVal,'N980AV','3980','8 years','Airbus A320-214',12,138);
INSERT INTO aviones (id_avion,registration,serial_number,age,aircraft_type,bussiness_seats,economy_seats) VALUES (inc_id3.NextVal,'N992AV','3992','8 years','Airbus A320-214',12,138);
INSERT INTO aviones (id_avion,registration,serial_number,age,aircraft_type,bussiness_seats,economy_seats) VALUES (inc_id3.NextVal,'PR-AVP','4891','6 years','Airbus A320-214',12,138);
INSERT INTO aviones (id_avion,registration,serial_number,age,aircraft_type,bussiness_seats,economy_seats) VALUES (inc_id3.NextVal,'PR-AVQ','4913','6 years','Airbus A320-214',12,138);
INSERT INTO aviones (id_avion,registration,serial_number,age,aircraft_type,bussiness_seats,economy_seats) VALUES (inc_id3.NextVal,'PR-AVR','4941','6 years','Airbus A320-214',12,138);
INSERT INTO aviones (id_avion,registration,serial_number,age,aircraft_type,bussiness_seats,economy_seats) VALUES (inc_id3.NextVal,'PR-AVU','4942','6 years','Airbus A320-214',12,138);
INSERT INTO aviones (id_avion,registration,serial_number,age,aircraft_type,bussiness_seats,economy_seats) VALUES (inc_id3.NextVal,'PR-OBB','6876','2 years','Airbus A320-214',12,138);
INSERT INTO aviones (id_avion,registration,serial_number,age,aircraft_type,bussiness_seats,economy_seats) VALUES (inc_id3.NextVal,'PR-OCA','6125','3 years','Airbus A320-214',12,138);
INSERT INTO aviones (id_avion,registration,serial_number,age,aircraft_type,bussiness_seats,economy_seats) VALUES (inc_id3.NextVal,'PR-OCB','6139','3 years','Airbus A320-214',12,138);
INSERT INTO aviones (id_avion,registration,serial_number,age,aircraft_type,bussiness_seats,economy_seats) VALUES (inc_id3.NextVal,'PR-OCD','6173','3 years','Airbus A320-214',12,138);
INSERT INTO aviones (id_avion,registration,serial_number,age,aircraft_type,bussiness_seats,economy_seats) VALUES (inc_id3.NextVal,'PR-OCH','6528','3 years','Airbus A320-214',12,138);
INSERT INTO aviones (id_avion,registration,serial_number,age,aircraft_type,bussiness_seats,economy_seats) VALUES (inc_id3.NextVal,'PR-OCI','6536','2 years','Airbus A320-214',12,138);
INSERT INTO aviones (id_avion,registration,serial_number,age,aircraft_type,bussiness_seats,economy_seats) VALUES (inc_id3.NextVal,'PR-OCM','6561','2 years','Airbus A320-214',12,138);
INSERT INTO aviones (id_avion,registration,serial_number,age,aircraft_type,bussiness_seats,economy_seats) VALUES (inc_id3.NextVal,'PR-OCN','6598','2 years','Airbus A320-214',12,138);
INSERT INTO aviones (id_avion,registration,serial_number,age,aircraft_type,bussiness_seats,economy_seats) VALUES (inc_id3.NextVal,'PR-OCO','6634','2 years','Airbus A320-214',12,138);
INSERT INTO aviones (id_avion,registration,serial_number,age,aircraft_type,bussiness_seats,economy_seats) VALUES (inc_id3.NextVal,'PR-OCP','6651','2 years','Airbus A320-214',12,138);
INSERT INTO aviones (id_avion,registration,serial_number,age,aircraft_type,bussiness_seats,economy_seats) VALUES (inc_id3.NextVal,'PR-OCQ','6689','2 years','Airbus A320-214',12,138);
INSERT INTO aviones (id_avion,registration,serial_number,age,aircraft_type,bussiness_seats,economy_seats) VALUES (inc_id3.NextVal,'PR-OCR','1450','2 years','Airbus A320-214',12,138);
INSERT INTO aviones (id_avion,registration,serial_number,age,aircraft_type,bussiness_seats,economy_seats) VALUES (inc_id3.NextVal,'PR-OCT','6800','2 years','Airbus A320-214',12,138);
INSERT INTO aviones (id_avion,registration,serial_number,age,aircraft_type,bussiness_seats,economy_seats) VALUES (inc_id3.NextVal,'PR-OCV','6806','2 years','Airbus A320-214',12,138);
INSERT INTO aviones (id_avion,registration,serial_number,age,aircraft_type,bussiness_seats,economy_seats) VALUES (inc_id3.NextVal,'PR-OCW','6813','2 years','Airbus A320-214',12,138);
INSERT INTO aviones (id_avion,registration,serial_number,age,aircraft_type,bussiness_seats,economy_seats) VALUES (inc_id3.NextVal,'PR-OCY','6871','2 years','Airbus A320-214',12,138);
INSERT INTO aviones (id_avion,registration,serial_number,age,aircraft_type,bussiness_seats,economy_seats) VALUES (inc_id3.NextVal,'PR-ONK','5278','5 years','Airbus A320-214',12,138);
INSERT INTO aviones (id_avion,registration,serial_number,age,aircraft_type,bussiness_seats,economy_seats) VALUES (inc_id3.NextVal,'PR-ONL','5299','5 years','Airbus A320-214',12,138);
INSERT INTO aviones (id_avion,registration,serial_number,age,aircraft_type,bussiness_seats,economy_seats) VALUES (inc_id3.NextVal,'PR-ONS','5754','4 years','Airbus A320-214',12,138);
INSERT INTO aviones (id_avion,registration,serial_number,age,aircraft_type,bussiness_seats,economy_seats) VALUES (inc_id3.NextVal,'PR-ONT','5841','4 years','Airbus A320-214',12,138);
INSERT INTO aviones (id_avion,registration,serial_number,age,aircraft_type,bussiness_seats,economy_seats) VALUES (inc_id3.NextVal,'PR-ONW','6050','3 years','Airbus A320-214',12,138);
INSERT INTO aviones (id_avion,registration,serial_number,age,aircraft_type,bussiness_seats,economy_seats) VALUES (inc_id3.NextVal,'PR-ONX','6057','3 years','Airbus A320-214',12,138);
INSERT INTO aviones (id_avion,registration,serial_number,age,aircraft_type,bussiness_seats,economy_seats) VALUES (inc_id3.NextVal,'PR-ONY','6103','3 years','Airbus A320-214',12,138);
INSERT INTO aviones (id_avion,registration,serial_number,age,aircraft_type,bussiness_seats,economy_seats) VALUES (inc_id3.NextVal,'PR-ONZ','6110','3 years','Airbus A320-214',12,138);
INSERT INTO aviones (id_avion,registration,serial_number,age,aircraft_type,bussiness_seats,economy_seats) VALUES (inc_id3.NextVal,'N568TA','2687','12 years','Airbus A321-231',12,182);
INSERT INTO aviones (id_avion,registration,serial_number,age,aircraft_type,bussiness_seats,economy_seats) VALUES (inc_id3.NextVal,'N570TA','3869','8 years','Airbus A321-231',12,182);
INSERT INTO aviones (id_avion,registration,serial_number,age,aircraft_type,bussiness_seats,economy_seats) VALUES (inc_id3.NextVal,'N692AV','5936','4 years','Airbus A321-231',12,182);
INSERT INTO aviones (id_avion,registration,serial_number,age,aircraft_type,bussiness_seats,economy_seats) VALUES (inc_id3.NextVal,'N693AV','6002','4 years','Airbus A321-231',12,182);
INSERT INTO aviones (id_avion,registration,serial_number,age,aircraft_type,bussiness_seats,economy_seats) VALUES (inc_id3.NextVal,'N696AV','6128','3 years','Airbus A321-231',12,182);
INSERT INTO aviones (id_avion,registration,serial_number,age,aircraft_type,bussiness_seats,economy_seats) VALUES (inc_id3.NextVal,'N697AV','6190','3 years','Airbus A321-231',12,182);
INSERT INTO aviones (id_avion,registration,serial_number,age,aircraft_type,bussiness_seats,economy_seats) VALUES (inc_id3.NextVal,'N725AV','6219','3 years','Airbus A321-231',12,182);
INSERT INTO aviones (id_avion,registration,serial_number,age,aircraft_type,bussiness_seats,economy_seats) VALUES (inc_id3.NextVal,'N729AV','6399','3 years','Airbus A321-231',12,182);
INSERT INTO aviones (id_avion,registration,serial_number,age,aircraft_type,bussiness_seats,economy_seats) VALUES (inc_id3.NextVal,'N744AV','6767','2 years','Airbus A321-211',12,182);
INSERT INTO aviones (id_avion,registration,serial_number,age,aircraft_type,bussiness_seats,economy_seats) VALUES (inc_id3.NextVal,'N746AV','6511','2 years','Airbus A321-211',12,182);
INSERT INTO aviones (id_avion,registration,serial_number,age,aircraft_type,bussiness_seats,economy_seats) VALUES (inc_id3.NextVal,'N747AV','6861','2 years','Airbus A321-231',12,182);
INSERT INTO aviones (id_avion,registration,serial_number,age,aircraft_type,bussiness_seats,economy_seats) VALUES (inc_id3.NextVal,'N805AV','6009','4 years','Airbus A321-231',12,182);
INSERT INTO aviones (id_avion,registration,serial_number,age,aircraft_type,bussiness_seats,economy_seats) VALUES (inc_id3.NextVal,'N810AV','6294','3 years','Airbus A321-231',12,182);
INSERT INTO aviones (id_avion,registration,serial_number,age,aircraft_type,bussiness_seats,economy_seats) VALUES (inc_id3.NextVal,'N279AV','1279','6 years','Airbus A330-243',30,222);
INSERT INTO aviones (id_avion,registration,serial_number,age,aircraft_type,bussiness_seats,economy_seats) VALUES (inc_id3.NextVal,'N280AV','1400','5 years','Airbus A330-243',30,222);
INSERT INTO aviones (id_avion,registration,serial_number,age,aircraft_type,bussiness_seats,economy_seats) VALUES (inc_id3.NextVal,'N342AV','1342','5 years','Airbus A330-243',30,222);
INSERT INTO aviones (id_avion,registration,serial_number,age,aircraft_type,bussiness_seats,economy_seats) VALUES (inc_id3.NextVal,'N968AV','1009','8 years','Airbus A330-243',30,222);
INSERT INTO aviones (id_avion,registration,serial_number,age,aircraft_type,bussiness_seats,economy_seats) VALUES (inc_id3.NextVal,'N969AV','1016','8 years','Airbus A330-243',30,222);
INSERT INTO aviones (id_avion,registration,serial_number,age,aircraft_type,bussiness_seats,economy_seats) VALUES (inc_id3.NextVal,'N973AV','1073','8 years','Airbus A330-243',30,222);
INSERT INTO aviones (id_avion,registration,serial_number,age,aircraft_type,bussiness_seats,economy_seats) VALUES (inc_id3.NextVal,'N974AV','1208','7 years','Airbus A330-243',30,222);
INSERT INTO aviones (id_avion,registration,serial_number,age,aircraft_type,bussiness_seats,economy_seats) VALUES (inc_id3.NextVal,'N975AV','1224','6 years','Airbus A330-243',30,222);
INSERT INTO aviones (id_avion,registration,serial_number,age,aircraft_type,bussiness_seats,economy_seats) VALUES (inc_id3.NextVal,'PR-OCG','1608','2 years','Airbus A330-243',30,222);
INSERT INTO aviones (id_avion,registration,serial_number,age,aircraft_type,bussiness_seats,economy_seats) VALUES (inc_id3.NextVal,'PR-OCJ','1492','3 years','Airbus A330-243',30,222);
INSERT INTO aviones (id_avion,registration,serial_number,age,aircraft_type,bussiness_seats,economy_seats) VALUES (inc_id3.NextVal,'PR-OCK','1508','3 years','Airbus A330-243',30,222);
INSERT INTO aviones (id_avion,registration,serial_number,age,aircraft_type,bussiness_seats,economy_seats) VALUES (inc_id3.NextVal,'PR-OCX','1657','2 years','Airbus A330-243',30,222);
INSERT INTO aviones (id_avion,registration,serial_number,age,aircraft_type,bussiness_seats,economy_seats) VALUES (inc_id3.NextVal,'N803AV','1357','5 years','Airbus A330-343',30,222);
INSERT INTO aviones (id_avion,registration,serial_number,age,aircraft_type,bussiness_seats,economy_seats) VALUES (inc_id3.NextVal,'N804AV','1378','5 years','Airbus A330-343',30,222);
INSERT INTO aviones (id_avion,registration,serial_number,age,aircraft_type,bussiness_seats,economy_seats) VALUES (inc_id3.NextVal,'N279AV','1279','6 years','Airbus A330-243',30,222);
INSERT INTO aviones (id_avion,registration,serial_number,age,aircraft_type,bussiness_seats,economy_seats) VALUES (inc_id3.NextVal,'N280AV','1400','5 years','Airbus A330-243',30,222);
INSERT INTO aviones (id_avion,registration,serial_number,age,aircraft_type,bussiness_seats,economy_seats) VALUES (inc_id3.NextVal,'N342AV','1342','5 years','Airbus A330-243',30,222);
INSERT INTO aviones (id_avion,registration,serial_number,age,aircraft_type,bussiness_seats,economy_seats) VALUES (inc_id3.NextVal,'N968AV','1009','8 years','Airbus A330-243',30,222);
INSERT INTO aviones (id_avion,registration,serial_number,age,aircraft_type,bussiness_seats,economy_seats) VALUES (inc_id3.NextVal,'N969AV','1016','8 years','Airbus A330-243',30,222);
INSERT INTO aviones (id_avion,registration,serial_number,age,aircraft_type,bussiness_seats,economy_seats) VALUES (inc_id3.NextVal,'N973AV','1073','8 years','Airbus A330-243',30,222);
INSERT INTO aviones (id_avion,registration,serial_number,age,aircraft_type,bussiness_seats,economy_seats) VALUES (inc_id3.NextVal,'N974AV','1208','7 years','Airbus A330-243',30,222);
INSERT INTO aviones (id_avion,registration,serial_number,age,aircraft_type,bussiness_seats,economy_seats) VALUES (inc_id3.NextVal,'N975AV','1224','6 years','Airbus A330-243',30,222);
INSERT INTO aviones (id_avion,registration,serial_number,age,aircraft_type,bussiness_seats,economy_seats) VALUES (inc_id3.NextVal,'PR-OCG','1608','2 years','Airbus A330-243',30,222);
INSERT INTO aviones (id_avion,registration,serial_number,age,aircraft_type,bussiness_seats,economy_seats) VALUES (inc_id3.NextVal,'PR-OCJ','1492','3 years','Airbus A330-243',30,222);
INSERT INTO aviones (id_avion,registration,serial_number,age,aircraft_type,bussiness_seats,economy_seats) VALUES (inc_id3.NextVal,'PR-OCK','1508','3 years','Airbus A330-243',30,222);
INSERT INTO aviones (id_avion,registration,serial_number,age,aircraft_type,bussiness_seats,economy_seats) VALUES (inc_id3.NextVal,'PR-OCX','1657','2 years','Airbus A330-243',30,222);
INSERT INTO aviones (id_avion,registration,serial_number,age,aircraft_type,bussiness_seats,economy_seats) VALUES (inc_id3.NextVal,'N974AV','1208','7 years','Airbus A330-243',30,222);
INSERT INTO aviones (id_avion,registration,serial_number,age,aircraft_type,bussiness_seats,economy_seats) VALUES (inc_id3.NextVal,'N975AV','1224','6 years','Airbus A330-243',30,222);
INSERT INTO aviones (id_avion,registration,serial_number,age,aircraft_type,bussiness_seats,economy_seats) VALUES (inc_id3.NextVal,'PR-OCG','1608','2 years','Airbus A330-243',30,222);
INSERT INTO aviones (id_avion,registration,serial_number,age,aircraft_type,bussiness_seats,economy_seats) VALUES (inc_id3.NextVal,'PR-OCJ','1492','3 years','Airbus A330-243',30,222);
INSERT INTO aviones (id_avion,registration,serial_number,age,aircraft_type,bussiness_seats,economy_seats) VALUES (inc_id3.NextVal,'PR-OCK','1508','3 years','Airbus A330-243',30,222);
INSERT INTO aviones (id_avion,registration,serial_number,age,aircraft_type,bussiness_seats,economy_seats) VALUES (inc_id3.NextVal,'PR-OCX','1657','2 years','Airbus A330-243',30,222);
INSERT INTO aviones (id_avion,registration,serial_number,age,aircraft_type,bussiness_seats,economy_seats) VALUES (inc_id3.NextVal,'N780AV','37502','3 years','Boeing 787-8 Dreamliner',28,222);
INSERT INTO aviones (id_avion,registration,serial_number,age,aircraft_type,bussiness_seats,economy_seats) VALUES (inc_id3.NextVal,'N781AV','37503','3 years','Boeing 787-8 Dreamliner',28,222);
INSERT INTO aviones (id_avion,registration,serial_number,age,aircraft_type,bussiness_seats,economy_seats) VALUES (inc_id3.NextVal,'N782AV','37504','3 years','Boeing 787-8 Dreamliner',28,222);
INSERT INTO aviones (id_avion,registration,serial_number,age,aircraft_type,bussiness_seats,economy_seats) VALUES (inc_id3.NextVal,'N783AV','37505','3 years','Boeing 787-8 Dreamliner',28,222);
INSERT INTO aviones (id_avion,registration,serial_number,age,aircraft_type,bussiness_seats,economy_seats) VALUES (inc_id3.NextVal,'N784AV','37506','2 years','Boeing 787-8 Dreamliner',28,222);
INSERT INTO aviones (id_avion,registration,serial_number,age,aircraft_type,bussiness_seats,economy_seats) VALUES (inc_id3.NextVal,'N785AV','37507','2 years','Boeing 787-8 Dreamliner',28,222);
INSERT INTO aviones (id_avion,registration,serial_number,age,aircraft_type,bussiness_seats,economy_seats) VALUES (inc_id3.NextVal,'N786AV','37508','2 years','Boeing 787-8 Dreamliner',28,222);
INSERT INTO aviones (id_avion,registration,serial_number,age,aircraft_type,bussiness_seats,economy_seats) VALUES (inc_id3.NextVal,'N791AV','37509','1 year','Boeing 787-8 Dreamliner',28,222);
INSERT INTO aviones (id_avion,registration,serial_number,age,aircraft_type,bussiness_seats,economy_seats) VALUES (inc_id3.NextVal,'N792AV','37510','1 year','Boeing 787-8 Dreamliner',28,222);
INSERT INTO aviones (id_avion,registration,serial_number,age,aircraft_type,bussiness_seats,economy_seats) VALUES (inc_id3.NextVal,'N793AV','37511','1 year','Boeing 787-8 Dreamliner',28,222);
INSERT INTO aviones (id_avion,registration,serial_number,age,aircraft_type,bussiness_seats,economy_seats) VALUES (inc_id3.NextVal,'N794AV','39406','1 year','Boeing 787-8 Dreamliner',28,222);
INSERT INTO aviones (id_avion,registration,serial_number,age,aircraft_type,bussiness_seats,economy_seats) VALUES (inc_id3.NextVal,'N795AV','39407','Brand new','Boeing 787-8 Dreamliner',28,222);
INSERT INTO aviones (id_avion,registration,serial_number,age,aircraft_type,bussiness_seats,economy_seats) VALUES (inc_id3.NextVal,'N935TA','19000205','9 years','Embraer ERJ-190AR',8,88);
INSERT INTO aviones (id_avion,registration,serial_number,age,aircraft_type,bussiness_seats,economy_seats) VALUES (inc_id3.NextVal,'N936TA','19000215','9 years','Embraer ERJ-190AR',8,88);
INSERT INTO aviones (id_avion,registration,serial_number,age,aircraft_type,bussiness_seats,economy_seats) VALUES (inc_id3.NextVal,'N937TA','19000221','9 years','Embraer ERJ-190AR',8,88);
INSERT INTO aviones (id_avion,registration,serial_number,age,aircraft_type,bussiness_seats,economy_seats) VALUES (inc_id3.NextVal,'N938TA','19000228','9 years','Embraer ERJ-190AR',8,88);
INSERT INTO aviones (id_avion,registration,serial_number,age,aircraft_type,bussiness_seats,economy_seats) VALUES (inc_id3.NextVal,'N982TA','19000259','9 years','Embraer ERJ-190AR',8,88);
INSERT INTO aviones (id_avion,registration,serial_number,age,aircraft_type,bussiness_seats,economy_seats) VALUES (inc_id3.NextVal,'N983TA','19000265','9 years','Embraer ERJ-190AR',8,88);
INSERT INTO aviones (id_avion,registration,serial_number,age,aircraft_type,bussiness_seats,economy_seats) VALUES (inc_id3.NextVal,'N987TA','19000393','8 years','Embraer ERJ-190AR',8,88);
INSERT INTO aviones (id_avion,registration,serial_number,age,aircraft_type,bussiness_seats,economy_seats) VALUES (inc_id3.NextVal,'N988TA','19000399','8 years','Embraer ERJ-190AR',8,88);
INSERT INTO aviones (id_avion,registration,serial_number,age,aircraft_type,bussiness_seats,economy_seats) VALUES (inc_id3.NextVal,'N989TA','19000482','7 years','Embraer ERJ-190AR',8,88);
INSERT INTO aviones (id_avion,registration,serial_number,age,aircraft_type,bussiness_seats,economy_seats) VALUES (inc_id3.NextVal,'TI-BCG','19000215','10 years','Embraer ERJ-190AR',8,88);

--insert vuelos

INSERT INTO Vuelos (id_vuelo,id_piloto,id_copiloto,id_auxiliares,duracion_real,aeronave_asignada,cantidad_pasajeros,id_avion) VALUES (400,642,206,59,23,'Airbus AE848',247,340);
INSERT INTO Vuelos (id_vuelo,id_piloto,id_copiloto,id_auxiliares,duracion_real,aeronave_asignada,cantidad_pasajeros,id_avion) VALUES (401,602,447,43,67,'Airbus AE519',260,277);
INSERT INTO Vuelos (id_vuelo,id_piloto,id_copiloto,id_auxiliares,duracion_real,aeronave_asignada,cantidad_pasajeros,id_avion) VALUES (402,233,441,10,32,'Airbus AE894',291,321);
INSERT INTO Vuelos (id_vuelo,id_piloto,id_copiloto,id_auxiliares,duracion_real,aeronave_asignada,cantidad_pasajeros,id_avion) VALUES (403,573,418,83,61,'Airbus AA359',223,281);
INSERT INTO Vuelos (id_vuelo,id_piloto,id_copiloto,id_auxiliares,duracion_real,aeronave_asignada,cantidad_pasajeros,id_avion) VALUES (404,316,637,58,63,'Airbus AU829',56,390);
INSERT INTO Vuelos (id_vuelo,id_piloto,id_copiloto,id_auxiliares,duracion_real,aeronave_asignada,cantidad_pasajeros,id_avion) VALUES (405,586,615,20,46,'Airbus AE522',67,206);
INSERT INTO Vuelos (id_vuelo,id_piloto,id_copiloto,id_auxiliares,duracion_real,aeronave_asignada,cantidad_pasajeros,id_avion) VALUES (406,286,670,29,21,'Airbus AA464',266,241);
INSERT INTO Vuelos (id_vuelo,id_piloto,id_copiloto,id_auxiliares,duracion_real,aeronave_asignada,cantidad_pasajeros,id_avion) VALUES (407,661,480,60,15,'Airbus AI721',144,371);
INSERT INTO Vuelos (id_vuelo,id_piloto,id_copiloto,id_auxiliares,duracion_real,aeronave_asignada,cantidad_pasajeros,id_avion) VALUES (408,293,404,100,12,'Airbus AU432',72,365);
INSERT INTO Vuelos (id_vuelo,id_piloto,id_copiloto,id_auxiliares,duracion_real,aeronave_asignada,cantidad_pasajeros,id_avion) VALUES (409,285,500,45,73,'Airbus AA727',81,293);
INSERT INTO Vuelos (id_vuelo,id_piloto,id_copiloto,id_auxiliares,duracion_real,aeronave_asignada,cantidad_pasajeros,id_avion) VALUES (410,607,314,89,94,'Airbus AU735',258,342);
INSERT INTO Vuelos (id_vuelo,id_piloto,id_copiloto,id_auxiliares,duracion_real,aeronave_asignada,cantidad_pasajeros,id_avion) VALUES (411,628,549,65,57,'Airbus AO615',83,203);
INSERT INTO Vuelos (id_vuelo,id_piloto,id_copiloto,id_auxiliares,duracion_real,aeronave_asignada,cantidad_pasajeros,id_avion) VALUES (412,584,311,82,76,'Airbus AO189',264,324);
INSERT INTO Vuelos (id_vuelo,id_piloto,id_copiloto,id_auxiliares,duracion_real,aeronave_asignada,cantidad_pasajeros,id_avion) VALUES (413,246,568,80,103,'Airbus AE970',165,265);
INSERT INTO Vuelos (id_vuelo,id_piloto,id_copiloto,id_auxiliares,duracion_real,aeronave_asignada,cantidad_pasajeros,id_avion) VALUES (414,253,569,53,77,'Airbus AU742',131,403);
INSERT INTO Vuelos (id_vuelo,id_piloto,id_copiloto,id_auxiliares,duracion_real,aeronave_asignada,cantidad_pasajeros,id_avion) VALUES (415,448,437,74,88,'Airbus AO695',249,326);
INSERT INTO Vuelos (id_vuelo,id_piloto,id_copiloto,id_auxiliares,duracion_real,aeronave_asignada,cantidad_pasajeros,id_avion) VALUES (416,596,265,18,13,'Airbus AA371',82,391);
INSERT INTO Vuelos (id_vuelo,id_piloto,id_copiloto,id_auxiliares,duracion_real,aeronave_asignada,cantidad_pasajeros,id_avion) VALUES (417,321,425,48,1,'Airbus AU283',168,347);
INSERT INTO Vuelos (id_vuelo,id_piloto,id_copiloto,id_auxiliares,duracion_real,aeronave_asignada,cantidad_pasajeros,id_avion) VALUES (418,657,214,9,92,'Airbus AA985',186,367);
INSERT INTO Vuelos (id_vuelo,id_piloto,id_copiloto,id_auxiliares,duracion_real,aeronave_asignada,cantidad_pasajeros,id_avion) VALUES (419,582,264,80,94,'Airbus AA808',49,237);
INSERT INTO Vuelos (id_vuelo,id_piloto,id_copiloto,id_auxiliares,duracion_real,aeronave_asignada,cantidad_pasajeros,id_avion) VALUES (420,521,578,8,2,'Airbus AO996',41,299);
INSERT INTO Vuelos (id_vuelo,id_piloto,id_copiloto,id_auxiliares,duracion_real,aeronave_asignada,cantidad_pasajeros,id_avion) VALUES (421,456,567,70,63,'Airbus AA824',151,388);
INSERT INTO Vuelos (id_vuelo,id_piloto,id_copiloto,id_auxiliares,duracion_real,aeronave_asignada,cantidad_pasajeros,id_avion) VALUES (422,288,532,83,101,'Airbus AI509',46,314);
INSERT INTO Vuelos (id_vuelo,id_piloto,id_copiloto,id_auxiliares,duracion_real,aeronave_asignada,cantidad_pasajeros,id_avion) VALUES (423,262,397,71,17,'Airbus AU242',229,390);
INSERT INTO Vuelos (id_vuelo,id_piloto,id_copiloto,id_auxiliares,duracion_real,aeronave_asignada,cantidad_pasajeros,id_avion) VALUES (424,512,331,79,20,'Airbus AA183',113,379);
INSERT INTO Vuelos (id_vuelo,id_piloto,id_copiloto,id_auxiliares,duracion_real,aeronave_asignada,cantidad_pasajeros,id_avion) VALUES (425,694,447,25,58,'Airbus AE842',276,349);
INSERT INTO Vuelos (id_vuelo,id_piloto,id_copiloto,id_auxiliares,duracion_real,aeronave_asignada,cantidad_pasajeros,id_avion) VALUES (426,227,427,66,92,'Airbus AE471',28,410);
INSERT INTO Vuelos (id_vuelo,id_piloto,id_copiloto,id_auxiliares,duracion_real,aeronave_asignada,cantidad_pasajeros,id_avion) VALUES (427,264,675,61,11,'Airbus AO403',72,239);
INSERT INTO Vuelos (id_vuelo,id_piloto,id_copiloto,id_auxiliares,duracion_real,aeronave_asignada,cantidad_pasajeros,id_avion) VALUES (428,292,258,63,82,'Airbus AA781',225,344);
INSERT INTO Vuelos (id_vuelo,id_piloto,id_copiloto,id_auxiliares,duracion_real,aeronave_asignada,cantidad_pasajeros,id_avion) VALUES (429,381,668,63,36,'Airbus AU670',224,249);
INSERT INTO Vuelos (id_vuelo,id_piloto,id_copiloto,id_auxiliares,duracion_real,aeronave_asignada,cantidad_pasajeros,id_avion) VALUES (430,347,400,76,24,'Airbus AA940',287,409);
INSERT INTO Vuelos (id_vuelo,id_piloto,id_copiloto,id_auxiliares,duracion_real,aeronave_asignada,cantidad_pasajeros,id_avion) VALUES (431,552,263,6,4,'Airbus AI508',230,275);
INSERT INTO Vuelos (id_vuelo,id_piloto,id_copiloto,id_auxiliares,duracion_real,aeronave_asignada,cantidad_pasajeros,id_avion) VALUES (432,348,575,86,46,'Airbus AO063',166,390);
INSERT INTO Vuelos (id_vuelo,id_piloto,id_copiloto,id_auxiliares,duracion_real,aeronave_asignada,cantidad_pasajeros,id_avion) VALUES (433,411,588,98,23,'Airbus AU050',154,298);
INSERT INTO Vuelos (id_vuelo,id_piloto,id_copiloto,id_auxiliares,duracion_real,aeronave_asignada,cantidad_pasajeros,id_avion) VALUES (434,350,217,70,111,'Airbus AU735',271,374);
INSERT INTO Vuelos (id_vuelo,id_piloto,id_copiloto,id_auxiliares,duracion_real,aeronave_asignada,cantidad_pasajeros,id_avion) VALUES (435,304,532,62,6,'Airbus AE021',219,351);
INSERT INTO Vuelos (id_vuelo,id_piloto,id_copiloto,id_auxiliares,duracion_real,aeronave_asignada,cantidad_pasajeros,id_avion) VALUES (436,626,217,1,81,'Airbus AO964',128,235);
INSERT INTO Vuelos (id_vuelo,id_piloto,id_copiloto,id_auxiliares,duracion_real,aeronave_asignada,cantidad_pasajeros,id_avion) VALUES (437,597,635,96,30,'Airbus AO033',134,239);
INSERT INTO Vuelos (id_vuelo,id_piloto,id_copiloto,id_auxiliares,duracion_real,aeronave_asignada,cantidad_pasajeros,id_avion) VALUES (438,461,638,9,99,'Airbus AE634',43,248);
INSERT INTO Vuelos (id_vuelo,id_piloto,id_copiloto,id_auxiliares,duracion_real,aeronave_asignada,cantidad_pasajeros,id_avion) VALUES (439,581,208,37,84,'Airbus AO594',147,253);
INSERT INTO Vuelos (id_vuelo,id_piloto,id_copiloto,id_auxiliares,duracion_real,aeronave_asignada,cantidad_pasajeros,id_avion) VALUES (440,642,691,28,43,'Airbus AE558',56,285);
INSERT INTO Vuelos (id_vuelo,id_piloto,id_copiloto,id_auxiliares,duracion_real,aeronave_asignada,cantidad_pasajeros,id_avion) VALUES (441,277,206,70,90,'Airbus AU977',225,208);
INSERT INTO Vuelos (id_vuelo,id_piloto,id_copiloto,id_auxiliares,duracion_real,aeronave_asignada,cantidad_pasajeros,id_avion) VALUES (442,414,514,63,17,'Airbus AE154',195,279);
INSERT INTO Vuelos (id_vuelo,id_piloto,id_copiloto,id_auxiliares,duracion_real,aeronave_asignada,cantidad_pasajeros,id_avion) VALUES (443,257,229,26,2,'Airbus AE964',119,206);
INSERT INTO Vuelos (id_vuelo,id_piloto,id_copiloto,id_auxiliares,duracion_real,aeronave_asignada,cantidad_pasajeros,id_avion) VALUES (444,283,585,55,78,'Airbus AO870',45,328);
INSERT INTO Vuelos (id_vuelo,id_piloto,id_copiloto,id_auxiliares,duracion_real,aeronave_asignada,cantidad_pasajeros,id_avion) VALUES (445,647,224,3,91,'Airbus AU310',31,381);
INSERT INTO Vuelos (id_vuelo,id_piloto,id_copiloto,id_auxiliares,duracion_real,aeronave_asignada,cantidad_pasajeros,id_avion) VALUES (446,305,268,7,64,'Airbus AO127',53,274);
INSERT INTO Vuelos (id_vuelo,id_piloto,id_copiloto,id_auxiliares,duracion_real,aeronave_asignada,cantidad_pasajeros,id_avion) VALUES (447,666,677,54,53,'Airbus AA453',107,221);
INSERT INTO Vuelos (id_vuelo,id_piloto,id_copiloto,id_auxiliares,duracion_real,aeronave_asignada,cantidad_pasajeros,id_avion) VALUES (448,389,648,11,106,'Airbus AA195',172,316);
INSERT INTO Vuelos (id_vuelo,id_piloto,id_copiloto,id_auxiliares,duracion_real,aeronave_asignada,cantidad_pasajeros,id_avion) VALUES (449,508,401,48,23,'Airbus AU769',212,245);
INSERT INTO Vuelos (id_vuelo,id_piloto,id_copiloto,id_auxiliares,duracion_real,aeronave_asignada,cantidad_pasajeros,id_avion) VALUES (450,590,519,79,115,'Airbus AI994',242,368);
INSERT INTO Vuelos (id_vuelo,id_piloto,id_copiloto,id_auxiliares,duracion_real,aeronave_asignada,cantidad_pasajeros,id_avion) VALUES (451,422,575,39,76,'Airbus AA774',25,375);
INSERT INTO Vuelos (id_vuelo,id_piloto,id_copiloto,id_auxiliares,duracion_real,aeronave_asignada,cantidad_pasajeros,id_avion) VALUES (452,520,532,65,89,'Airbus AI118',214,324);
INSERT INTO Vuelos (id_vuelo,id_piloto,id_copiloto,id_auxiliares,duracion_real,aeronave_asignada,cantidad_pasajeros,id_avion) VALUES (453,419,343,84,54,'Airbus AE829',287,406);
INSERT INTO Vuelos (id_vuelo,id_piloto,id_copiloto,id_auxiliares,duracion_real,aeronave_asignada,cantidad_pasajeros,id_avion) VALUES (454,610,565,90,32,'Airbus AO832',69,209);
INSERT INTO Vuelos (id_vuelo,id_piloto,id_copiloto,id_auxiliares,duracion_real,aeronave_asignada,cantidad_pasajeros,id_avion) VALUES (455,672,207,17,80,'Airbus AA343',232,252);
INSERT INTO Vuelos (id_vuelo,id_piloto,id_copiloto,id_auxiliares,duracion_real,aeronave_asignada,cantidad_pasajeros,id_avion) VALUES (456,404,562,44,19,'Airbus AU439',41,219);
INSERT INTO Vuelos (id_vuelo,id_piloto,id_copiloto,id_auxiliares,duracion_real,aeronave_asignada,cantidad_pasajeros,id_avion) VALUES (457,369,630,94,91,'Airbus AA259',161,413);
INSERT INTO Vuelos (id_vuelo,id_piloto,id_copiloto,id_auxiliares,duracion_real,aeronave_asignada,cantidad_pasajeros,id_avion) VALUES (458,492,365,43,47,'Airbus AI287',86,368);
INSERT INTO Vuelos (id_vuelo,id_piloto,id_copiloto,id_auxiliares,duracion_real,aeronave_asignada,cantidad_pasajeros,id_avion) VALUES (459,526,520,32,93,'Airbus AO483',91,325);
INSERT INTO Vuelos (id_vuelo,id_piloto,id_copiloto,id_auxiliares,duracion_real,aeronave_asignada,cantidad_pasajeros,id_avion) VALUES (460,651,691,23,63,'Airbus AE557',271,276);
INSERT INTO Vuelos (id_vuelo,id_piloto,id_copiloto,id_auxiliares,duracion_real,aeronave_asignada,cantidad_pasajeros,id_avion) VALUES (461,346,425,31,43,'Airbus AA297',253,391);
INSERT INTO Vuelos (id_vuelo,id_piloto,id_copiloto,id_auxiliares,duracion_real,aeronave_asignada,cantidad_pasajeros,id_avion) VALUES (462,511,682,94,16,'Airbus AA701',40,368);
INSERT INTO Vuelos (id_vuelo,id_piloto,id_copiloto,id_auxiliares,duracion_real,aeronave_asignada,cantidad_pasajeros,id_avion) VALUES (463,567,629,73,36,'Airbus AA216',142,338);
INSERT INTO Vuelos (id_vuelo,id_piloto,id_copiloto,id_auxiliares,duracion_real,aeronave_asignada,cantidad_pasajeros,id_avion) VALUES (464,412,400,44,60,'Airbus AU339',55,276);
INSERT INTO Vuelos (id_vuelo,id_piloto,id_copiloto,id_auxiliares,duracion_real,aeronave_asignada,cantidad_pasajeros,id_avion) VALUES (465,650,440,80,39,'Airbus AU447',244,409);
INSERT INTO Vuelos (id_vuelo,id_piloto,id_copiloto,id_auxiliares,duracion_real,aeronave_asignada,cantidad_pasajeros,id_avion) VALUES (466,233,554,35,12,'Airbus AA471',300,351);
INSERT INTO Vuelos (id_vuelo,id_piloto,id_copiloto,id_auxiliares,duracion_real,aeronave_asignada,cantidad_pasajeros,id_avion) VALUES (467,344,304,9,13,'Airbus AE993',113,245);
INSERT INTO Vuelos (id_vuelo,id_piloto,id_copiloto,id_auxiliares,duracion_real,aeronave_asignada,cantidad_pasajeros,id_avion) VALUES (468,435,453,98,46,'Airbus AU671',147,344);
INSERT INTO Vuelos (id_vuelo,id_piloto,id_copiloto,id_auxiliares,duracion_real,aeronave_asignada,cantidad_pasajeros,id_avion) VALUES (469,311,455,19,76,'Airbus AI718',86,255);
INSERT INTO Vuelos (id_vuelo,id_piloto,id_copiloto,id_auxiliares,duracion_real,aeronave_asignada,cantidad_pasajeros,id_avion) VALUES (470,291,290,26,25,'Airbus AU790',41,219);
INSERT INTO Vuelos (id_vuelo,id_piloto,id_copiloto,id_auxiliares,duracion_real,aeronave_asignada,cantidad_pasajeros,id_avion) VALUES (471,293,526,77,103,'Airbus AA415',295,336);
INSERT INTO Vuelos (id_vuelo,id_piloto,id_copiloto,id_auxiliares,duracion_real,aeronave_asignada,cantidad_pasajeros,id_avion) VALUES (472,362,594,55,56,'Airbus AI569',211,383);
INSERT INTO Vuelos (id_vuelo,id_piloto,id_copiloto,id_auxiliares,duracion_real,aeronave_asignada,cantidad_pasajeros,id_avion) VALUES (473,587,502,33,78,'Airbus AI859',85,238);
INSERT INTO Vuelos (id_vuelo,id_piloto,id_copiloto,id_auxiliares,duracion_real,aeronave_asignada,cantidad_pasajeros,id_avion) VALUES (474,621,528,69,68,'Airbus AA019',114,212);
INSERT INTO Vuelos (id_vuelo,id_piloto,id_copiloto,id_auxiliares,duracion_real,aeronave_asignada,cantidad_pasajeros,id_avion) VALUES (475,499,437,92,94,'Airbus AA041',149,393);
INSERT INTO Vuelos (id_vuelo,id_piloto,id_copiloto,id_auxiliares,duracion_real,aeronave_asignada,cantidad_pasajeros,id_avion) VALUES (476,202,660,78,105,'Airbus AA362',52,201);
INSERT INTO Vuelos (id_vuelo,id_piloto,id_copiloto,id_auxiliares,duracion_real,aeronave_asignada,cantidad_pasajeros,id_avion) VALUES (477,340,293,72,27,'Airbus AO801',56,334);
INSERT INTO Vuelos (id_vuelo,id_piloto,id_copiloto,id_auxiliares,duracion_real,aeronave_asignada,cantidad_pasajeros,id_avion) VALUES (478,545,547,11,15,'Airbus AA104',269,231);
INSERT INTO Vuelos (id_vuelo,id_piloto,id_copiloto,id_auxiliares,duracion_real,aeronave_asignada,cantidad_pasajeros,id_avion) VALUES (479,414,334,78,110,'Airbus AA346',271,351);
INSERT INTO Vuelos (id_vuelo,id_piloto,id_copiloto,id_auxiliares,duracion_real,aeronave_asignada,cantidad_pasajeros,id_avion) VALUES (480,609,430,39,4,'Airbus AA911',150,417);
INSERT INTO Vuelos (id_vuelo,id_piloto,id_copiloto,id_auxiliares,duracion_real,aeronave_asignada,cantidad_pasajeros,id_avion) VALUES (481,522,454,43,79,'Airbus AE041',47,215);
INSERT INTO Vuelos (id_vuelo,id_piloto,id_copiloto,id_auxiliares,duracion_real,aeronave_asignada,cantidad_pasajeros,id_avion) VALUES (482,580,638,93,53,'Airbus AO758',289,213);
INSERT INTO Vuelos (id_vuelo,id_piloto,id_copiloto,id_auxiliares,duracion_real,aeronave_asignada,cantidad_pasajeros,id_avion) VALUES (483,201,569,44,9,'Airbus AE615',229,369);
INSERT INTO Vuelos (id_vuelo,id_piloto,id_copiloto,id_auxiliares,duracion_real,aeronave_asignada,cantidad_pasajeros,id_avion) VALUES (484,607,566,27,87,'Airbus AI477',290,345);
INSERT INTO Vuelos (id_vuelo,id_piloto,id_copiloto,id_auxiliares,duracion_real,aeronave_asignada,cantidad_pasajeros,id_avion) VALUES (485,672,317,33,59,'Airbus AO947',230,380);
INSERT INTO Vuelos (id_vuelo,id_piloto,id_copiloto,id_auxiliares,duracion_real,aeronave_asignada,cantidad_pasajeros,id_avion) VALUES (486,506,468,53,35,'Airbus AO130',106,361);
INSERT INTO Vuelos (id_vuelo,id_piloto,id_copiloto,id_auxiliares,duracion_real,aeronave_asignada,cantidad_pasajeros,id_avion) VALUES (487,305,549,87,4,'Airbus AA444',292,331);
INSERT INTO Vuelos (id_vuelo,id_piloto,id_copiloto,id_auxiliares,duracion_real,aeronave_asignada,cantidad_pasajeros,id_avion) VALUES (488,237,253,72,101,'Airbus AI320',256,260);
INSERT INTO Vuelos (id_vuelo,id_piloto,id_copiloto,id_auxiliares,duracion_real,aeronave_asignada,cantidad_pasajeros,id_avion) VALUES (489,451,223,32,51,'Airbus AE326',100,216);
INSERT INTO Vuelos (id_vuelo,id_piloto,id_copiloto,id_auxiliares,duracion_real,aeronave_asignada,cantidad_pasajeros,id_avion) VALUES (490,231,326,25,23,'Airbus AA330',227,373);
INSERT INTO Vuelos (id_vuelo,id_piloto,id_copiloto,id_auxiliares,duracion_real,aeronave_asignada,cantidad_pasajeros,id_avion) VALUES (491,347,380,41,3,'Airbus AA197',121,317);
INSERT INTO Vuelos (id_vuelo,id_piloto,id_copiloto,id_auxiliares,duracion_real,aeronave_asignada,cantidad_pasajeros,id_avion) VALUES (492,516,407,95,104,'Airbus AO017',179,310);
INSERT INTO Vuelos (id_vuelo,id_piloto,id_copiloto,id_auxiliares,duracion_real,aeronave_asignada,cantidad_pasajeros,id_avion) VALUES (493,587,508,36,5,'Airbus AE611',79,414);
INSERT INTO Vuelos (id_vuelo,id_piloto,id_copiloto,id_auxiliares,duracion_real,aeronave_asignada,cantidad_pasajeros,id_avion) VALUES (494,645,668,73,6,'Airbus AI962',223,280);
INSERT INTO Vuelos (id_vuelo,id_piloto,id_copiloto,id_auxiliares,duracion_real,aeronave_asignada,cantidad_pasajeros,id_avion) VALUES (495,502,380,21,78,'Airbus AI631',79,286);
INSERT INTO Vuelos (id_vuelo,id_piloto,id_copiloto,id_auxiliares,duracion_real,aeronave_asignada,cantidad_pasajeros,id_avion) VALUES (496,489,201,17,73,'Airbus AI630',150,380);
INSERT INTO Vuelos (id_vuelo,id_piloto,id_copiloto,id_auxiliares,duracion_real,aeronave_asignada,cantidad_pasajeros,id_avion) VALUES (497,613,349,61,49,'Airbus AA333',151,385);
INSERT INTO Vuelos (id_vuelo,id_piloto,id_copiloto,id_auxiliares,duracion_real,aeronave_asignada,cantidad_pasajeros,id_avion) VALUES (498,209,488,24,59,'Airbus AA259',38,275);
INSERT INTO Vuelos (id_vuelo,id_piloto,id_copiloto,id_auxiliares,duracion_real,aeronave_asignada,cantidad_pasajeros,id_avion) VALUES (499,580,417,92,120,'Airbus AI546',39,331);


--insert checking

INSERT INTO checkin (id_checkin,numero_vuelo,tipo_de_identificacion,numero_confirmacion_checkin,contacto_emergencia,ciudad_emergencia,correo_emergencia,numero_telefono_emergencia) VALUES (300,468,'Pasaporte','869753-6210','Dorian S. Barton','Stratford','ultrices.sit@pedenonummyut.com','2134820');
INSERT INTO checkin (id_checkin,numero_vuelo,tipo_de_identificacion,numero_confirmacion_checkin,contacto_emergencia,ciudad_emergencia,correo_emergencia,numero_telefono_emergencia) VALUES (301,462,'Cédula Extranjería','182246-6932','Moses Y. Donovan','Mulchén','vestibulum.nec.euismod@Donecelementum.org','9016216');
INSERT INTO checkin (id_checkin,numero_vuelo,tipo_de_identificacion,numero_confirmacion_checkin,contacto_emergencia,ciudad_emergencia,correo_emergencia,numero_telefono_emergencia) VALUES (302,484,'Pasaporte','338704-8378','Aaron Y. Stevens','Balclutha','Cras.eget@Quisque.com','4640081');
INSERT INTO checkin (id_checkin,numero_vuelo,tipo_de_identificacion,numero_confirmacion_checkin,contacto_emergencia,ciudad_emergencia,correo_emergencia,numero_telefono_emergencia) VALUES (303,417,'Cédula Extranjería','838010-9259','Colleen H. Morrison','Gandhidham','Donec.tempus.lorem@eleifendegestasSed.org','7106768');
INSERT INTO checkin (id_checkin,numero_vuelo,tipo_de_identificacion,numero_confirmacion_checkin,contacto_emergencia,ciudad_emergencia,correo_emergencia,numero_telefono_emergencia) VALUES (304,416,'Cédula Extranjería','697424-2981','Sylvia R. Jimenez','Bochum','Aenean@augue.ca','4318180');
INSERT INTO checkin (id_checkin,numero_vuelo,tipo_de_identificacion,numero_confirmacion_checkin,contacto_emergencia,ciudad_emergencia,correo_emergencia,numero_telefono_emergencia) VALUES (305,498,'Cédula Extranjería','207373-1511','Vivian N. Mccormick','Marcinelle','Vivamus.euismod@quamvelsapien.co.uk','4319808');
INSERT INTO checkin (id_checkin,numero_vuelo,tipo_de_identificacion,numero_confirmacion_checkin,contacto_emergencia,ciudad_emergencia,correo_emergencia,numero_telefono_emergencia) VALUES (306,486,'DNI','383704-9208','Randall O. Mercer','Paranaguá','commodo.at@Nuncullamcorpervelit.com','5953040');
INSERT INTO checkin (id_checkin,numero_vuelo,tipo_de_identificacion,numero_confirmacion_checkin,contacto_emergencia,ciudad_emergencia,correo_emergencia,numero_telefono_emergencia) VALUES (307,468,'Cédula Extranjería','336701-3715','Xerxes W. Kim','Sunderland','orci@eueuismodac.ca','6331924');
INSERT INTO checkin (id_checkin,numero_vuelo,tipo_de_identificacion,numero_confirmacion_checkin,contacto_emergencia,ciudad_emergencia,correo_emergencia,numero_telefono_emergencia) VALUES (308,431,'Cédula Extranjería','789540-0245','Chandler T. Dennis','Fort McPherson','In.faucibus@necmauris.net','3420000');
INSERT INTO checkin (id_checkin,numero_vuelo,tipo_de_identificacion,numero_confirmacion_checkin,contacto_emergencia,ciudad_emergencia,correo_emergencia,numero_telefono_emergencia) VALUES (309,496,'Cédula Extranjería','044674-2975','Graiden Y. Ellis','Mazy','nec.cursus.a@eunibh.net','9562831');
INSERT INTO checkin (id_checkin,numero_vuelo,tipo_de_identificacion,numero_confirmacion_checkin,contacto_emergencia,ciudad_emergencia,correo_emergencia,numero_telefono_emergencia) VALUES (310,491,'Cédula Extranjería','546407-5612','Hamilton V. Dodson','Brunn am Gebirge','egestas.blandit.Nam@egettinciduntdui.edu','9950376');
INSERT INTO checkin (id_checkin,numero_vuelo,tipo_de_identificacion,numero_confirmacion_checkin,contacto_emergencia,ciudad_emergencia,correo_emergencia,numero_telefono_emergencia) VALUES (311,405,'Cédula','049720-4297','Madeline C. Holmes','Juneau','erat.Sed@tinciduntvehicularisus.net','1829208');
INSERT INTO checkin (id_checkin,numero_vuelo,tipo_de_identificacion,numero_confirmacion_checkin,contacto_emergencia,ciudad_emergencia,correo_emergencia,numero_telefono_emergencia) VALUES (312,481,'Cédula','746375-8792','Riley Z. Lynn','Trogne','Etiam.ligula@porttitorinterdumSed.co.uk','7340656');
INSERT INTO checkin (id_checkin,numero_vuelo,tipo_de_identificacion,numero_confirmacion_checkin,contacto_emergencia,ciudad_emergencia,correo_emergencia,numero_telefono_emergencia) VALUES (313,431,'Cédula Extranjería','906381-0197','Portia L. Aguilar','Schweinfurt','luctus.ipsum@magnis.co.uk','3263254');
INSERT INTO checkin (id_checkin,numero_vuelo,tipo_de_identificacion,numero_confirmacion_checkin,contacto_emergencia,ciudad_emergencia,correo_emergencia,numero_telefono_emergencia) VALUES (314,419,'Pasaporte','645330-6661','Candace H. Saunders','Aguacaliente (San Francisco)','vel.lectus@cursuspurusNullam.ca','2088953');
INSERT INTO checkin (id_checkin,numero_vuelo,tipo_de_identificacion,numero_confirmacion_checkin,contacto_emergencia,ciudad_emergencia,correo_emergencia,numero_telefono_emergencia) VALUES (315,475,'Cédula','702474-0370','Cameran E. Hopkins','Ikot Ekpene','placerat.eget.venenatis@vitaepurus.ca','2650119');
INSERT INTO checkin (id_checkin,numero_vuelo,tipo_de_identificacion,numero_confirmacion_checkin,contacto_emergencia,ciudad_emergencia,correo_emergencia,numero_telefono_emergencia) VALUES (316,489,'Cédula Extranjería','403238-3871','Vladimir G. Larson','Joliet','et.rutrum.non@non.edu','6177128');
INSERT INTO checkin (id_checkin,numero_vuelo,tipo_de_identificacion,numero_confirmacion_checkin,contacto_emergencia,ciudad_emergencia,correo_emergencia,numero_telefono_emergencia) VALUES (317,491,'Cédula Extranjería','087678-5031','Rylee K. Jarvis','Osnabrück','convallis.convallis.dolor@placerataugue.net','4837267');
INSERT INTO checkin (id_checkin,numero_vuelo,tipo_de_identificacion,numero_confirmacion_checkin,contacto_emergencia,ciudad_emergencia,correo_emergencia,numero_telefono_emergencia) VALUES (318,453,'DNI','003037-8863','Kieran Y. Ruiz','Jalna','dis.parturient@diam.net','5771321');
INSERT INTO checkin (id_checkin,numero_vuelo,tipo_de_identificacion,numero_confirmacion_checkin,contacto_emergencia,ciudad_emergencia,correo_emergencia,numero_telefono_emergencia) VALUES (319,465,'Cédula','646510-5069','Laith H. Walker','Damoh','a.neque@non.com','3079787');
INSERT INTO checkin (id_checkin,numero_vuelo,tipo_de_identificacion,numero_confirmacion_checkin,contacto_emergencia,ciudad_emergencia,correo_emergencia,numero_telefono_emergencia) VALUES (320,412,'Cédula Extranjería','305805-1578','Jessamine R. Fuller','Getafe','velit.eget.laoreet@venenatisvelfaucibus.edu','8301517');
INSERT INTO checkin (id_checkin,numero_vuelo,tipo_de_identificacion,numero_confirmacion_checkin,contacto_emergencia,ciudad_emergencia,correo_emergencia,numero_telefono_emergencia) VALUES (321,468,'Cédula','195561-7384','Cameron I. Ferguson','Barrie','sagittis.Nullam@Fuscedolor.org','3931311');
INSERT INTO checkin (id_checkin,numero_vuelo,tipo_de_identificacion,numero_confirmacion_checkin,contacto_emergencia,ciudad_emergencia,correo_emergencia,numero_telefono_emergencia) VALUES (322,438,'Pasaporte','556663-2955','Armando B. Thomas','Stintino','rutrum.eu.ultrices@euodio.edu','2123627');
INSERT INTO checkin (id_checkin,numero_vuelo,tipo_de_identificacion,numero_confirmacion_checkin,contacto_emergencia,ciudad_emergencia,correo_emergencia,numero_telefono_emergencia) VALUES (323,401,'Cédula','512825-2243','Dillon F. Dyer','Richmond Hill','Phasellus.nulla@arcu.edu','3053677');
INSERT INTO checkin (id_checkin,numero_vuelo,tipo_de_identificacion,numero_confirmacion_checkin,contacto_emergencia,ciudad_emergencia,correo_emergencia,numero_telefono_emergencia) VALUES (324,456,'Pasaporte','638152-8089','Dakota O. Glover','Pepingen','vel.nisl@dictummi.org','8891013');
INSERT INTO checkin (id_checkin,numero_vuelo,tipo_de_identificacion,numero_confirmacion_checkin,contacto_emergencia,ciudad_emergencia,correo_emergencia,numero_telefono_emergencia) VALUES (325,457,'Cédula','404202-2014','Zephania X. Velazquez','Chandannagar','ante@adipiscing.net','8440676');
INSERT INTO checkin (id_checkin,numero_vuelo,tipo_de_identificacion,numero_confirmacion_checkin,contacto_emergencia,ciudad_emergencia,correo_emergencia,numero_telefono_emergencia) VALUES (326,479,'Pasaporte','455439-7697','Karina V. Adkins','Carnoustie','gravida.Aliquam@enim.net','6415453');
INSERT INTO checkin (id_checkin,numero_vuelo,tipo_de_identificacion,numero_confirmacion_checkin,contacto_emergencia,ciudad_emergencia,correo_emergencia,numero_telefono_emergencia) VALUES (327,478,'Pasaporte','946576-8639','Benjamin K. Caldwell','Ortacesus','facilisis.non@Namconsequat.com','1487916');
INSERT INTO checkin (id_checkin,numero_vuelo,tipo_de_identificacion,numero_confirmacion_checkin,contacto_emergencia,ciudad_emergencia,correo_emergencia,numero_telefono_emergencia) VALUES (328,401,'Pasaporte','757692-0917','Jane H. Strong','Torchiarolo','semper.tellus.id@lorem.org','2350941');
INSERT INTO checkin (id_checkin,numero_vuelo,tipo_de_identificacion,numero_confirmacion_checkin,contacto_emergencia,ciudad_emergencia,correo_emergencia,numero_telefono_emergencia) VALUES (329,497,'Cédula','984379-2822','Hermione N. Patton','Tielen','lobortis.quis@liberoDonecconsectetuer.edu','2453682');
INSERT INTO checkin (id_checkin,numero_vuelo,tipo_de_identificacion,numero_confirmacion_checkin,contacto_emergencia,ciudad_emergencia,correo_emergencia,numero_telefono_emergencia) VALUES (330,473,'DNI','523526-5617','Kameko T. Richard','Sioux City','in.consectetuer@primis.org','3747609');
INSERT INTO checkin (id_checkin,numero_vuelo,tipo_de_identificacion,numero_confirmacion_checkin,contacto_emergencia,ciudad_emergencia,correo_emergencia,numero_telefono_emergencia) VALUES (331,499,'Cédula Extranjería','394542-1596','Joy R. Little','Buin','eleifend.non.dapibus@fermentummetusAenean.edu','3329385');
INSERT INTO checkin (id_checkin,numero_vuelo,tipo_de_identificacion,numero_confirmacion_checkin,contacto_emergencia,ciudad_emergencia,correo_emergencia,numero_telefono_emergencia) VALUES (332,460,'Pasaporte','315903-2261','Lisandra E. Harmon','Scheggino','a.feugiat@erategettincidunt.net','7004816');
INSERT INTO checkin (id_checkin,numero_vuelo,tipo_de_identificacion,numero_confirmacion_checkin,contacto_emergencia,ciudad_emergencia,correo_emergencia,numero_telefono_emergencia) VALUES (333,468,'Cédula Extranjería','312855-9584','James P. Norman','Guarapuava','malesuada@hendreritDonec.edu','9130987');
INSERT INTO checkin (id_checkin,numero_vuelo,tipo_de_identificacion,numero_confirmacion_checkin,contacto_emergencia,ciudad_emergencia,correo_emergencia,numero_telefono_emergencia) VALUES (334,493,'Cédula Extranjería','563124-0438','Henry B. Blake','Opoeteren','cursus@atnisiCum.org','7945277');
INSERT INTO checkin (id_checkin,numero_vuelo,tipo_de_identificacion,numero_confirmacion_checkin,contacto_emergencia,ciudad_emergencia,correo_emergencia,numero_telefono_emergencia) VALUES (335,486,'DNI','326090-8524','Wang W. Henry','Nottingham','ipsum.nunc@Suspendissesed.edu','5587014');
INSERT INTO checkin (id_checkin,numero_vuelo,tipo_de_identificacion,numero_confirmacion_checkin,contacto_emergencia,ciudad_emergencia,correo_emergencia,numero_telefono_emergencia) VALUES (336,424,'Cédula Extranjería','516887-2348','Zorita N. Sparks','Gistel','pellentesque@sociis.com','6355170');
INSERT INTO checkin (id_checkin,numero_vuelo,tipo_de_identificacion,numero_confirmacion_checkin,contacto_emergencia,ciudad_emergencia,correo_emergencia,numero_telefono_emergencia) VALUES (337,451,'Pasaporte','147305-3880','Randall O. Grimes','Dunstable','eu.eleifend@orci.com','5733083');
INSERT INTO checkin (id_checkin,numero_vuelo,tipo_de_identificacion,numero_confirmacion_checkin,contacto_emergencia,ciudad_emergencia,correo_emergencia,numero_telefono_emergencia) VALUES (338,434,'DNI','503424-9408','Ashely M. Deleon','Strausberg','nascetur@iderat.com','4537326');
INSERT INTO checkin (id_checkin,numero_vuelo,tipo_de_identificacion,numero_confirmacion_checkin,contacto_emergencia,ciudad_emergencia,correo_emergencia,numero_telefono_emergencia) VALUES (339,485,'Pasaporte','716138-5385','Pandora E. Gilliam','Marano Lagunare','mauris.id@ametconsectetueradipiscing.edu','6201641');
INSERT INTO checkin (id_checkin,numero_vuelo,tipo_de_identificacion,numero_confirmacion_checkin,contacto_emergencia,ciudad_emergencia,correo_emergencia,numero_telefono_emergencia) VALUES (340,428,'DNI','374867-3492','Carissa R. House','Baunatal','malesuada.vel@sed.org','5607736');
INSERT INTO checkin (id_checkin,numero_vuelo,tipo_de_identificacion,numero_confirmacion_checkin,contacto_emergencia,ciudad_emergencia,correo_emergencia,numero_telefono_emergencia) VALUES (341,473,'Cédula','906649-5327','Laura P. Cherry','Rutigliano','orci.quis.lectus@Fusce.org','6906551');
INSERT INTO checkin (id_checkin,numero_vuelo,tipo_de_identificacion,numero_confirmacion_checkin,contacto_emergencia,ciudad_emergencia,correo_emergencia,numero_telefono_emergencia) VALUES (342,461,'Cédula','412044-9477','Linus D. Cardenas','Winterswijk','egestas.Aliquam@Vivamuseuismod.edu','1435695');
INSERT INTO checkin (id_checkin,numero_vuelo,tipo_de_identificacion,numero_confirmacion_checkin,contacto_emergencia,ciudad_emergencia,correo_emergencia,numero_telefono_emergencia) VALUES (343,411,'Cédula','719353-6336','Claudia Z. Mason','Sars-la-Buissi?re','enim.condimentum.eget@fermentumconvallisligula.com','3644718');
INSERT INTO checkin (id_checkin,numero_vuelo,tipo_de_identificacion,numero_confirmacion_checkin,contacto_emergencia,ciudad_emergencia,correo_emergencia,numero_telefono_emergencia) VALUES (344,452,'DNI','136524-1155','Ryan G. Madden','Fresno','ut@aliquamiaculislacus.co.uk','7057511');
INSERT INTO checkin (id_checkin,numero_vuelo,tipo_de_identificacion,numero_confirmacion_checkin,contacto_emergencia,ciudad_emergencia,correo_emergencia,numero_telefono_emergencia) VALUES (345,483,'Cédula Extranjería','282265-7041','Carolyn H. Bailey','McCallum','lacus.Etiam@Donecfeugiat.edu','3963698');
INSERT INTO checkin (id_checkin,numero_vuelo,tipo_de_identificacion,numero_confirmacion_checkin,contacto_emergencia,ciudad_emergencia,correo_emergencia,numero_telefono_emergencia) VALUES (346,462,'Cédula Extranjería','112965-2655','Eliana N. Ellis','Hollogne-sur-Geer','Curabitur.consequat@egestashendrerit.net','5048703');
INSERT INTO checkin (id_checkin,numero_vuelo,tipo_de_identificacion,numero_confirmacion_checkin,contacto_emergencia,ciudad_emergencia,correo_emergencia,numero_telefono_emergencia) VALUES (347,479,'Cédula','366287-3193','Donna J. Parrish','Hull','nibh.sit.amet@ligulaDonec.com','7499340');
INSERT INTO checkin (id_checkin,numero_vuelo,tipo_de_identificacion,numero_confirmacion_checkin,contacto_emergencia,ciudad_emergencia,correo_emergencia,numero_telefono_emergencia) VALUES (348,449,'Cédula','682294-6437','Rafael I. Howell','San Donato di Ninea','mauris.aliquam@Nuncacsem.net','7478212');
INSERT INTO checkin (id_checkin,numero_vuelo,tipo_de_identificacion,numero_confirmacion_checkin,contacto_emergencia,ciudad_emergencia,correo_emergencia,numero_telefono_emergencia) VALUES (349,486,'Cédula Extranjería','422926-1815','Karyn Z. Gilmore','Ujjain','est@volutpatNulla.ca','8537167');
INSERT INTO checkin (id_checkin,numero_vuelo,tipo_de_identificacion,numero_confirmacion_checkin,contacto_emergencia,ciudad_emergencia,correo_emergencia,numero_telefono_emergencia) VALUES (350,440,'Pasaporte','296271-4974','Charlotte U. Moreno','Louisville','Maecenas@enimnon.edu','9523371');
INSERT INTO checkin (id_checkin,numero_vuelo,tipo_de_identificacion,numero_confirmacion_checkin,contacto_emergencia,ciudad_emergencia,correo_emergencia,numero_telefono_emergencia) VALUES (351,406,'Pasaporte','564062-3079','Jada Z. Guthrie','Rae Lakes','vitae.odio@duisemperet.org','3792009');
INSERT INTO checkin (id_checkin,numero_vuelo,tipo_de_identificacion,numero_confirmacion_checkin,contacto_emergencia,ciudad_emergencia,correo_emergencia,numero_telefono_emergencia) VALUES (352,472,'DNI','274077-3771','Rama F. Norris','Kulti-Barakar','nec.ligula.consectetuer@seddui.com','2304135');
INSERT INTO checkin (id_checkin,numero_vuelo,tipo_de_identificacion,numero_confirmacion_checkin,contacto_emergencia,ciudad_emergencia,correo_emergencia,numero_telefono_emergencia) VALUES (353,400,'DNI','764082-4665','Leilani R. Valenzuela','Bois-de-Villers','ipsum.primis@neccursus.com','8314230');
INSERT INTO checkin (id_checkin,numero_vuelo,tipo_de_identificacion,numero_confirmacion_checkin,contacto_emergencia,ciudad_emergencia,correo_emergencia,numero_telefono_emergencia) VALUES (354,480,'DNI','843382-0951','Karen W. Ferguson','Sesto al Reghena','Aenean.eget@utipsum.ca','5398606');
INSERT INTO checkin (id_checkin,numero_vuelo,tipo_de_identificacion,numero_confirmacion_checkin,contacto_emergencia,ciudad_emergencia,correo_emergencia,numero_telefono_emergencia) VALUES (355,441,'Cédula Extranjería','832864-7873','Brady K. Mckay','Chichester','montes.nascetur@nunc.edu','4066672');
INSERT INTO checkin (id_checkin,numero_vuelo,tipo_de_identificacion,numero_confirmacion_checkin,contacto_emergencia,ciudad_emergencia,correo_emergencia,numero_telefono_emergencia) VALUES (356,446,'DNI','256265-7367','Kane I. Lyons','Galzignano Terme','adipiscing@auctornunc.co.uk','5992318');
INSERT INTO checkin (id_checkin,numero_vuelo,tipo_de_identificacion,numero_confirmacion_checkin,contacto_emergencia,ciudad_emergencia,correo_emergencia,numero_telefono_emergencia) VALUES (357,411,'Cédula','825357-9638','Adam Q. George','Bendigo','ornare.egestas.ligula@adipiscinglacus.co.uk','5659518');
INSERT INTO checkin (id_checkin,numero_vuelo,tipo_de_identificacion,numero_confirmacion_checkin,contacto_emergencia,ciudad_emergencia,correo_emergencia,numero_telefono_emergencia) VALUES (358,452,'Pasaporte','318916-7814','Stone X. Velasquez','Vlissegem','Proin@arcuCurabitur.co.uk','2542150');
INSERT INTO checkin (id_checkin,numero_vuelo,tipo_de_identificacion,numero_confirmacion_checkin,contacto_emergencia,ciudad_emergencia,correo_emergencia,numero_telefono_emergencia) VALUES (359,426,'DNI','732078-8941','Kyle R. Chang','Spruce Grove','libero@eunibh.co.uk','1594639');
INSERT INTO checkin (id_checkin,numero_vuelo,tipo_de_identificacion,numero_confirmacion_checkin,contacto_emergencia,ciudad_emergencia,correo_emergencia,numero_telefono_emergencia) VALUES (360,484,'Pasaporte','923508-8862','Oliver P. Watts','Harlow','erat.vel.pede@purus.edu','7978961');
INSERT INTO checkin (id_checkin,numero_vuelo,tipo_de_identificacion,numero_confirmacion_checkin,contacto_emergencia,ciudad_emergencia,correo_emergencia,numero_telefono_emergencia) VALUES (361,426,'Cédula','505528-9416','Elliott X. Freeman','Leernes','condimentum@ornareplaceratorci.co.uk','2798183');
INSERT INTO checkin (id_checkin,numero_vuelo,tipo_de_identificacion,numero_confirmacion_checkin,contacto_emergencia,ciudad_emergencia,correo_emergencia,numero_telefono_emergencia) VALUES (362,473,'Cédula Extranjería','699931-9954','Quinn S. Farley','Gattatico','sagittis@urnasuscipit.org','9114223');
INSERT INTO checkin (id_checkin,numero_vuelo,tipo_de_identificacion,numero_confirmacion_checkin,contacto_emergencia,ciudad_emergencia,correo_emergencia,numero_telefono_emergencia) VALUES (363,458,'Pasaporte','127915-1839','Ciaran S. Kirk','Acquafondata','Integer@mi.edu','2593310');
INSERT INTO checkin (id_checkin,numero_vuelo,tipo_de_identificacion,numero_confirmacion_checkin,contacto_emergencia,ciudad_emergencia,correo_emergencia,numero_telefono_emergencia) VALUES (364,447,'Pasaporte','663471-5244','Orlando R. Anderson','Iqaluit','lacinia.vitae.sodales@loremac.net','3217847');
INSERT INTO checkin (id_checkin,numero_vuelo,tipo_de_identificacion,numero_confirmacion_checkin,contacto_emergencia,ciudad_emergencia,correo_emergencia,numero_telefono_emergencia) VALUES (365,495,'Cédula','805964-0824','Jayme G. Knight','Noicattaro','Integer.in@est.com','9891251');
INSERT INTO checkin (id_checkin,numero_vuelo,tipo_de_identificacion,numero_confirmacion_checkin,contacto_emergencia,ciudad_emergencia,correo_emergencia,numero_telefono_emergencia) VALUES (366,437,'Pasaporte','994151-6537','Buckminster Y. Mueller','Moustier-sur-Sambre','sit.amet@Nuncut.org','2786083');
INSERT INTO checkin (id_checkin,numero_vuelo,tipo_de_identificacion,numero_confirmacion_checkin,contacto_emergencia,ciudad_emergencia,correo_emergencia,numero_telefono_emergencia) VALUES (367,482,'Cédula','292484-9744','Benjamin K. Sykes','Wha Ti','adipiscing.elit.Curabitur@sitamet.ca','3680403');
INSERT INTO checkin (id_checkin,numero_vuelo,tipo_de_identificacion,numero_confirmacion_checkin,contacto_emergencia,ciudad_emergencia,correo_emergencia,numero_telefono_emergencia) VALUES (368,402,'DNI','742681-8584','Oleg J. Heath','Baileux','facilisis@eleifend.org','7182889');
INSERT INTO checkin (id_checkin,numero_vuelo,tipo_de_identificacion,numero_confirmacion_checkin,contacto_emergencia,ciudad_emergencia,correo_emergencia,numero_telefono_emergencia) VALUES (369,466,'DNI','119923-0143','Karyn N. Singleton','Bida','consectetuer.adipiscing@et.co.uk','2640985');
INSERT INTO checkin (id_checkin,numero_vuelo,tipo_de_identificacion,numero_confirmacion_checkin,contacto_emergencia,ciudad_emergencia,correo_emergencia,numero_telefono_emergencia) VALUES (370,464,'Pasaporte','455637-1419','Arthur O. Merritt','La Baie','orci@laciniaSed.net','2006782');
INSERT INTO checkin (id_checkin,numero_vuelo,tipo_de_identificacion,numero_confirmacion_checkin,contacto_emergencia,ciudad_emergencia,correo_emergencia,numero_telefono_emergencia) VALUES (371,400,'Cédula Extranjería','407502-9696','Hamish D. Turner','Aserrí','dui.lectus@sempercursusInteger.ca','8976369');
INSERT INTO checkin (id_checkin,numero_vuelo,tipo_de_identificacion,numero_confirmacion_checkin,contacto_emergencia,ciudad_emergencia,correo_emergencia,numero_telefono_emergencia) VALUES (372,460,'Cédula','037983-6885','Lillith I. Kemp','Vöcklabruck','risus.Morbi.metus@Intincidunt.com','1700625');
INSERT INTO checkin (id_checkin,numero_vuelo,tipo_de_identificacion,numero_confirmacion_checkin,contacto_emergencia,ciudad_emergencia,correo_emergencia,numero_telefono_emergencia) VALUES (373,434,'DNI','792053-5163','Hakeem F. Benjamin','Cisnes','Sed.et.libero@utodio.net','1197923');
INSERT INTO checkin (id_checkin,numero_vuelo,tipo_de_identificacion,numero_confirmacion_checkin,contacto_emergencia,ciudad_emergencia,correo_emergencia,numero_telefono_emergencia) VALUES (374,457,'Cédula Extranjería','356347-8464','Clio N. Duran','Huntsville','fringilla.ornare.placerat@Etiam.net','7989341');
INSERT INTO checkin (id_checkin,numero_vuelo,tipo_de_identificacion,numero_confirmacion_checkin,contacto_emergencia,ciudad_emergencia,correo_emergencia,numero_telefono_emergencia) VALUES (375,416,'Cédula Extranjería','787124-4211','Eric S. Banks','Lavoir','pede.ultrices@molestieorci.org','4416912');
INSERT INTO checkin (id_checkin,numero_vuelo,tipo_de_identificacion,numero_confirmacion_checkin,contacto_emergencia,ciudad_emergencia,correo_emergencia,numero_telefono_emergencia) VALUES (376,498,'Cédula Extranjería','245734-5144','Kyla C. Potter','Pace del Mela','dolor.Fusce.mi@diam.co.uk','8494592');
INSERT INTO checkin (id_checkin,numero_vuelo,tipo_de_identificacion,numero_confirmacion_checkin,contacto_emergencia,ciudad_emergencia,correo_emergencia,numero_telefono_emergencia) VALUES (377,427,'Pasaporte','569353-7903','Leroy B. Woods','Belvedere Ostrense','accumsan.neque@semperduilectus.org','2935043');
INSERT INTO checkin (id_checkin,numero_vuelo,tipo_de_identificacion,numero_confirmacion_checkin,contacto_emergencia,ciudad_emergencia,correo_emergencia,numero_telefono_emergencia) VALUES (378,438,'Cédula','554609-5372','Wallace N. Walker','Mahbubnagar','dictum.placerat@ipsum.edu','5235208');
INSERT INTO checkin (id_checkin,numero_vuelo,tipo_de_identificacion,numero_confirmacion_checkin,contacto_emergencia,ciudad_emergencia,correo_emergencia,numero_telefono_emergencia) VALUES (379,411,'Cédula','655174-3096','Jenna J. Leonard','Tullibody','ullamcorper.nisl.arcu@laoreet.net','6075658');
INSERT INTO checkin (id_checkin,numero_vuelo,tipo_de_identificacion,numero_confirmacion_checkin,contacto_emergencia,ciudad_emergencia,correo_emergencia,numero_telefono_emergencia) VALUES (380,402,'Cédula','319688-3197','Michelle S. Snider','Saint Louis','eu.lacus.Quisque@etmagna.edu','9039188');
INSERT INTO checkin (id_checkin,numero_vuelo,tipo_de_identificacion,numero_confirmacion_checkin,contacto_emergencia,ciudad_emergencia,correo_emergencia,numero_telefono_emergencia) VALUES (381,407,'Cédula Extranjería','552535-9088','Laurel T. Townsend','Acquafondata','semper.rutrum@scelerisque.com','8969454');
INSERT INTO checkin (id_checkin,numero_vuelo,tipo_de_identificacion,numero_confirmacion_checkin,contacto_emergencia,ciudad_emergencia,correo_emergencia,numero_telefono_emergencia) VALUES (382,490,'DNI','613716-9352','Logan T. Fowler','Bo''ness','orci@dolorNulla.org','6562815');
INSERT INTO checkin (id_checkin,numero_vuelo,tipo_de_identificacion,numero_confirmacion_checkin,contacto_emergencia,ciudad_emergencia,correo_emergencia,numero_telefono_emergencia) VALUES (383,490,'Cédula Extranjería','434533-7051','Lois F. Levy','Heusden-Zolder','luctus@elitNullafacilisi.co.uk','9828293');
INSERT INTO checkin (id_checkin,numero_vuelo,tipo_de_identificacion,numero_confirmacion_checkin,contacto_emergencia,ciudad_emergencia,correo_emergencia,numero_telefono_emergencia) VALUES (384,430,'Cédula Extranjería','673606-5753','Eric R. Boyd','Glauchau','tempus.non@augueporttitorinterdum.org','3987854');
INSERT INTO checkin (id_checkin,numero_vuelo,tipo_de_identificacion,numero_confirmacion_checkin,contacto_emergencia,ciudad_emergencia,correo_emergencia,numero_telefono_emergencia) VALUES (385,474,'Cédula','313157-8753','Carlos T. Beck','Coupar Angus','amet.consectetuer@convallisin.com','5274218');
INSERT INTO checkin (id_checkin,numero_vuelo,tipo_de_identificacion,numero_confirmacion_checkin,contacto_emergencia,ciudad_emergencia,correo_emergencia,numero_telefono_emergencia) VALUES (386,449,'DNI','217235-3373','Heidi X. Ellison','Langenburg','sollicitudin.a.malesuada@sagittisNullamvitae.ca','2206599');
INSERT INTO checkin (id_checkin,numero_vuelo,tipo_de_identificacion,numero_confirmacion_checkin,contacto_emergencia,ciudad_emergencia,correo_emergencia,numero_telefono_emergencia) VALUES (387,420,'Pasaporte','864156-3435','Charity X. Rose','Ahmadpur East','tellus@Duis.ca','2478978');
INSERT INTO checkin (id_checkin,numero_vuelo,tipo_de_identificacion,numero_confirmacion_checkin,contacto_emergencia,ciudad_emergencia,correo_emergencia,numero_telefono_emergencia) VALUES (388,458,'Cédula Extranjería','919624-6715','Hadassah S. Dean','San Luca','cursus.luctus.ipsum@Cras.co.uk','7003842');
INSERT INTO checkin (id_checkin,numero_vuelo,tipo_de_identificacion,numero_confirmacion_checkin,contacto_emergencia,ciudad_emergencia,correo_emergencia,numero_telefono_emergencia) VALUES (389,473,'Cédula Extranjería','358975-6067','Richard Y. Sykes','Forge-Philippe','pede@Aliquam.org','3952097');
INSERT INTO checkin (id_checkin,numero_vuelo,tipo_de_identificacion,numero_confirmacion_checkin,contacto_emergencia,ciudad_emergencia,correo_emergencia,numero_telefono_emergencia) VALUES (390,426,'DNI','232989-1580','Brandon G. Mullins','Prince Albert','neque@maurissapien.co.uk','3875921');
INSERT INTO checkin (id_checkin,numero_vuelo,tipo_de_identificacion,numero_confirmacion_checkin,contacto_emergencia,ciudad_emergencia,correo_emergencia,numero_telefono_emergencia) VALUES (391,417,'Cédula Extranjería','045555-4493','Kadeem X. Neal','Quimper','condimentum.eget@arcuvelquam.org','6124079');
INSERT INTO checkin (id_checkin,numero_vuelo,tipo_de_identificacion,numero_confirmacion_checkin,contacto_emergencia,ciudad_emergencia,correo_emergencia,numero_telefono_emergencia) VALUES (392,483,'DNI','558358-8230','Thane P. Herrera','Kapuskasing','enim@vulputate.ca','2799749');
INSERT INTO checkin (id_checkin,numero_vuelo,tipo_de_identificacion,numero_confirmacion_checkin,contacto_emergencia,ciudad_emergencia,correo_emergencia,numero_telefono_emergencia) VALUES (393,420,'DNI','836321-5453','Mannix G. William','Francavilla Fontana','tristique@sodalesat.edu','9291697');
INSERT INTO checkin (id_checkin,numero_vuelo,tipo_de_identificacion,numero_confirmacion_checkin,contacto_emergencia,ciudad_emergencia,correo_emergencia,numero_telefono_emergencia) VALUES (394,469,'DNI','106197-1105','Holmes R. Monroe','La Unión','elit.sed@dui.ca','8307778');
INSERT INTO checkin (id_checkin,numero_vuelo,tipo_de_identificacion,numero_confirmacion_checkin,contacto_emergencia,ciudad_emergencia,correo_emergencia,numero_telefono_emergencia) VALUES (395,406,'DNI','949829-1658','Nasim L. Nunez','Raymond','pede@sitametornare.edu','6572167');
INSERT INTO checkin (id_checkin,numero_vuelo,tipo_de_identificacion,numero_confirmacion_checkin,contacto_emergencia,ciudad_emergencia,correo_emergencia,numero_telefono_emergencia) VALUES (396,409,'Pasaporte','268412-7240','Macy U. Hickman','Stornaway','velit.justo@magna.co.uk','3019435');
INSERT INTO checkin (id_checkin,numero_vuelo,tipo_de_identificacion,numero_confirmacion_checkin,contacto_emergencia,ciudad_emergencia,correo_emergencia,numero_telefono_emergencia) VALUES (397,428,'DNI','435039-2264','Kendall K. Bright','Plauen','tempus.lorem@nislsem.com','8690819');
INSERT INTO checkin (id_checkin,numero_vuelo,tipo_de_identificacion,numero_confirmacion_checkin,contacto_emergencia,ciudad_emergencia,correo_emergencia,numero_telefono_emergencia) VALUES (398,481,'Pasaporte','866598-4962','Arsenio P. Mooney','Vijayawada','Maecenas.iaculis.aliquet@Morbi.ca','6093460');
INSERT INTO checkin (id_checkin,numero_vuelo,tipo_de_identificacion,numero_confirmacion_checkin,contacto_emergencia,ciudad_emergencia,correo_emergencia,numero_telefono_emergencia) VALUES (399,455,'Cédula Extranjería','192460-2095','Gary P. Brooks','Rosoux-Crenwick','fermentum.fermentum.arcu@nibhDonec.net','2435282');


--insert itinerario

    INSERT INTO itinerarios (id_itinerario,id_ruta,id_vuelo,id_avion,hora_estimada_salida,hora_estimada_llegada,hora_real_salida,hora_real_llegada,pais,id_aeropuerto) VALUES (200,377,433,241,'22:06','10:06','04:24','13:45','EL SALVADOR',1);
    INSERT INTO itinerarios (id_itinerario,id_ruta,id_vuelo,id_avion,hora_estimada_salida,hora_estimada_llegada,hora_real_salida,hora_real_llegada,pais,id_aeropuerto) VALUES (201,301,400,372,'13:23','15:24','17:55','21:28','EL SALVADOR',5);
    INSERT INTO itinerarios (id_itinerario,id_ruta,id_vuelo,id_avion,hora_estimada_salida,hora_estimada_llegada,hora_real_salida,hora_real_llegada,pais,id_aeropuerto) VALUES (202,313,495,398,'11:54','20:44','08:17','20:13','COLOMBIA',2);
    INSERT INTO itinerarios (id_itinerario,id_ruta,id_vuelo,id_avion,hora_estimada_salida,hora_estimada_llegada,hora_real_salida,hora_real_llegada,pais,id_aeropuerto) VALUES (203,315,427,382,'01:45','00:16','22:01','23:35','COLOMBIA',8);
    INSERT INTO itinerarios (id_itinerario,id_ruta,id_vuelo,id_avion,hora_estimada_salida,hora_estimada_llegada,hora_real_salida,hora_real_llegada,pais,id_aeropuerto) VALUES (204,335,491,371,'14:33','03:18','18:20','11:44','ESTADOS UNIDOS',6);
    INSERT INTO itinerarios (id_itinerario,id_ruta,id_vuelo,id_avion,hora_estimada_salida,hora_estimada_llegada,hora_real_salida,hora_real_llegada,pais,id_aeropuerto) VALUES (205,345,482,328,'03:31','20:22','10:26','20:12','EL SALVADOR',5);
    INSERT INTO itinerarios (id_itinerario,id_ruta,id_vuelo,id_avion,hora_estimada_salida,hora_estimada_llegada,hora_real_salida,hora_real_llegada,pais,id_aeropuerto) VALUES (206,310,401,374,'09:42','21:09','05:25','21:48','EL SALVADOR',7);
    INSERT INTO itinerarios (id_itinerario,id_ruta,id_vuelo,id_avion,hora_estimada_salida,hora_estimada_llegada,hora_real_salida,hora_real_llegada,pais,id_aeropuerto) VALUES (207,359,485,402,'20:26','14:21','00:04','20:03','COLOMBIA',8);
    INSERT INTO itinerarios (id_itinerario,id_ruta,id_vuelo,id_avion,hora_estimada_salida,hora_estimada_llegada,hora_real_salida,hora_real_llegada,pais,id_aeropuerto) VALUES (208,388,473,400,'03:00','12:57','16:49','12:53','EL SALVADOR',1);
    INSERT INTO itinerarios (id_itinerario,id_ruta,id_vuelo,id_avion,hora_estimada_salida,hora_estimada_llegada,hora_real_salida,hora_real_llegada,pais,id_aeropuerto) VALUES (209,384,455,355,'06:50','07:42','01:16','10:50','ESPAÑA',9);
    INSERT INTO itinerarios (id_itinerario,id_ruta,id_vuelo,id_avion,hora_estimada_salida,hora_estimada_llegada,hora_real_salida,hora_real_llegada,pais,id_aeropuerto) VALUES (210,341,476,349,'07:59','15:22','11:50','14:12','ESPAÑA',3);
    INSERT INTO itinerarios (id_itinerario,id_ruta,id_vuelo,id_avion,hora_estimada_salida,hora_estimada_llegada,hora_real_salida,hora_real_llegada,pais,id_aeropuerto) VALUES (211,395,427,278,'00:29','08:01','08:37','05:10','COLOMBIA',6);
    INSERT INTO itinerarios (id_itinerario,id_ruta,id_vuelo,id_avion,hora_estimada_salida,hora_estimada_llegada,hora_real_salida,hora_real_llegada,pais,id_aeropuerto) VALUES (212,353,429,302,'06:38','11:05','10:47','13:51','ESPAÑA',4);
    INSERT INTO itinerarios (id_itinerario,id_ruta,id_vuelo,id_avion,hora_estimada_salida,hora_estimada_llegada,hora_real_salida,hora_real_llegada,pais,id_aeropuerto) VALUES (213,354,472,273,'10:51','14:34','11:03','11:41','ESPAÑA',8);
    INSERT INTO itinerarios (id_itinerario,id_ruta,id_vuelo,id_avion,hora_estimada_salida,hora_estimada_llegada,hora_real_salida,hora_real_llegada,pais,id_aeropuerto) VALUES (214,327,478,315,'04:33','05:14','19:17','02:04','ESTADOS UNIDOS',2);
    INSERT INTO itinerarios (id_itinerario,id_ruta,id_vuelo,id_avion,hora_estimada_salida,hora_estimada_llegada,hora_real_salida,hora_real_llegada,pais,id_aeropuerto) VALUES (215,386,405,224,'18:11','16:00','14:06','09:51','PERU',9);
    INSERT INTO itinerarios (id_itinerario,id_ruta,id_vuelo,id_avion,hora_estimada_salida,hora_estimada_llegada,hora_real_salida,hora_real_llegada,pais,id_aeropuerto) VALUES (216,389,456,207,'08:59','18:43','18:51','14:48','EL SALVADOR',8);
    INSERT INTO itinerarios (id_itinerario,id_ruta,id_vuelo,id_avion,hora_estimada_salida,hora_estimada_llegada,hora_real_salida,hora_real_llegada,pais,id_aeropuerto) VALUES (217,399,452,309,'15:02','14:59','09:01','16:22','ESPAÑA',3);
    INSERT INTO itinerarios (id_itinerario,id_ruta,id_vuelo,id_avion,hora_estimada_salida,hora_estimada_llegada,hora_real_salida,hora_real_llegada,pais,id_aeropuerto) VALUES (218,366,415,235,'06:57','15:25','13:53','07:54','EL SALVADOR',5);
    INSERT INTO itinerarios (id_itinerario,id_ruta,id_vuelo,id_avion,hora_estimada_salida,hora_estimada_llegada,hora_real_salida,hora_real_llegada,pais,id_aeropuerto) VALUES (219,378,463,337,'18:36','19:21','08:14','02:06','COLOMBIA',3);
    INSERT INTO itinerarios (id_itinerario,id_ruta,id_vuelo,id_avion,hora_estimada_salida,hora_estimada_llegada,hora_real_salida,hora_real_llegada,pais,id_aeropuerto) VALUES (220,363,441,320,'22:51','00:54','01:07','12:44','COLOMBIA',6);
    INSERT INTO itinerarios (id_itinerario,id_ruta,id_vuelo,id_avion,hora_estimada_salida,hora_estimada_llegada,hora_real_salida,hora_real_llegada,pais,id_aeropuerto) VALUES (221,389,481,413,'15:04','17:43','22:48','02:10','ESTADOS UNIDOS',6);
    INSERT INTO itinerarios (id_itinerario,id_ruta,id_vuelo,id_avion,hora_estimada_salida,hora_estimada_llegada,hora_real_salida,hora_real_llegada,pais,id_aeropuerto) VALUES (222,389,430,316,'09:03','11:24','10:48','17:23','EL SALVADOR',5);
    INSERT INTO itinerarios (id_itinerario,id_ruta,id_vuelo,id_avion,hora_estimada_salida,hora_estimada_llegada,hora_real_salida,hora_real_llegada,pais,id_aeropuerto) VALUES (223,337,430,253,'14:28','19:28','12:05','07:47','COLOMBIA',5);
    INSERT INTO itinerarios (id_itinerario,id_ruta,id_vuelo,id_avion,hora_estimada_salida,hora_estimada_llegada,hora_real_salida,hora_real_llegada,pais,id_aeropuerto) VALUES (224,377,486,280,'07:05','23:21','16:49','09:43','EL SALVADOR',8);
    INSERT INTO itinerarios (id_itinerario,id_ruta,id_vuelo,id_avion,hora_estimada_salida,hora_estimada_llegada,hora_real_salida,hora_real_llegada,pais,id_aeropuerto) VALUES (225,388,403,212,'20:10','17:07','14:55','20:34','ESTADOS UNIDOS',4);
    INSERT INTO itinerarios (id_itinerario,id_ruta,id_vuelo,id_avion,hora_estimada_salida,hora_estimada_llegada,hora_real_salida,hora_real_llegada,pais,id_aeropuerto) VALUES (226,304,447,219,'01:14','21:13','21:50','05:03','EL SALVADOR',4);
    INSERT INTO itinerarios (id_itinerario,id_ruta,id_vuelo,id_avion,hora_estimada_salida,hora_estimada_llegada,hora_real_salida,hora_real_llegada,pais,id_aeropuerto) VALUES (227,311,442,229,'16:55','13:20','13:20','02:00','PERU',7);
    INSERT INTO itinerarios (id_itinerario,id_ruta,id_vuelo,id_avion,hora_estimada_salida,hora_estimada_llegada,hora_real_salida,hora_real_llegada,pais,id_aeropuerto) VALUES (228,320,484,230,'14:50','03:44','11:49','21:01','EL SALVADOR',4);
    INSERT INTO itinerarios (id_itinerario,id_ruta,id_vuelo,id_avion,hora_estimada_salida,hora_estimada_llegada,hora_real_salida,hora_real_llegada,pais,id_aeropuerto) VALUES (229,393,439,389,'19:22','07:39','10:29','05:51','PERU',9);
    INSERT INTO itinerarios (id_itinerario,id_ruta,id_vuelo,id_avion,hora_estimada_salida,hora_estimada_llegada,hora_real_salida,hora_real_llegada,pais,id_aeropuerto) VALUES (230,365,443,396,'13:30','07:51','17:04','03:34','PERU',5);
    INSERT INTO itinerarios (id_itinerario,id_ruta,id_vuelo,id_avion,hora_estimada_salida,hora_estimada_llegada,hora_real_salida,hora_real_llegada,pais,id_aeropuerto) VALUES (231,369,490,294,'22:28','04:14','19:20','01:22','EL SALVADOR',7);
    INSERT INTO itinerarios (id_itinerario,id_ruta,id_vuelo,id_avion,hora_estimada_salida,hora_estimada_llegada,hora_real_salida,hora_real_llegada,pais,id_aeropuerto) VALUES (232,396,487,220,'12:36','17:12','20:19','23:25','PERU',5);
    INSERT INTO itinerarios (id_itinerario,id_ruta,id_vuelo,id_avion,hora_estimada_salida,hora_estimada_llegada,hora_real_salida,hora_real_llegada,pais,id_aeropuerto) VALUES (233,327,432,353,'22:08','20:26','10:24','03:14','PERU',6);
    INSERT INTO itinerarios (id_itinerario,id_ruta,id_vuelo,id_avion,hora_estimada_salida,hora_estimada_llegada,hora_real_salida,hora_real_llegada,pais,id_aeropuerto) VALUES (234,387,439,270,'07:53','14:52','20:05','12:44','COLOMBIA',3);
    INSERT INTO itinerarios (id_itinerario,id_ruta,id_vuelo,id_avion,hora_estimada_salida,hora_estimada_llegada,hora_real_salida,hora_real_llegada,pais,id_aeropuerto) VALUES (235,344,448,276,'19:51','11:11','16:27','19:07','COLOMBIA',3);
    INSERT INTO itinerarios (id_itinerario,id_ruta,id_vuelo,id_avion,hora_estimada_salida,hora_estimada_llegada,hora_real_salida,hora_real_llegada,pais,id_aeropuerto) VALUES (236,377,457,297,'01:38','02:19','17:21','17:24','ESPAÑA',7);
    INSERT INTO itinerarios (id_itinerario,id_ruta,id_vuelo,id_avion,hora_estimada_salida,hora_estimada_llegada,hora_real_salida,hora_real_llegada,pais,id_aeropuerto) VALUES (237,393,415,344,'08:28','23:27','21:47','10:12','COLOMBIA',3);
    INSERT INTO itinerarios (id_itinerario,id_ruta,id_vuelo,id_avion,hora_estimada_salida,hora_estimada_llegada,hora_real_salida,hora_real_llegada,pais,id_aeropuerto) VALUES (238,303,437,329,'03:14','21:21','06:34','17:49','PERU',7);
    INSERT INTO itinerarios (id_itinerario,id_ruta,id_vuelo,id_avion,hora_estimada_salida,hora_estimada_llegada,hora_real_salida,hora_real_llegada,pais,id_aeropuerto) VALUES (239,398,407,371,'05:51','05:01','05:42','16:07','ESPAÑA',5);
    INSERT INTO itinerarios (id_itinerario,id_ruta,id_vuelo,id_avion,hora_estimada_salida,hora_estimada_llegada,hora_real_salida,hora_real_llegada,pais,id_aeropuerto) VALUES (240,312,475,353,'21:15','03:08','05:17','05:30','COLOMBIA',9);
    INSERT INTO itinerarios (id_itinerario,id_ruta,id_vuelo,id_avion,hora_estimada_salida,hora_estimada_llegada,hora_real_salida,hora_real_llegada,pais,id_aeropuerto) VALUES (241,366,468,234,'06:19','07:12','16:47','22:44','EL SALVADOR',5);
    INSERT INTO itinerarios (id_itinerario,id_ruta,id_vuelo,id_avion,hora_estimada_salida,hora_estimada_llegada,hora_real_salida,hora_real_llegada,pais,id_aeropuerto) VALUES (242,378,486,416,'05:47','10:30','22:59','14:51','ESTADOS UNIDOS',4);
    INSERT INTO itinerarios (id_itinerario,id_ruta,id_vuelo,id_avion,hora_estimada_salida,hora_estimada_llegada,hora_real_salida,hora_real_llegada,pais,id_aeropuerto) VALUES (243,370,435,382,'22:19','15:51','14:09','00:21','ESTADOS UNIDOS',8);
    INSERT INTO itinerarios (id_itinerario,id_ruta,id_vuelo,id_avion,hora_estimada_salida,hora_estimada_llegada,hora_real_salida,hora_real_llegada,pais,id_aeropuerto) VALUES (244,389,453,331,'10:42','06:42','03:10','19:34','COLOMBIA',4);
    INSERT INTO itinerarios (id_itinerario,id_ruta,id_vuelo,id_avion,hora_estimada_salida,hora_estimada_llegada,hora_real_salida,hora_real_llegada,pais,id_aeropuerto) VALUES (245,308,415,364,'00:20','06:45','01:59','02:46','COLOMBIA',5);
    INSERT INTO itinerarios (id_itinerario,id_ruta,id_vuelo,id_avion,hora_estimada_salida,hora_estimada_llegada,hora_real_salida,hora_real_llegada,pais,id_aeropuerto) VALUES (246,312,484,288,'11:42','19:37','07:02','12:44','PERU',8);
    INSERT INTO itinerarios (id_itinerario,id_ruta,id_vuelo,id_avion,hora_estimada_salida,hora_estimada_llegada,hora_real_salida,hora_real_llegada,pais,id_aeropuerto) VALUES (247,386,481,338,'15:26','06:05','08:17','16:31','ESPAÑA',3);
    INSERT INTO itinerarios (id_itinerario,id_ruta,id_vuelo,id_avion,hora_estimada_salida,hora_estimada_llegada,hora_real_salida,hora_real_llegada,pais,id_aeropuerto) VALUES (248,397,499,285,'08:17','02:30','04:49','05:11','EL SALVADOR',1);
    INSERT INTO itinerarios (id_itinerario,id_ruta,id_vuelo,id_avion,hora_estimada_salida,hora_estimada_llegada,hora_real_salida,hora_real_llegada,pais,id_aeropuerto) VALUES (249,333,451,312,'03:05','07:00','12:57','22:59','COLOMBIA',4);
    INSERT INTO itinerarios (id_itinerario,id_ruta,id_vuelo,id_avion,hora_estimada_salida,hora_estimada_llegada,hora_real_salida,hora_real_llegada,pais,id_aeropuerto) VALUES (250,388,472,307,'00:41','22:37','06:04','10:02','ESPAÑA',7);
    INSERT INTO itinerarios (id_itinerario,id_ruta,id_vuelo,id_avion,hora_estimada_salida,hora_estimada_llegada,hora_real_salida,hora_real_llegada,pais,id_aeropuerto) VALUES (251,386,451,397,'15:51','15:27','20:58','15:50','ESPAÑA',2);
    INSERT INTO itinerarios (id_itinerario,id_ruta,id_vuelo,id_avion,hora_estimada_salida,hora_estimada_llegada,hora_real_salida,hora_real_llegada,pais,id_aeropuerto) VALUES (252,355,439,281,'22:58','15:44','04:02','21:20','COLOMBIA',3);
    INSERT INTO itinerarios (id_itinerario,id_ruta,id_vuelo,id_avion,hora_estimada_salida,hora_estimada_llegada,hora_real_salida,hora_real_llegada,pais,id_aeropuerto) VALUES (253,392,450,327,'07:52','17:45','17:20','23:36','EL SALVADOR',6);
    INSERT INTO itinerarios (id_itinerario,id_ruta,id_vuelo,id_avion,hora_estimada_salida,hora_estimada_llegada,hora_real_salida,hora_real_llegada,pais,id_aeropuerto) VALUES (254,397,413,362,'15:22','04:48','12:28','07:28','COLOMBIA',5);
    INSERT INTO itinerarios (id_itinerario,id_ruta,id_vuelo,id_avion,hora_estimada_salida,hora_estimada_llegada,hora_real_salida,hora_real_llegada,pais,id_aeropuerto) VALUES (255,373,410,297,'16:06','17:46','08:21','18:43','COLOMBIA',4);
    INSERT INTO itinerarios (id_itinerario,id_ruta,id_vuelo,id_avion,hora_estimada_salida,hora_estimada_llegada,hora_real_salida,hora_real_llegada,pais,id_aeropuerto) VALUES (256,360,421,299,'08:51','00:20','16:42','23:26','ESTADOS UNIDOS',6);
    INSERT INTO itinerarios (id_itinerario,id_ruta,id_vuelo,id_avion,hora_estimada_salida,hora_estimada_llegada,hora_real_salida,hora_real_llegada,pais,id_aeropuerto) VALUES (257,399,490,386,'02:56','12:37','05:52','19:37','ESPAÑA',9);
    INSERT INTO itinerarios (id_itinerario,id_ruta,id_vuelo,id_avion,hora_estimada_salida,hora_estimada_llegada,hora_real_salida,hora_real_llegada,pais,id_aeropuerto) VALUES (258,368,457,397,'23:29','10:46','19:01','04:58','PERU',4);
    INSERT INTO itinerarios (id_itinerario,id_ruta,id_vuelo,id_avion,hora_estimada_salida,hora_estimada_llegada,hora_real_salida,hora_real_llegada,pais,id_aeropuerto) VALUES (259,397,424,307,'09:36','13:49','03:00','13:09','ESTADOS UNIDOS',4);
    INSERT INTO itinerarios (id_itinerario,id_ruta,id_vuelo,id_avion,hora_estimada_salida,hora_estimada_llegada,hora_real_salida,hora_real_llegada,pais,id_aeropuerto) VALUES (260,397,408,252,'07:36','15:34','23:52','02:23','COLOMBIA',5);
    INSERT INTO itinerarios (id_itinerario,id_ruta,id_vuelo,id_avion,hora_estimada_salida,hora_estimada_llegada,hora_real_salida,hora_real_llegada,pais,id_aeropuerto) VALUES (261,323,443,313,'06:34','23:56','06:55','01:46','EL SALVADOR',3);
    INSERT INTO itinerarios (id_itinerario,id_ruta,id_vuelo,id_avion,hora_estimada_salida,hora_estimada_llegada,hora_real_salida,hora_real_llegada,pais,id_aeropuerto) VALUES (262,314,440,325,'08:43','13:53','10:52','12:22','COLOMBIA',5);
    INSERT INTO itinerarios (id_itinerario,id_ruta,id_vuelo,id_avion,hora_estimada_salida,hora_estimada_llegada,hora_real_salida,hora_real_llegada,pais,id_aeropuerto) VALUES (263,309,429,270,'16:00','21:21','20:44','13:23','ESTADOS UNIDOS',9);
    INSERT INTO itinerarios (id_itinerario,id_ruta,id_vuelo,id_avion,hora_estimada_salida,hora_estimada_llegada,hora_real_salida,hora_real_llegada,pais,id_aeropuerto) VALUES (264,368,445,343,'21:18','10:19','20:05','13:52','ESPAÑA',7);
    INSERT INTO itinerarios (id_itinerario,id_ruta,id_vuelo,id_avion,hora_estimada_salida,hora_estimada_llegada,hora_real_salida,hora_real_llegada,pais,id_aeropuerto) VALUES (265,352,452,280,'01:44','10:12','17:41','17:53','ESTADOS UNIDOS',1);
    INSERT INTO itinerarios (id_itinerario,id_ruta,id_vuelo,id_avion,hora_estimada_salida,hora_estimada_llegada,hora_real_salida,hora_real_llegada,pais,id_aeropuerto) VALUES (266,309,409,379,'11:59','17:39','12:04','02:03','EL SALVADOR',8);
    INSERT INTO itinerarios (id_itinerario,id_ruta,id_vuelo,id_avion,hora_estimada_salida,hora_estimada_llegada,hora_real_salida,hora_real_llegada,pais,id_aeropuerto) VALUES (267,367,434,225,'03:13','14:30','23:12','08:23','PERU',9);
    INSERT INTO itinerarios (id_itinerario,id_ruta,id_vuelo,id_avion,hora_estimada_salida,hora_estimada_llegada,hora_real_salida,hora_real_llegada,pais,id_aeropuerto) VALUES (268,308,463,361,'07:39','20:05','03:26','14:46','COLOMBIA',3);
    INSERT INTO itinerarios (id_itinerario,id_ruta,id_vuelo,id_avion,hora_estimada_salida,hora_estimada_llegada,hora_real_salida,hora_real_llegada,pais,id_aeropuerto) VALUES (269,360,412,294,'22:25','19:15','19:41','14:41','COLOMBIA',9);
    INSERT INTO itinerarios (id_itinerario,id_ruta,id_vuelo,id_avion,hora_estimada_salida,hora_estimada_llegada,hora_real_salida,hora_real_llegada,pais,id_aeropuerto) VALUES (270,322,442,411,'05:31','06:18','19:10','22:24','ESTADOS UNIDOS',1);
    INSERT INTO itinerarios (id_itinerario,id_ruta,id_vuelo,id_avion,hora_estimada_salida,hora_estimada_llegada,hora_real_salida,hora_real_llegada,pais,id_aeropuerto) VALUES (271,311,475,413,'09:52','21:33','00:36','02:59','ESTADOS UNIDOS',9);
    INSERT INTO itinerarios (id_itinerario,id_ruta,id_vuelo,id_avion,hora_estimada_salida,hora_estimada_llegada,hora_real_salida,hora_real_llegada,pais,id_aeropuerto) VALUES (272,306,432,299,'20:06','15:18','16:46','05:24','EL SALVADOR',5);
    INSERT INTO itinerarios (id_itinerario,id_ruta,id_vuelo,id_avion,hora_estimada_salida,hora_estimada_llegada,hora_real_salida,hora_real_llegada,pais,id_aeropuerto) VALUES (273,396,465,226,'03:52','07:32','01:34','17:59','COLOMBIA',2);
    INSERT INTO itinerarios (id_itinerario,id_ruta,id_vuelo,id_avion,hora_estimada_salida,hora_estimada_llegada,hora_real_salida,hora_real_llegada,pais,id_aeropuerto) VALUES (274,330,400,402,'02:13','03:40','00:45','05:55','ESPAÑA',1);
    INSERT INTO itinerarios (id_itinerario,id_ruta,id_vuelo,id_avion,hora_estimada_salida,hora_estimada_llegada,hora_real_salida,hora_real_llegada,pais,id_aeropuerto) VALUES (275,324,476,382,'09:56','23:30','10:13','10:36','EL SALVADOR',9);
    INSERT INTO itinerarios (id_itinerario,id_ruta,id_vuelo,id_avion,hora_estimada_salida,hora_estimada_llegada,hora_real_salida,hora_real_llegada,pais,id_aeropuerto) VALUES (276,306,474,397,'11:27','22:04','20:45','19:32','ESTADOS UNIDOS',1);
    INSERT INTO itinerarios (id_itinerario,id_ruta,id_vuelo,id_avion,hora_estimada_salida,hora_estimada_llegada,hora_real_salida,hora_real_llegada,pais,id_aeropuerto) VALUES (277,345,406,267,'22:46','21:05','08:38','01:36','COLOMBIA',6);
    INSERT INTO itinerarios (id_itinerario,id_ruta,id_vuelo,id_avion,hora_estimada_salida,hora_estimada_llegada,hora_real_salida,hora_real_llegada,pais,id_aeropuerto) VALUES (278,349,477,412,'12:28','09:04','01:40','23:52','EL SALVADOR',5);
    INSERT INTO itinerarios (id_itinerario,id_ruta,id_vuelo,id_avion,hora_estimada_salida,hora_estimada_llegada,hora_real_salida,hora_real_llegada,pais,id_aeropuerto) VALUES (279,375,436,223,'17:58','22:34','18:53','12:49','PERU',6);
    INSERT INTO itinerarios (id_itinerario,id_ruta,id_vuelo,id_avion,hora_estimada_salida,hora_estimada_llegada,hora_real_salida,hora_real_llegada,pais,id_aeropuerto) VALUES (280,305,491,204,'17:10','12:18','16:38','20:08','ESTADOS UNIDOS',6);
    INSERT INTO itinerarios (id_itinerario,id_ruta,id_vuelo,id_avion,hora_estimada_salida,hora_estimada_llegada,hora_real_salida,hora_real_llegada,pais,id_aeropuerto) VALUES (281,341,444,295,'09:01','16:35','14:08','05:35','ESTADOS UNIDOS',5);
    INSERT INTO itinerarios (id_itinerario,id_ruta,id_vuelo,id_avion,hora_estimada_salida,hora_estimada_llegada,hora_real_salida,hora_real_llegada,pais,id_aeropuerto) VALUES (282,317,451,235,'13:28','11:13','04:46','12:28','ESTADOS UNIDOS',9);
    INSERT INTO itinerarios (id_itinerario,id_ruta,id_vuelo,id_avion,hora_estimada_salida,hora_estimada_llegada,hora_real_salida,hora_real_llegada,pais,id_aeropuerto) VALUES (283,390,433,230,'19:01','14:37','08:36','14:18','ESPAÑA',8);
    INSERT INTO itinerarios (id_itinerario,id_ruta,id_vuelo,id_avion,hora_estimada_salida,hora_estimada_llegada,hora_real_salida,hora_real_llegada,pais,id_aeropuerto) VALUES (284,370,492,361,'18:53','00:07','06:20','12:24','ESTADOS UNIDOS',6);
    INSERT INTO itinerarios (id_itinerario,id_ruta,id_vuelo,id_avion,hora_estimada_salida,hora_estimada_llegada,hora_real_salida,hora_real_llegada,pais,id_aeropuerto) VALUES (285,371,419,229,'08:22','22:53','22:24','17:31','COLOMBIA',2);
    INSERT INTO itinerarios (id_itinerario,id_ruta,id_vuelo,id_avion,hora_estimada_salida,hora_estimada_llegada,hora_real_salida,hora_real_llegada,pais,id_aeropuerto) VALUES (286,331,448,321,'03:28','04:57','21:10','07:44','COLOMBIA',5);
    INSERT INTO itinerarios (id_itinerario,id_ruta,id_vuelo,id_avion,hora_estimada_salida,hora_estimada_llegada,hora_real_salida,hora_real_llegada,pais,id_aeropuerto) VALUES (287,391,428,397,'03:08','07:19','22:11','10:58','COLOMBIA',2);
    INSERT INTO itinerarios (id_itinerario,id_ruta,id_vuelo,id_avion,hora_estimada_salida,hora_estimada_llegada,hora_real_salida,hora_real_llegada,pais,id_aeropuerto) VALUES (288,309,498,354,'11:08','10:46','06:35','07:13','EL SALVADOR',9);
    INSERT INTO itinerarios (id_itinerario,id_ruta,id_vuelo,id_avion,hora_estimada_salida,hora_estimada_llegada,hora_real_salida,hora_real_llegada,pais,id_aeropuerto) VALUES (289,369,481,298,'14:37','16:06','20:58','03:54','ESPAÑA',4);
    INSERT INTO itinerarios (id_itinerario,id_ruta,id_vuelo,id_avion,hora_estimada_salida,hora_estimada_llegada,hora_real_salida,hora_real_llegada,pais,id_aeropuerto) VALUES (290,325,407,273,'19:52','12:45','21:36','03:36','ESTADOS UNIDOS',2);
    INSERT INTO itinerarios (id_itinerario,id_ruta,id_vuelo,id_avion,hora_estimada_salida,hora_estimada_llegada,hora_real_salida,hora_real_llegada,pais,id_aeropuerto) VALUES (291,356,428,320,'17:22','01:20','01:06','07:23','ESTADOS UNIDOS',3);
    INSERT INTO itinerarios (id_itinerario,id_ruta,id_vuelo,id_avion,hora_estimada_salida,hora_estimada_llegada,hora_real_salida,hora_real_llegada,pais,id_aeropuerto) VALUES (292,311,449,396,'16:51','00:52','18:51','01:24','ESTADOS UNIDOS',4);
    INSERT INTO itinerarios (id_itinerario,id_ruta,id_vuelo,id_avion,hora_estimada_salida,hora_estimada_llegada,hora_real_salida,hora_real_llegada,pais,id_aeropuerto) VALUES (293,329,430,203,'04:19','01:55','01:07','19:33','ESPAÑA',5);
    INSERT INTO itinerarios (id_itinerario,id_ruta,id_vuelo,id_avion,hora_estimada_salida,hora_estimada_llegada,hora_real_salida,hora_real_llegada,pais,id_aeropuerto) VALUES (294,313,435,416,'18:20','09:28','23:36','01:29','COLOMBIA',3);
    INSERT INTO itinerarios (id_itinerario,id_ruta,id_vuelo,id_avion,hora_estimada_salida,hora_estimada_llegada,hora_real_salida,hora_real_llegada,pais,id_aeropuerto) VALUES (295,342,470,402,'07:11','13:01','12:01','20:26','COLOMBIA',8);
    INSERT INTO itinerarios (id_itinerario,id_ruta,id_vuelo,id_avion,hora_estimada_salida,hora_estimada_llegada,hora_real_salida,hora_real_llegada,pais,id_aeropuerto) VALUES (296,382,454,213,'12:40','22:58','19:52','18:45','ESTADOS UNIDOS',6);
    INSERT INTO itinerarios (id_itinerario,id_ruta,id_vuelo,id_avion,hora_estimada_salida,hora_estimada_llegada,hora_real_salida,hora_real_llegada,pais,id_aeropuerto) VALUES (297,362,446,358,'01:05','05:36','17:16','23:57','PERU',8);
    INSERT INTO itinerarios (id_itinerario,id_ruta,id_vuelo,id_avion,hora_estimada_salida,hora_estimada_llegada,hora_real_salida,hora_real_llegada,pais,id_aeropuerto) VALUES (298,320,474,396,'22:01','04:17','20:24','05:41','ESTADOS UNIDOS',4);
    INSERT INTO itinerarios (id_itinerario,id_ruta,id_vuelo,id_avion,hora_estimada_salida,hora_estimada_llegada,hora_real_salida,hora_real_llegada,pais,id_aeropuerto) VALUES (299,325,420,340,'20:19','09:02','21:49','22:14','ESPAÑA',2);
